Date,Month,Season,RaceNo,RaceClass,Venue,Track,Course,Going,Distance,FieldSize,FieldSizeBucket,Horse,HorseID,Jockey,Trainer,Draw,DrawBand,DrawBucket,ActualWt,WtBucket,HorseWt,Odds,OddsBucket,Rank,Win,Place
2025-09-07,2025-09,25/26,4,Class 4,沙田,Turf,蓮花山讓賽,第四班 - 1000米 - (60-40),1000,14,large14+,慣勝金帥(K412),K412,奧爾民,蔡約翰,4,Inside,4-6,127,Med-Heavy (127-130),1142,111.0,Outsider (50+),13,0,0
2025-09-07,2025-09,25/26,4,Class 4,沙田,Turf,蓮花山讓賽,第四班 - 1000米 - (60-40),1000,14,large14+,馬主精英(K437),K437,董明朗,蘇偉賢,10,Outside,10+,128,Med-Heavy (127-130),1119,52.0,Outsider (50+),10,0,0
2025-09-07,2025-09,25/26,6,Class 4,沙田,Turf,馬鞍山讓賽,第四班 - 1200米 - (60-40),1200,14,large14+,同有運(H349),H349,奧爾民,伍鵬志,10,Outside,10+,129,Med-Heavy (127-130),1082,149.0,Outsider (50+),4,0,0
2025-09-07,2025-09,25/26,7,Class 4,沙田,Turf,馬鞍山讓賽,第四班 - 1200米 - (60-40),1200,14,large14+,凱旋王者(K240),K240,梁家俊,羅富全,8,Middle,7-9,130,Med-Heavy (127-130),1135,87.0,Outsider (50+),2,0,1
2025-09-14,2025-09,25/26,6,Class 4,沙田,Turf,東華三院挑戰盃（讓賽）,第四班 - 1200米 - (60-40),1200,14,large14+,一世美麗(K489),K489,田泰安,蔡約翰,12,Outside,10+,132,Heavy (131+),1229,23.0,Longshot (20-50),5,0,0
2025-09-14,2025-09,25/26,7,Class 3,沙田,Turf,美東讓賽,第三班 - 1000米 - (80-60),1000,11,small<=11,顏色勇士(K366),K366,班德禮,沈集成,11,Outside,10+,122,Medium (121-126),1170,101.0,Outsider (50+),10,0,0
2025-09-14,2025-09,25/26,8,Class 4,沙田,Turf,樂華讓賽,第四班 - 1200米 - (60-40),1200,14,large14+,有情有義(K416),K416,董明朗,蘇偉賢,6,Middle,4-6,131,Heavy (131+),1142,33.0,Longshot (20-50),3,0,1
2025-09-14,2025-09,25/26,9,Class 3,沙田,AWT,愛東讓賽,第三班 - 1200米 - (80-60),1200,12,med12-13,金蘭兄弟(K510),K510,巴度,黎昭昇,12,Outside,10+,120,Med-Light (116-120),1089,74.0,Outsider (50+),12,0,0
2025-09-21,2025-09,25/26,2,Class 4,沙田,Turf,三聖讓賽,第四班（條件限制） - 1200米 - (60-40),1200,11,small<=11,靖哥哥(K503),K503,周俊樂,葉楚航,4,Middle,4-6,124,Medium (121-126),1074,36.0,Longshot (20-50),9,0,0
2025-09-21,2025-09,25/26,3,Class 4,沙田,Turf,二澳讓賽,第四班 - 1200米 - (60-40),1200,12,med12-13,洪才(K487),K487,布文,蘇偉賢,10,Outside,10+,128,Med-Heavy (127-130),1045,12.0,Mid (10-20),3,0,1
2025-09-21,2025-09,25/26,6,Class 3,沙田,Turf,畢馬威八十周年盃（讓賽）,第三班 - 1200米 - (80-60),1200,12,med12-13,勝於藍(K476),K476,何澤堯,伍鵬志,12,Outside,10+,128,Med-Heavy (127-130),1230,19.0,Mid (10-20),10,0,0
2025-09-28,2025-09,25/26,2,Class 4,沙田,Turf,鸚鵡讓賽,第四班 - 1000米 - (60-40),1000,14,large14+,旺旺昇叻(K070),K070,艾兆禮,廖康銘,4,Inside,4-6,127,Med-Heavy (127-130),1058,25.0,Longshot (20-50),11,0,0
2025-09-28,2025-09,25/26,2,Class 4,沙田,Turf,鸚鵡讓賽,第四班 - 1000米 - (60-40),1000,14,large14+,小魔怪(K391),K391,周俊樂,巫偉傑,6,Middle,4-6,125,Medium (121-126),1158,55.0,Outsider (50+),4,0,0
2025-09-28,2025-09,25/26,5,Class 4,沙田,Turf,伯勞讓賽,第四班 - 1200米 - (60-40),1200,12,med12-13,砂漿麒星(K333),K333,周俊樂,伍鵬志,10,Outside,10+,126,Medium (121-126),1090,143.0,Outsider (50+),11,0,0
2025-09-28,2025-09,25/26,5,Class 4,沙田,Turf,伯勞讓賽,第四班 - 1200米 - (60-40),1200,12,med12-13,包裝戰將(K442),K442,潘頓,呂健威,6,Middle,4-6,128,Med-Heavy (127-130),1213,1.5,Hot Fav (<3),1,1,1
2025-09-28,2025-09,25/26,7,Class 3,沙田,Turf,杜鵑讓賽,第三班 - 1200米 - (80-60),1200,12,med12-13,久久為昇(K516),K516,潘明輝,賀賢,11,Outside,10+,125,Medium (121-126),1043,45.0,Longshot (20-50),2,0,1
2025-09-28,2025-09,25/26,10,Class 3,沙田,Turf,畫眉讓賽,第三班 - 1400米 - (80-60),1400,14,large14+,太子(K362),K362,何澤堯,伍鵬志,12,Outside,10+,126,Medium (121-126),1048,68.0,Outsider (50+),13,0,0
2025-09-28,2025-09,25/26,10,Class 3,沙田,Turf,畫眉讓賽,第三班 - 1400米 - (80-60),1400,14,large14+,家傳之寶(K490),K490,希威森,韋達,9,Middle,7-9,122,Medium (121-126),1062,164.0,Outsider (50+),14,0,0
2025-10-01,2025-10,25/26,2,Class 4,沙田,Turf,重慶讓賽,第四班 - 1200米 - (60-40),1200,14,large14+,開心菓(K388),K388,田泰安,蔡約翰,5,Middle,4-6,129,Med-Heavy (127-130),1093,84.0,Outsider (50+),6,0,0
2025-10-01,2025-10,25/26,2,Class 4,沙田,Turf,重慶讓賽,第四班 - 1200米 - (60-40),1200,14,large14+,勇敢孖寶(K421),K421,何澤堯,呂健威,3,Inside,1-3,129,Med-Heavy (127-130),1152,39.0,Longshot (20-50),7,0,0
2025-10-01,2025-10,25/26,2,Class 4,沙田,Turf,重慶讓賽,第四班 - 1200米 - (60-40),1200,14,large14+,事事感恩(K505),K505,班德禮,沈集成,1,Inside,1-3,129,Med-Heavy (127-130),1181,103.0,Outsider (50+),11,0,0
2025-10-01,2025-10,25/26,4,Class 4,沙田,Turf,重慶讓賽,第四班 - 1200米 - (60-40),1200,13,med12-13,嵐臣(K438),K438,周俊樂,巫偉傑,11,Outside,10+,126,Medium (121-126),1156,123.0,Outsider (50+),12,0,0
2025-10-01,2025-10,25/26,4,Class 4,沙田,Turf,重慶讓賽,第四班 - 1200米 - (60-40),1200,13,med12-13,英駿威楓(K501),K501,巴度,賀賢,10,Outside,10+,128,Med-Heavy (127-130),1197,111.0,Outsider (50+),13,0,0
2025-10-04,2025-10,25/26,4,Class 4,沙田,Turf,北潭坳讓賽,第四班 - 1400米 - (60-40),1400,14,large14+,敬蝦王(K393),K393,黃智弘,沈集成,8,Middle,7-9,122,Medium (121-126),1196,59.0,Outsider (50+),13,0,0
2025-10-04,2025-10,25/26,5,Class 4,沙田,Turf,南灣讓賽,第四班 - 1200米 - (60-40),1200,14,large14+,家樂寶駒(K300),K300,潘大衛,游達榮,7,Middle,7-9,128,Med-Heavy (127-130),1126,30.0,Longshot (20-50),10,0,0
2025-10-04,2025-10,25/26,5,Class 4,沙田,Turf,南灣讓賽,第四班 - 1200米 - (60-40),1200,14,large14+,發財金戈(K457),K457,班德禮,丁冠豪,13,Outside,10+,128,Med-Heavy (127-130),1211,37.0,Longshot (20-50),14,0,0
2025-10-04,2025-10,25/26,7,Class 3,沙田,Turf,香港評馬同業協進會四十周年紀念盃（讓賽）,第三班 - 1000米 - (85-60),1000,14,large14+,巴閉王(K479),K479,巴度,呂健威,5,Middle,4-6,115,Light (<=115),1057,24.0,Longshot (20-50),14,0,0
2025-10-04,2025-10,25/26,10,Class 3,沙田,Turf,南朗山讓賽,第三班 - 1800米 - (85-60),1800,14,large14+,揀馬之皇(K397),K397,巴度,巫偉傑,2,Inside,1-3,119,Med-Light (116-120),1040,99.0,Outsider (50+),14,0,0
2025-10-12,2025-10,25/26,2,Class 4,沙田,Turf,國瑞讓賽,第四班 - 1200米 - (60-40),1200,11,small<=11,快活同盟(K316),K316,何澤堯,呂健威,7,Middle,7-9,131,Heavy (131+),1250,86.0,Outsider (50+),11,0,0
2025-10-12,2025-10,25/26,3,Class 4,沙田,AWT,老圍讓賽,第四班 - 1200米 - (60-40),1200,12,med12-13,彩虹戰士(K348),K348,霍宏聲,韋達,3,Inside,1-3,132,Heavy (131+),1074,63.0,Outsider (50+),11,0,0
2025-10-12,2025-10,25/26,4,Class 4,沙田,Turf,沙咀讓賽,第四班 - 1400米 - (60-40),1400,14,large14+,榮耀掌星(K439),K439,霍宏聲,廖康銘,10,Outside,10+,127,Med-Heavy (127-130),1147,22.0,Longshot (20-50),7,0,0
2025-10-12,2025-10,25/26,5,Class 4,沙田,Turf,仁濟盃（讓賽）,第四班 - 1200米 - (60-40),1200,12,med12-13,福聚(K410),K410,布文,賀賢,1,Inside,1-3,128,Med-Heavy (127-130),1153,14.0,Mid (10-20),2,0,1
2025-10-12,2025-10,25/26,6,Class 4,沙田,Turf,深井讓賽,第四班 - 1600米 - (60-40),1600,14,large14+,揚威四海(K120),K120,楊明綸,韋達,1,Inside,1-3,127,Med-Heavy (127-130),1065,66.0,Outsider (50+),11,0,0
2025-10-12,2025-10,25/26,7,Class 3,沙田,Turf,中華游樂會挑戰盃（讓賽）,第三班 - 1200米 - (80-60),1200,11,small<=11,仁者荃承(K496),K496,潘明輝,姚本輝,9,Outside,7-9,122,Medium (121-126),1078,57.0,Outsider (50+),9,0,0
2025-10-12,2025-10,25/26,7,Class 3,沙田,Turf,中華游樂會挑戰盃（讓賽）,第三班 - 1200米 - (80-60),1200,11,small<=11,吉星騎士(K518),K518,楊明綸,大衛希斯,5,Middle,4-6,123,Medium (121-126),1141,66.0,Outsider (50+),10,0,0
2025-10-12,2025-10,25/26,10,Class 3,沙田,Turf,油柑頭讓賽,第三班 - 1400米 - (80-60),1400,14,large14+,開心三寶(K511),K511,潘頓,呂健威,3,Inside,1-3,120,Med-Light (116-120),1151,3.3,Fav (3-6),8,0,0
2025-10-15,2025-10,25/26,2,Class 4,跑馬地,Turf,紅鸞讓賽,第四班 - 1650米 - (60-40),1650,12,med12-13,大太陽(K466),K466,周俊樂,沈集成,4,Inside,4-6,127,Med-Heavy (127-130),1080,67.0,Outsider (50+),12,0,0
2025-10-15,2025-10,25/26,4,Class 4,跑馬地,Turf,鳳舞讓賽,第四班 - 1200米 - (60-40),1200,12,med12-13,明天更好(K486),K486,艾兆禮,廖康銘,7,Middle,7-9,129,Med-Heavy (127-130),1226,10.0,Mid (10-20),7,0,0
2025-10-15,2025-10,25/26,6,Class 4,跑馬地,Turf,鳳舞讓賽,第四班 - 1200米 - (60-40),1200,12,med12-13,連連好運(K500),K500,艾兆禮,文家良,8,Middle,7-9,127,Med-Heavy (127-130),1218,39.0,Longshot (20-50),8,0,0
2025-10-15,2025-10,25/26,8,Class 3,跑馬地,Turf,鶴園讓賽,第三班 - 1200米 - (80-60),1200,12,med12-13,將睿(K356),K356,艾兆禮,游達榮,12,Outside,10+,123,Medium (121-126),1089,44.0,Longshot (20-50),11,0,0
2025-10-15,2025-10,25/26,8,Class 3,跑馬地,Turf,鶴園讓賽,第三班 - 1200米 - (80-60),1200,12,med12-13,平天雄(K407),K407,金誠剛,姚本輝,8,Middle,7-9,120,Med-Light (116-120),1209,52.0,Outsider (50+),10,0,0
2025-10-19,2025-10,25/26,2,Class 4,沙田,Turf,新田圍讓賽,第四班 - 1000米 - (60-40),1000,14,large14+,勁駿齊心(K219),K219,巫顯東,蘇偉賢,2,Inside,1-3,123,Medium (121-126),1222,105.0,Outsider (50+),12,0,0
2025-10-19,2025-10,25/26,2,Class 4,沙田,Turf,新田圍讓賽,第四班 - 1000米 - (60-40),1000,14,large14+,鳳翼天翔(K404),K404,艾道拿,伍鵬志,14,Outside,10+,125,Medium (121-126),1172,70.0,Outsider (50+),13,0,0
2025-10-19,2025-10,25/26,2,Class 4,沙田,Turf,新田圍讓賽,第四班 - 1000米 - (60-40),1000,14,large14+,踏雪尋梅(K451),K451,霍宏聲,韋達,9,Middle,7-9,125,Medium (121-126),1143,72.0,Outsider (50+),4,0,0
2025-10-19,2025-10,25/26,2,Class 4,沙田,Turf,新田圍讓賽,第四班 - 1000米 - (60-40),1000,14,large14+,俏眼光(L003),L003,田泰安,蔡約翰,10,Outside,10+,125,Medium (121-126),1098,48.0,Longshot (20-50),6,0,0
2025-10-19,2025-10,25/26,3,Class 4,沙田,Turf,秦石讓賽,第四班 - 1800米 - (60-40),1800,14,large14+,佰勝金龍(K458),K458,周俊樂,巫偉傑,12,Outside,10+,127,Med-Heavy (127-130),1100,152.0,Outsider (50+),11,0,0
2025-10-22,2025-10,25/26,1,Class 4,跑馬地,Turf,風馳讓賽,第四班 - 1000米 - (60-40),1000,12,med12-13,飛來霸(K284),K284,田泰安,賀賢,4,Inside,4-6,129,Med-Heavy (127-130),1053,31.0,Longshot (20-50),11,0,0
2025-10-22,2025-10,25/26,1,Class 4,跑馬地,Turf,風馳讓賽,第四班 - 1000米 - (60-40),1000,12,med12-13,精算奕然(K295),K295,周俊樂,鄭俊偉,6,Middle,4-6,127,Med-Heavy (127-130),1076,24.0,Longshot (20-50),2,0,1
2025-10-22,2025-10,25/26,1,Class 4,跑馬地,Turf,風馳讓賽,第四班 - 1000米 - (60-40),1000,12,med12-13,多多好馬(K403),K403,黃智弘,沈集成,1,Inside,1-3,124,Medium (121-126),991,29.0,Longshot (20-50),10,0,0
2025-10-22,2025-10,25/26,9,Class 3,跑馬地,Turf,飛行讓賽,第三班 - 1200米 - (80-60),1200,12,med12-13,非凡之選(K568),K568,潘大衛,蘇偉賢,3,Inside,1-3,119,Med-Light (116-120),1052,50.0,Outsider (50+),11,0,0
2025-10-26,2025-10,25/26,2,Class 4,沙田,Turf,PANASONIC電視機讓賽,第四班（條件限制） - 1200米 - (60-40),1200,14,large14+,大愛無疆(K235),K235,奧爾民,廖康銘,14,Outside,10+,127,Med-Heavy (127-130),1113,2.8,Hot Fav (<3),1,1,1
2025-10-26,2025-10,25/26,2,Class 4,沙田,Turf,PANASONIC電視機讓賽,第四班（條件限制） - 1200米 - (60-40),1200,14,large14+,一路精彩(K354),K354,潘大衛,呂健威,7,Middle,7-9,127,Med-Heavy (127-130),1198,75.0,Outsider (50+),7,0,0
2025-10-26,2025-10,25/26,2,Class 4,沙田,Turf,PANASONIC電視機讓賽,第四班（條件限制） - 1200米 - (60-40),1200,14,large14+,金絲楠木(K527),K527,周俊樂,葉楚航,3,Inside,1-3,125,Medium (121-126),1155,29.0,Longshot (20-50),10,0,0
2025-10-26,2025-10,25/26,2,Class 4,沙田,Turf,PANASONIC電視機讓賽,第四班（條件限制） - 1200米 - (60-40),1200,14,large14+,超智多寶(K541),K541,布文,黎昭昇,13,Outside,10+,127,Med-Heavy (127-130),1194,58.0,Outsider (50+),12,0,0
2025-10-26,2025-10,25/26,2,Class 4,沙田,Turf,PANASONIC電視機讓賽,第四班（條件限制） - 1200米 - (60-40),1200,14,large14+,佐治傳奇(L007),L007,潘頓,伍鵬志,8,Middle,7-9,127,Med-Heavy (127-130),1087,12.0,Mid (10-20),2,0,1
2025-10-26,2025-10,25/26,3,Class 4,沙田,Turf,樂聲牌專門店讓賽,第四班 - 1200米 - (60-40),1200,14,large14+,勤德天下(K327),K327,潘明輝,鄭俊偉,13,Outside,10+,126,Medium (121-126),1115,79.0,Outsider (50+),7,0,0
2025-10-26,2025-10,25/26,3,Class 4,沙田,Turf,樂聲牌專門店讓賽,第四班 - 1200米 - (60-40),1200,14,large14+,勝在當下(K532),K532,巴度,羅富全,14,Outside,10+,126,Medium (121-126),1094,104.0,Outsider (50+),10,0,0
2025-10-26,2025-10,25/26,3,Class 4,沙田,Turf,樂聲牌專門店讓賽,第四班 - 1200米 - (60-40),1200,14,large14+,韋少寶(K540),K540,布文,葉楚航,12,Outside,10+,126,Medium (121-126),1044,71.0,Outsider (50+),8,0,0
2025-10-26,2025-10,25/26,3,Class 4,沙田,Turf,樂聲牌專門店讓賽,第四班 - 1200米 - (60-40),1200,14,large14+,心愛的(K584),K584,奧爾民,蔡約翰,3,Inside,1-3,126,Medium (121-126),1115,88.0,Outsider (50+),13,0,0
2025-10-26,2025-10,25/26,6,Class 2,沙田,Turf,樂聲盃（讓賽）,第二班 - 1600米 - (105-75),1600,13,med12-13,睿盛人生(K507),K507,黃寶妮,伍鵬志,6,Middle,4-6,108,Light (<=115),1068,33.0,Longshot (20-50),1,1,1
2025-10-26,2025-10,25/26,9,Class 3,沙田,Turf,TECHNICS耳機讓賽,第三班 - 1000米 - (80-60),1000,14,large14+,紫荊盛勢(K478),K478,班德禮,羅富全,5,Middle,4-6,125,Medium (121-126),1207,34.0,Longshot (20-50),6,0,0
2025-10-26,2025-10,25/26,9,Class 3,沙田,Turf,TECHNICS耳機讓賽,第三班 - 1000米 - (80-60),1000,14,large14+,星運傳奇(L019),L019,何澤堯,方嘉柏,9,Middle,7-9,123,Medium (121-126),1242,2.8,Hot Fav (<3),1,1,1
2025-10-30,2025-10,25/26,8,Class 3,沙田,AWT,大金鐘讓賽,第三班 - 1650米 - (85-60),1650,14,large14+,精英王牌(K535),K535,潘大衛,羅富全,5,Middle,4-6,118,Med-Light (116-120),1169,52.0,Outsider (50+),14,0,0
2025-11-02,2025-11,25/26,4,Class 4,跑馬地,Turf,汕頭讓賽,第四班 - 1000米 - (60-40),1000,12,med12-13,綫路樂樂(K482),K482,希威森,大衛希斯,5,Middle,4-6,127,Med-Heavy (127-130),1074,68.0,Outsider (50+),11,0,0
2025-11-02,2025-11,25/26,7,Class 3,跑馬地,Turf,廣東讓賽盃（讓賽）,第三班 - 1000米 - (80-60),1000,12,med12-13,藍地球(K468),K468,艾兆禮,伍鵬志,5,Middle,4-6,119,Med-Light (116-120),1130,39.0,Longshot (20-50),6,0,0
2025-11-02,2025-11,25/26,7,Class 3,跑馬地,Turf,廣東讓賽盃（讓賽）,第三班 - 1000米 - (80-60),1000,12,med12-13,六三千里(K513),K513,希威森,廖康銘,12,Outside,10+,122,Medium (121-126),1237,78.0,Outsider (50+),9,0,0
2025-11-02,2025-11,25/26,7,Class 3,跑馬地,Turf,廣東讓賽盃（讓賽）,第三班 - 1000米 - (80-60),1000,12,med12-13,川河石駒(K548),K548,潘大衛,方嘉柏,4,Inside,4-6,121,Medium (121-126),1100,42.0,Longshot (20-50),3,0,1
2025-11-05,2025-11,25/26,3,Class 4,跑馬地,Turf,京都讓賽,第四班 - 1200米 - (60-40),1200,12,med12-13,機不可失(K417),K417,何澤堯,呂健威,5,Middle,4-6,129,Med-Heavy (127-130),1173,39.0,Longshot (20-50),3,0,1
2025-11-05,2025-11,25/26,5,Class 4,跑馬地,Turf,日本中央競馬會錦標（讓賽）,第四班 - 1200米 - (60-40),1200,12,med12-13,美好夢想(K329),K329,楊明綸,大衛希斯,8,Middle,7-9,127,Med-Heavy (127-130),1211,22.0,Longshot (20-50),7,0,0
2025-11-05,2025-11,25/26,8,Class 3,跑馬地,Turf,中山讓賽,第三班 - 1200米 - (80-60),1200,12,med12-13,驍將(K567),K567,鍾易禮,告東尼,9,Outside,7-9,129,Med-Heavy (127-130),1045,53.0,Outsider (50+),5,0,0
2025-11-09,2025-11,25/26,2,Class 4,沙田,Turf,GRACE ONE讓賽,第四班 - 1000米 - (60-40),1000,14,large14+,駿皇逸(K330),K330,黃寶妮,文家良,8,Middle,7-9,120,Med-Light (116-120),1206,48.0,Longshot (20-50),13,0,0
2025-11-09,2025-11,25/26,2,Class 4,沙田,Turf,GRACE ONE讓賽,第四班 - 1000米 - (60-40),1000,14,large14+,嘉嘉友福(K456),K456,布文,沈集成,5,Middle,4-6,127,Med-Heavy (127-130),1080,44.0,Longshot (20-50),5,0,0
2025-11-09,2025-11,25/26,2,Class 4,沙田,Turf,GRACE ONE讓賽,第四班 - 1000米 - (60-40),1000,14,large14+,福進(K529),K529,何澤堯,方嘉柏,2,Inside,1-3,127,Med-Heavy (127-130),1200,3.4,Fav (3-6),4,0,0
2025-11-09,2025-11,25/26,2,Class 4,沙田,Turf,GRACE ONE讓賽,第四班 - 1000米 - (60-40),1000,14,large14+,日出東方(K552),K552,梁家俊,羅富全,1,Inside,1-3,127,Med-Heavy (127-130),1184,18.0,Mid (10-20),10,0,0
2025-11-09,2025-11,25/26,2,Class 4,沙田,Turf,GRACE ONE讓賽,第四班 - 1000米 - (60-40),1000,14,large14+,縱橫大兄(L012),L012,希威森,黎昭昇,3,Inside,1-3,127,Med-Heavy (127-130),1086,11.0,Mid (10-20),3,0,1
2025-11-09,2025-11,25/26,5,Class 3,沙田,Turf,CANMAKE TOKYO讓賽,第三班 - 1200米 - (80-60),1200,12,med12-13,綫路滿貫(K201),K201,黃寶妮,文家良,11,Outside,10+,119,Med-Light (116-120),1168,52.0,Outsider (50+),1,1,1
2025-11-09,2025-11,25/26,5,Class 3,沙田,Turf,CANMAKE TOKYO讓賽,第三班 - 1200米 - (80-60),1200,12,med12-13,見義勇為(K493),K493,巴度,黎昭昇,9,Outside,7-9,120,Med-Light (116-120),1114,63.0,Outsider (50+),9,0,0
2025-11-09,2025-11,25/26,5,Class 3,沙田,Turf,CANMAKE TOKYO讓賽,第三班 - 1200米 - (80-60),1200,12,med12-13,加州報捷(K509),K509,鍾易禮,告東尼,6,Middle,4-6,117,Med-Light (116-120),1196,38.0,Longshot (20-50),11,0,0
2025-11-09,2025-11,25/26,5,Class 3,沙田,Turf,CANMAKE TOKYO讓賽,第三班 - 1200米 - (80-60),1200,12,med12-13,陶夢成真(K520),K520,田泰安,徐雨石,7,Middle,7-9,119,Med-Light (116-120),1128,14.0,Mid (10-20),5,0,0
2025-11-09,2025-11,25/26,5,Class 3,沙田,Turf,CANMAKE TOKYO讓賽,第三班 - 1200米 - (80-60),1200,12,med12-13,年年豐裕(K557),K557,杜苑欣,伍鵬志,10,Outside,10+,119,Med-Light (116-120),1228,16.0,Mid (10-20),12,0,0
2025-11-09,2025-11,25/26,9,Class 3,沙田,Turf,NEOGENCE讓賽,第三班 - 1400米 - (80-60),1400,14,large14+,正義波(K473),K473,潘大衛,游達榮,7,Middle,7-9,119,Med-Light (116-120),1246,47.0,Longshot (20-50),5,0,0
2025-11-09,2025-11,25/26,9,Class 3,沙田,Turf,NEOGENCE讓賽,第三班 - 1400米 - (80-60),1400,14,large14+,君子(K534),K534,周俊樂,文家良,1,Inside,1-3,120,Med-Light (116-120),1188,111.0,Outsider (50+),13,0,0
2025-11-09,2025-11,25/26,9,Class 3,沙田,Turf,NEOGENCE讓賽,第三班 - 1400米 - (80-60),1400,14,large14+,顏色的顏(L054),L054,杜苑欣,韋達,6,Middle,4-6,121,Medium (121-126),1140,52.0,Outsider (50+),10,0,0
2025-11-09,2025-11,25/26,10,Class 2,沙田,Turf,SANTA MONICA讓賽,第二班 - 1400米 - (105-80),1400,14,large14+,星幻(L123),L123,金誠剛,韋達,9,Middle,7-9,116,Med-Light (116-120),1079,57.0,Outsider (50+),11,0,0
2025-11-12,2025-11,25/26,4,Class 4,跑馬地,Turf,香港中華總商會125周年會慶盃（讓賽）,第四班 - 1650米 - (60-40),1650,12,med12-13,正將(J386),J386,周俊樂,巫偉傑,1,Inside,1-3,126,Medium (121-126),1173,43.0,Longshot (20-50),10,0,0
2025-11-12,2025-11,25/26,5,Class 4,跑馬地,Turf,發祥讓賽,第四班 - 1200米 - (60-40),1200,12,med12-13,綫路高高(L002),L002,潘明輝,賀賢,1,Inside,1-3,127,Med-Heavy (127-130),1076,40.0,Longshot (20-50),7,0,0
2025-11-12,2025-11,25/26,6,Class 4,跑馬地,Turf,發祥讓賽,第四班 - 1200米 - (60-40),1200,12,med12-13,皮具伯樂(K401),K401,周俊樂,文家良,8,Middle,7-9,126,Medium (121-126),1263,52.0,Outsider (50+),7,0,0
2025-11-12,2025-11,25/26,6,Class 4,跑馬地,Turf,發祥讓賽,第四班 - 1200米 - (60-40),1200,12,med12-13,愛心波(L006),L006,巴度,賀賢,7,Middle,7-9,128,Med-Heavy (127-130),1050,66.0,Outsider (50+),10,0,0
2025-11-12,2025-11,25/26,7,Class 3,跑馬地,Turf,快富讓賽,第三班 - 1200米 - (80-60),1200,12,med12-13,方圓星(K517),K517,潘明輝,羅富全,10,Outside,10+,121,Medium (121-126),1077,25.0,Longshot (20-50),11,0,0
2025-11-15,2025-11,25/26,1,Class 4,沙田,Turf,六福珠寶HEXICON讓賽,第四班（條件限制） - 1200米 - (60-40),1200,14,large14+,真叻仔(K435),K435,金誠剛,鄭俊偉,10,Outside,10+,124,Medium (121-126),1197,88.0,Outsider (50+),13,0,0
2025-11-15,2025-11,25/26,1,Class 4,沙田,Turf,六福珠寶HEXICON讓賽,第四班（條件限制） - 1200米 - (60-40),1200,14,large14+,旌採(K498),K498,杜苑欣,姚本輝,1,Inside,1-3,124,Medium (121-126),1096,24.0,Longshot (20-50),11,0,0
2025-11-15,2025-11,25/26,1,Class 4,沙田,Turf,六福珠寶HEXICON讓賽,第四班（條件限制） - 1200米 - (60-40),1200,14,large14+,八心之星(K536),K536,霍宏聲,韋達,2,Inside,1-3,124,Medium (121-126),1143,50.0,Outsider (50+),10,0,0
2025-11-15,2025-11,25/26,1,Class 4,沙田,Turf,六福珠寶HEXICON讓賽,第四班（條件限制） - 1200米 - (60-40),1200,14,large14+,良言一句(K569),K569,鍾易禮,沈集成,3,Inside,1-3,122,Medium (121-126),1073,105.0,Outsider (50+),9,0,0
2025-11-15,2025-11,25/26,1,Class 4,沙田,Turf,六福珠寶HEXICON讓賽,第四班（條件限制） - 1200米 - (60-40),1200,14,large14+,極上紗瓏(K585),K585,潘明輝,羅富全,4,Inside,4-6,124,Medium (121-126),1170,11.0,Mid (10-20),1,1,1
2025-11-15,2025-11,25/26,1,Class 4,沙田,Turf,六福珠寶HEXICON讓賽,第四班（條件限制） - 1200米 - (60-40),1200,14,large14+,冷娃(L014),L014,奧爾民,黎昭昇,11,Outside,10+,124,Medium (121-126),1128,50.0,Outsider (50+),3,0,1
2025-11-15,2025-11,25/26,1,Class 4,沙田,Turf,六福珠寶HEXICON讓賽,第四班（條件限制） - 1200米 - (60-40),1200,14,large14+,精英高球(L023),L023,班德禮,蘇偉賢,6,Middle,4-6,124,Medium (121-126),1086,26.0,Longshot (20-50),5,0,0
2025-11-15,2025-11,25/26,1,Class 4,沙田,Turf,六福珠寶HEXICON讓賽,第四班（條件限制） - 1200米 - (60-40),1200,14,large14+,都靈冠星(L024),L024,董明朗,大衛希斯,8,Middle,7-9,124,Medium (121-126),1026,29.0,Longshot (20-50),6,0,0
2025-11-15,2025-11,25/26,1,Class 4,沙田,Turf,六福珠寶HEXICON讓賽,第四班（條件限制） - 1200米 - (60-40),1200,14,large14+,紅海旺(L098),L098,何澤堯,文家良,9,Middle,7-9,124,Medium (121-126),1068,24.0,Longshot (20-50),14,0,0
2025-11-15,2025-11,25/26,4,Class 3,沙田,Turf,六福珠寶冰．鑽光影金系列讓賽,第三班 - 1000米 - (80-60),1000,14,large14+,好好戀愛(L052),L052,何澤堯,方嘉柏,13,Outside,10+,123,Medium (121-126),1179,17.0,Mid (10-20),5,0,0
2025-11-15,2025-11,25/26,4,Class 3,沙田,Turf,六福珠寶冰．鑽光影金系列讓賽,第三班 - 1000米 - (80-60),1000,14,large14+,飛馬座(L075),L075,杜苑欣,徐雨石,2,Inside,1-3,121,Medium (121-126),1142,37.0,Longshot (20-50),10,0,0
2025-11-15,2025-11,25/26,4,Class 3,沙田,Turf,六福珠寶冰．鑽光影金系列讓賽,第三班 - 1000米 - (80-60),1000,14,large14+,有備而戰(L095),L095,班德禮,黎昭昇,9,Middle,7-9,120,Med-Light (116-120),1168,22.0,Longshot (20-50),9,0,0
2025-11-15,2025-11,25/26,4,Class 3,沙田,Turf,六福珠寶冰．鑽光影金系列讓賽,第三班 - 1000米 - (80-60),1000,14,large14+,繼往開來(L096),L096,梁家俊,羅富全,6,Middle,4-6,119,Med-Light (116-120),1053,42.0,Longshot (20-50),13,0,0
2025-11-15,2025-11,25/26,4,Class 3,沙田,Turf,六福珠寶冰．鑽光影金系列讓賽,第三班 - 1000米 - (80-60),1000,14,large14+,電子好好(L119),L119,周俊樂,文家良,4,Inside,4-6,120,Med-Light (116-120),1242,99.0,Outsider (50+),12,0,0
2025-11-19,2025-11,25/26,8,Class 3,跑馬地,Turf,棉花讓賽,第三班 - 1200米 - (80-60),1200,12,med12-13,團長好(K515),K515,蔡明紹,蘇偉賢,7,Middle,7-9,123,Medium (121-126),1149,106.0,Outsider (50+),12,0,0
2025-11-19,2025-11,25/26,8,Class 3,跑馬地,Turf,棉花讓賽,第三班 - 1200米 - (80-60),1200,12,med12-13,忠誠明駒(K574),K574,梁家俊,羅富全,2,Inside,1-3,127,Med-Heavy (127-130),1142,2.9,Hot Fav (<3),5,0,0
2025-11-23,2025-11,25/26,1,Class 4,沙田,Turf,中銀香港跨境服務讓賽,第四班 - 1200米 - (60-40),1200,14,large14+,猶有心得(K394),K394,董明朗,桂福特,12,Outside,10+,127,Med-Heavy (127-130),1131,93.0,Outsider (50+),14,0,0
2025-11-23,2025-11,25/26,1,Class 4,沙田,Turf,中銀香港跨境服務讓賽,第四班 - 1200米 - (60-40),1200,14,large14+,馬寶寶(K586),K586,何澤堯,蘇偉賢,1,Inside,1-3,127,Med-Heavy (127-130),1144,29.0,Longshot (20-50),1,1,1
2025-11-23,2025-11,25/26,1,Class 4,沙田,Turf,中銀香港跨境服務讓賽,第四班 - 1200米 - (60-40),1200,14,large14+,明亮光輝(L005),L005,艾道拿,廖康銘,4,Inside,4-6,127,Med-Heavy (127-130),1141,2.3,Hot Fav (<3),4,0,0
2025-11-23,2025-11,25/26,1,Class 4,沙田,Turf,中銀香港跨境服務讓賽,第四班 - 1200米 - (60-40),1200,14,large14+,魅力知願(L011),L011,希威森,游達榮,14,Outside,10+,127,Med-Heavy (127-130),1155,136.0,Outsider (50+),12,0,0
2025-11-23,2025-11,25/26,1,Class 4,沙田,Turf,中銀香港跨境服務讓賽,第四班 - 1200米 - (60-40),1200,14,large14+,準希望(L047),L047,巴度,大衛希斯,2,Inside,1-3,127,Med-Heavy (127-130),1099,33.0,Longshot (20-50),9,0,0
2025-11-23,2025-11,25/26,2,Class 4,沙田,Turf,中銀香港中小企理財讓賽,第四班 - 1400米 - (60-40),1400,14,large14+,開心老闆(K453),K453,周俊樂,游達榮,12,Outside,10+,126,Medium (121-126),1114,45.0,Longshot (20-50),6,0,0
2025-11-23,2025-11,25/26,2,Class 4,沙田,Turf,中銀香港中小企理財讓賽,第四班 - 1400米 - (60-40),1400,14,large14+,保羅輝煌(K524),K524,潘明輝,羅富全,10,Outside,10+,128,Med-Heavy (127-130),1235,25.0,Longshot (20-50),11,0,0
2025-11-23,2025-11,25/26,3,Class 4,沙田,Turf,中銀人壽讓賽,第四班 - 1400米 - (60-40),1400,14,large14+,綫路福將(K526),K526,周俊樂,廖康銘,4,Inside,4-6,125,Medium (121-126),1179,20.0,Longshot (20-50),6,0,0
2025-11-23,2025-11,25/26,5,Class 3,沙田,Turf,中銀香港中銀理財讓賽,第三班 - 1400米 - (80-60),1400,13,med12-13,一騎絕塵(K563),K563,霍宏聲,伍鵬志,5,Middle,4-6,125,Medium (121-126),1039,76.0,Outsider (50+),12,0,0
2025-11-23,2025-11,25/26,9,Class 3,沙田,Turf,中銀信用卡讓賽,第三班 - 1200米 - (80-60),1200,14,large14+,威利金箭(L035),L035,艾道拿,大衛希斯,6,Middle,4-6,135,Heavy (131+),1260,9.0,Contender (6-10),2,0,1
2025-11-23,2025-11,25/26,9,Class 3,沙田,Turf,中銀信用卡讓賽,第三班 - 1200米 - (80-60),1200,14,large14+,志善思源(L055),L055,潘明輝,文家良,11,Outside,10+,119,Med-Light (116-120),1180,66.0,Outsider (50+),10,0,0
2025-11-23,2025-11,25/26,9,Class 3,沙田,Turf,中銀信用卡讓賽,第三班 - 1200米 - (80-60),1200,14,large14+,赤風驪(L093),L093,巴度,方嘉柏,5,Middle,4-6,119,Med-Light (116-120),1046,138.0,Outsider (50+),14,0,0
2025-11-23,2025-11,25/26,10,Class 3,沙田,Turf,中銀香港BOC PAY+ 讓賽,第三班 - 1400米 - (80-60),1400,13,med12-13,開心瑰寶(L027),L027,鍾易禮,告東尼,2,Inside,1-3,119,Med-Light (116-120),1054,61.0,Outsider (50+),11,0,0
2025-11-26,2025-11,25/26,3,Class 4,跑馬地,Turf,格倫芬南高架橋讓賽,第四班 - 1200米 - (60-40),1200,12,med12-13,細水長流(K562),K562,布文,蔡約翰,3,Inside,1-3,127,Med-Heavy (127-130),1220,26.0,Longshot (20-50),2,0,1
2025-11-26,2025-11,25/26,6,Class 4,跑馬地,Turf,克萊德弧形橋讓賽,第四班 - 1200米 - (60-40),1200,12,med12-13,幸運歡笑(K530),K530,楊明綸,蘇偉賢,5,Middle,4-6,127,Med-Heavy (127-130),1222,39.0,Longshot (20-50),12,0,0
2025-11-26,2025-11,25/26,8,Class 3,跑馬地,Turf,格倫奧格爾高架橋讓賽,第三班 - 1650米 - (80-60),1650,12,med12-13,劍飛聲(L097),L097,鍾易禮,告東尼,10,Outside,10+,126,Medium (121-126),1117,23.0,Longshot (20-50),11,0,0
2025-11-26,2025-11,25/26,9,Class 3,跑馬地,Turf,卡洛登高架橋讓賽,第三班 - 1200米 - (80-60),1200,12,med12-13,粵港資駒(L033),L033,艾兆禮,游達榮,11,Outside,10+,124,Medium (121-126),1100,28.0,Longshot (20-50),9,0,0
2025-11-30,2025-11,25/26,1,Class 4,沙田,Turf,第四班1000米草地讓賽,第四班 - 1000米 - (60-40),1000,14,large14+,挺秀弘利(K481),K481,梁家俊,巫偉傑,7,Middle,7-9,128,Med-Heavy (127-130),1255,46.0,Longshot (20-50),8,0,0
2025-11-30,2025-11,25/26,1,Class 4,沙田,Turf,第四班1000米草地讓賽,第四班 - 1000米 - (60-40),1000,14,large14+,海王(K523),K523,巴度,鄭俊偉,6,Middle,4-6,128,Med-Heavy (127-130),1168,26.0,Longshot (20-50),12,0,0
2025-11-30,2025-11,25/26,1,Class 4,沙田,Turf,第四班1000米草地讓賽,第四班 - 1000米 - (60-40),1000,14,large14+,醒目高球(L004),L004,潘明輝,羅富全,4,Inside,4-6,128,Med-Heavy (127-130),1235,2.7,Hot Fav (<3),5,0,0
2025-11-30,2025-11,25/26,1,Class 4,沙田,Turf,第四班1000米草地讓賽,第四班 - 1000米 - (60-40),1000,14,large14+,包裝明將(L013),L013,潘頓,姚本輝,2,Inside,1-3,128,Med-Heavy (127-130),1148,6.4,Contender (6-10),1,1,1
2025-11-30,2025-11,25/26,1,Class 4,沙田,Turf,第四班1000米草地讓賽,第四班 - 1000米 - (60-40),1000,14,large14+,行運加持(L018),L018,紀仁安,伍鵬志,11,Outside,10+,128,Med-Heavy (127-130),1146,21.0,Longshot (20-50),14,0,0
2025-11-30,2025-11,25/26,1,Class 4,沙田,Turf,第四班1000米草地讓賽,第四班 - 1000米 - (60-40),1000,14,large14+,爆竹(L065),L065,蔡明紹,告東尼,8,Middle,7-9,128,Med-Heavy (127-130),1090,23.0,Longshot (20-50),7,0,0
2025-11-30,2025-11,25/26,1,Class 4,沙田,Turf,第四班1000米草地讓賽,第四班 - 1000米 - (60-40),1000,14,large14+,佳佳友(L069),L069,周俊樂,韋達,13,Outside,10+,126,Medium (121-126),1129,14.0,Mid (10-20),3,0,1
2025-11-30,2025-11,25/26,1,Class 4,沙田,Turf,第四班1000米草地讓賽,第四班 - 1000米 - (60-40),1000,14,large14+,金獅大俠(L082),L082,麥道朗,大衛希斯,9,Middle,7-9,128,Med-Heavy (127-130),1094,27.0,Longshot (20-50),13,0,0
2025-11-30,2025-11,25/26,4,Class 4,沙田,Turf,第四班1200米草地讓賽,第四班 - 1200米 - (60-40),1200,12,med12-13,金鼓大班(K506),K506,田泰安,游達榮,9,Outside,7-9,127,Med-Heavy (127-130),1089,29.0,Longshot (20-50),9,0,0
2025-11-30,2025-11,25/26,4,Class 4,沙田,Turf,第四班1200米草地讓賽,第四班 - 1200米 - (60-40),1200,12,med12-13,驕陽雄心(K553),K553,蔡明紹,巫偉傑,11,Outside,10+,127,Med-Heavy (127-130),1064,47.0,Longshot (20-50),3,0,1
2025-11-30,2025-11,25/26,4,Class 4,沙田,Turf,第四班1200米草地讓賽,第四班 - 1200米 - (60-40),1200,12,med12-13,機械之星(K559),K559,周俊樂,文家良,2,Inside,1-3,125,Medium (121-126),1088,8.0,Contender (6-10),4,0,0
2025-11-30,2025-11,25/26,4,Class 4,沙田,Turf,第四班1200米草地讓賽,第四班 - 1200米 - (60-40),1200,12,med12-13,笑盈喜(K573),K573,何澤堯,蘇偉賢,3,Inside,1-3,127,Med-Heavy (127-130),1099,36.0,Longshot (20-50),11,0,0
2025-11-30,2025-11,25/26,4,Class 4,沙田,Turf,第四班1200米草地讓賽,第四班 - 1200米 - (60-40),1200,12,med12-13,勇者為皇(L016),L016,潘頓,伍鵬志,6,Middle,4-6,127,Med-Heavy (127-130),1201,5.7,Fav (3-6),1,1,1
2025-11-30,2025-11,25/26,4,Class 4,沙田,Turf,第四班1200米草地讓賽,第四班 - 1200米 - (60-40),1200,12,med12-13,跨境駿馬(L022),L022,艾道拿,蔡約翰,10,Outside,10+,127,Med-Heavy (127-130),1147,45.0,Longshot (20-50),10,0,0
2025-11-30,2025-11,25/26,6,Class 3,沙田,AWT,第三班1200米全天候讓賽,第三班 - 1200米 - (80-60),1200,12,med12-13,馬錢子(L053),L053,田泰安,徐雨石,3,Inside,1-3,122,Medium (121-126),1302,66.0,Outsider (50+),9,0,0
2025-11-30,2025-11,25/26,9,Class 3,沙田,Turf,第三班1200米草地讓賽,第三班 - 1200米 - (80-60),1200,12,med12-13,抱百嶺(K519),K519,潘明輝,葉楚航,9,Outside,7-9,123,Medium (121-126),1001,83.0,Outsider (50+),7,0,0
2025-11-30,2025-11,25/26,9,Class 3,沙田,Turf,第三班1200米草地讓賽,第三班 - 1200米 - (80-60),1200,12,med12-13,穿甲金鷹(K566),K566,艾兆禮,廖康銘,3,Inside,1-3,124,Medium (121-126),1072,39.0,Longshot (20-50),6,0,0
2025-11-30,2025-11,25/26,9,Class 3,沙田,Turf,第三班1200米草地讓賽,第三班 - 1200米 - (80-60),1200,12,med12-13,幸運風彩(K576),K576,霍宏聲,游達榮,7,Middle,7-9,130,Med-Heavy (127-130),1111,29.0,Longshot (20-50),5,0,0
2025-11-30,2025-11,25/26,10,Class 3,沙田,Turf,第三班1600米草地讓賽,第三班 - 1600米 - (80-60),1600,14,large14+,高高至高(L032),L032,霍宏聲,廖康銘,6,Middle,4-6,123,Medium (121-126),1110,54.0,Outsider (50+),8,0,0
2025-12-03,2025-12,25/26,6,Class 4,跑馬地,Turf,大潭讓賽,第四班 - 1200米 - (60-40),1200,12,med12-13,勝利君子(L061),L061,潘大衛,方嘉柏,12,Outside,10+,127,Med-Heavy (127-130),1151,58.0,Outsider (50+),8,0,0
2025-12-03,2025-12,25/26,7,Class 3,跑馬地,Turf,船灣讓賽,第三班 - 1000米 - (80-60),1000,12,med12-13,龍威心得(L120),L120,班德禮,大衛希斯,6,Middle,4-6,123,Medium (121-126),1094,36.0,Longshot (20-50),7,0,0
2025-12-07,2025-12,25/26,3,Class 4,沙田,Turf,加拿分讓賽,第四班 - 1200米 - (60-40),1200,12,med12-13,飛越晨曦(K483),K483,楊明綸,伍鵬志,5,Middle,4-6,125,Medium (121-126),1142,62.0,Outsider (50+),11,0,0
2025-12-07,2025-12,25/26,3,Class 4,沙田,Turf,加拿分讓賽,第四班 - 1200米 - (60-40),1200,12,med12-13,香港仔(L020),L020,潘明輝,羅富全,9,Outside,7-9,125,Medium (121-126),1171,60.0,Outsider (50+),1,1,1
2025-12-07,2025-12,25/26,3,Class 4,沙田,Turf,加拿分讓賽,第四班 - 1200米 - (60-40),1200,12,med12-13,銳目(L068),L068,艾道拿,大衛希斯,2,Inside,1-3,125,Medium (121-126),1074,3.7,Fav (3-6),3,0,1
2025-12-07,2025-12,25/26,6,Class 3,沙田,Turf,中間讓賽,第三班 - 1000米 - (85-60),1000,14,large14+,智勝勳章(K521),K521,楊明綸,蘇偉賢,5,Middle,4-6,117,Med-Light (116-120),1252,57.0,Outsider (50+),13,0,0
2025-12-07,2025-12,25/26,6,Class 3,沙田,Turf,中間讓賽,第三班 - 1000米 - (85-60),1000,14,large14+,蹺妙(L031),L031,艾兆禮,游達榮,11,Outside,10+,117,Med-Light (116-120),1102,32.0,Longshot (20-50),9,0,0
2025-12-07,2025-12,25/26,6,Class 3,沙田,Turf,中間讓賽,第三班 - 1000米 - (85-60),1000,14,large14+,星威心得(L074),L074,田泰安,大衛希斯,1,Inside,1-3,115,Light (<=115),1009,27.0,Longshot (20-50),11,0,0
2025-12-07,2025-12,25/26,6,Class 3,沙田,Turf,中間讓賽,第三班 - 1000米 - (85-60),1000,14,large14+,莊家班(L115),L115,鍾易禮,沈集成,9,Middle,7-9,113,Light (<=115),1029,73.0,Outsider (50+),10,0,0
2025-12-07,2025-12,25/26,7,Class 4,沙田,AWT,柯士甸讓賽,第四班 - 1200米 - (60-40),1200,12,med12-13,獨自升級(K560),K560,梁家俊,巫偉傑,1,Inside,1-3,128,Med-Heavy (127-130),1232,7.2,Contender (6-10),12,0,0
2025-12-07,2025-12,25/26,10,Class 3,沙田,Turf,梳士巴利讓賽,第三班 - 1400米 - (80-60),1400,14,large14+,時時開心(K550),K550,金誠剛,游達榮,7,Middle,7-9,119,Med-Light (116-120),1077,82.0,Outsider (50+),10,0,0
2025-12-07,2025-12,25/26,10,Class 3,沙田,Turf,梳士巴利讓賽,第三班 - 1400米 - (80-60),1400,14,large14+,越駿齊歡(L079),L079,梁家俊,羅富全,11,Outside,10+,120,Med-Light (116-120),1116,77.0,Outsider (50+),14,0,0
2025-12-10,2025-12,25/26,9,Class 2,跑馬地,Turf,黃泥涌讓賽,第二班 - 1800米 - (100-80),1800,12,med12-13,數字天文(L080),L080,梁家俊,羅富全,2,Inside,1-3,122,Medium (121-126),1197,14.0,Mid (10-20),3,0,1
2025-12-14,2025-12,25/26,1,Class 4,沙田,Turf,靚蝦王讓賽,第四班 - 1400米 - (60-40),1400,14,large14+,紅磚戰士(K580),K580,麥文堅,游達榮,4,Inside,4-6,125,Medium (121-126),1134,46.0,Longshot (20-50),10,0,0
2025-12-14,2025-12,25/26,2,Class 3,沙田,Turf,飛雪仙蹤讓賽,第三班 - 1200米 - (80-60),1200,13,med12-13,開心孖寶(K475),K475,何澤堯,呂健威,4,Inside,4-6,122,Medium (121-126),1134,33.0,Longshot (20-50),4,0,0
2025-12-14,2025-12,25/26,2,Class 3,沙田,Turf,飛雪仙蹤讓賽,第三班 - 1200米 - (80-60),1200,13,med12-13,喜蓮勁感(L028),L028,麥道朗,游達榮,12,Outside,10+,129,Med-Heavy (127-130),1169,7.8,Contender (6-10),1,1,1
2025-12-14,2025-12,25/26,2,Class 3,沙田,Turf,飛雪仙蹤讓賽,第三班 - 1200米 - (80-60),1200,13,med12-13,領袖勁力(L034),L034,希威森,徐雨石,3,Inside,1-3,121,Medium (121-126),1085,57.0,Outsider (50+),10,0,0
2025-12-14,2025-12,25/26,2,Class 3,沙田,Turf,飛雪仙蹤讓賽,第三班 - 1200米 - (80-60),1200,13,med12-13,共創歡欣(L118),L118,楊明綸,大衛希斯,8,Middle,7-9,121,Medium (121-126),1312,12.0,Mid (10-20),11,0,0
2025-12-14,2025-12,25/26,3,Class 4,沙田,Turf,精英大師讓賽,第四班 - 1200米 - (60-40),1200,14,large14+,明月清風(K414),K414,希威森,廖康銘,5,Middle,4-6,127,Med-Heavy (127-130),1120,57.0,Outsider (50+),12,0,0
2025-12-14,2025-12,25/26,3,Class 4,沙田,Turf,精英大師讓賽,第四班 - 1200米 - (60-40),1200,14,large14+,閃電武士(L062),L062,布文,大衛希斯,3,Inside,1-3,127,Med-Heavy (127-130),1088,38.0,Longshot (20-50),11,0,0
2025-12-14,2025-12,25/26,4,Group 1,沙田,Turf,浪琴香港瓶,一級賽 - 2400米,2400,11,small<=11,南加名城(L911),L911,莫雅,岳伯仁,10,Outside,10+,126,Medium (121-126),1197,12.0,Mid (10-20),5,0,0
2025-12-14,2025-12,25/26,4,Group 1,沙田,Turf,浪琴香港瓶,一級賽 - 2400米,2400,11,small<=11,班霸實力(L912),L912,麥文堅,岳本賢,2,Inside,1-3,126,Medium (121-126),1168,8.6,Contender (6-10),4,0,0
2025-12-14,2025-12,25/26,4,Group 1,沙田,Turf,浪琴香港瓶,一級賽 - 2400米,2400,11,small<=11,同工之妙(L913),L913,紀仁安,費伯華,8,Outside,7-9,126,Medium (121-126),1190,2.7,Hot Fav (<3),1,1,1
2025-12-14,2025-12,25/26,4,Group 1,沙田,Turf,浪琴香港瓶,一級賽 - 2400米,2400,11,small<=11,名城潮流(L914),L914,李慕華,武井亮,3,Inside,1-3,126,Medium (121-126),1140,5.7,Fav (3-6),10,0,0
2025-12-14,2025-12,25/26,4,Group 1,沙田,Turf,浪琴香港瓶,一級賽 - 2400米,2400,11,small<=11,愛蹄村(L915),L915,莫艾誠,包義定,9,Outside,7-9,126,Medium (121-126),1241,21.0,Longshot (20-50),11,0,0
2025-12-14,2025-12,25/26,5,Group 1,沙田,Turf,浪琴香港短途錦標,一級賽 - 1200米,1200,13,med12-13,紅瑪瑙(L901),L901,三浦皇成,鹿戶雄一,11,Outside,10+,126,Medium (121-126),1133,69.0,Outsider (50+),11,0,0
2025-12-14,2025-12,25/26,5,Group 1,沙田,Turf,浪琴香港短途錦標,一級賽 - 1200米,1200,13,med12-13,樂於助人(L902),L902,莫艾誠,侯耀誠,13,Outside,10+,126,Medium (121-126),1080,147.0,Outsider (50+),12,0,0
2025-12-14,2025-12,25/26,7,Group 1,沙田,Turf,浪琴香港一哩錦標,一級賽 - 1600米,1600,14,large14+,俊偉蹄(L903),L903,貝知仁,巴伯樂,6,Middle,4-6,126,Medium (121-126),1005,82.0,Outsider (50+),10,0,0
2025-12-14,2025-12,25/26,7,Group 1,沙田,Turf,浪琴香港一哩錦標,一級賽 - 1600米,1600,14,large14+,冬季獅(L904),L904,莫雅,岳伯仁,14,Outside,10+,125,Medium (121-126),1056,18.0,Mid (10-20),12,0,0
2025-12-14,2025-12,25/26,7,Group 1,沙田,Turf,浪琴香港一哩錦標,一級賽 - 1600米,1600,14,large14+,巧繡生花(L905),L905,李慕華,森一誠,10,Outside,10+,121,Medium (121-126),1063,7.2,Contender (6-10),11,0,0
2025-12-14,2025-12,25/26,8,Group 1,沙田,Turf,浪琴香港盃,一級賽 - 2000米,2000,7,small<=11,利森名園(J814),J814,李慕華,田中博康,3,Middle,1-3,126,Medium (121-126),1098,43.0,Longshot (20-50),5,0,0
2025-12-14,2025-12,25/26,8,Group 1,沙田,Turf,浪琴香港盃,一級賽 - 2000米,2000,7,small<=11,寶徠歌劇(L907),L907,橫山和生,上村洋行,5,Outside,4-6,126,Medium (121-126),1115,9.4,Contender (6-10),2,0,1
2025-12-14,2025-12,25/26,8,Group 1,沙田,Turf,浪琴香港盃,一級賽 - 2000米,2000,7,small<=11,名醫(L909),L909,麥文堅,岳本賢,7,Outside,7-9,126,Medium (121-126),1034,34.0,Longshot (20-50),4,0,0
2025-12-14,2025-12,25/26,8,Group 1,沙田,Turf,浪琴香港盃,一級賽 - 2000米,2000,7,small<=11,健身心(L910),L910,蘇銘倫,葛威法,4,Middle,4-6,122,Medium (121-126),1005,10.0,Mid (10-20),3,0,1
2025-12-20,2025-12,25/26,2,Class 4,沙田,Turf,鬱金香讓賽,第四班 - 1200米 - (60-40),1200,12,med12-13,活力拍檔(K554),K554,何澤堯,呂健威,3,Inside,1-3,129,Med-Heavy (127-130),1183,12.0,Mid (10-20),3,0,1
2025-12-20,2025-12,25/26,2,Class 4,沙田,Turf,鬱金香讓賽,第四班 - 1200米 - (60-40),1200,12,med12-13,睿智多寶(L044),L044,艾道拿,黎昭昇,6,Middle,4-6,129,Med-Heavy (127-130),1239,17.0,Mid (10-20),7,0,0
2025-12-20,2025-12,25/26,4,Class 4,沙田,Turf,雪松讓賽,第四班 - 1000米 - (60-40),1000,14,large14+,興馳千里(K533),K533,楊明綸,呂健威,7,Middle,7-9,127,Med-Heavy (127-130),1095,4.1,Fav (3-6),1,1,1
2025-12-20,2025-12,25/26,4,Class 4,沙田,Turf,雪松讓賽,第四班 - 1000米 - (60-40),1000,14,large14+,趣盈(K539),K539,霍宏聲,葉楚航,10,Outside,10+,127,Med-Heavy (127-130),1021,37.0,Longshot (20-50),13,0,0
2025-12-20,2025-12,25/26,4,Class 4,沙田,Turf,雪松讓賽,第四班 - 1000米 - (60-40),1000,14,large14+,辣得快(K581),K581,蔡明紹,蘇偉賢,12,Outside,10+,127,Med-Heavy (127-130),1075,29.0,Longshot (20-50),2,0,1
2025-12-20,2025-12,25/26,4,Class 4,沙田,Turf,雪松讓賽,第四班 - 1000米 - (60-40),1000,14,large14+,多多開心(L017),L017,金誠剛,鄭俊偉,8,Middle,7-9,127,Med-Heavy (127-130),1092,72.0,Outsider (50+),6,0,0
2025-12-20,2025-12,25/26,5,Class 4,沙田,Turf,博愛盃（讓賽）,第四班 - 1200米 - (60-40),1200,12,med12-13,蓮蓮日上(K375),K375,霍宏聲,黎昭昇,12,Outside,10+,127,Med-Heavy (127-130),1145,78.0,Outsider (50+),10,0,0
2025-12-20,2025-12,25/26,5,Class 4,沙田,Turf,博愛盃（讓賽）,第四班 - 1200米 - (60-40),1200,12,med12-13,龍之尊(K462),K462,艾兆禮,游達榮,6,Middle,4-6,127,Med-Heavy (127-130),1109,28.0,Longshot (20-50),7,0,0
2025-12-20,2025-12,25/26,5,Class 4,沙田,Turf,博愛盃（讓賽）,第四班 - 1200米 - (60-40),1200,12,med12-13,賢知友您(K545),K545,潘頓,蘇偉賢,1,Inside,1-3,127,Med-Heavy (127-130),1186,4.0,Fav (3-6),12,0,0
2025-12-20,2025-12,25/26,6,Class 4,沙田,Turf,歐石楠讓賽,第四班 - 1400米 - (60-40),1400,14,large14+,包裝天王(K570),K570,潘頓,伍鵬志,9,Middle,7-9,127,Med-Heavy (127-130),1128,17.0,Mid (10-20),6,0,0
2025-12-20,2025-12,25/26,8,Class 3,沙田,Turf,冬青讓賽,第三班 - 1200米 - (80-60),1200,11,small<=11,閃耀天河(K514),K514,周俊樂,呂健威,4,Middle,4-6,120,Med-Light (116-120),1112,14.0,Mid (10-20),4,0,0
2025-12-23,2025-12,25/26,5,Class 4,跑馬地,Turf,木星讓賽,第四班 - 1200米 - (60-40),1200,12,med12-13,寶成智好(K301),K301,鍾易禮,告東尼,5,Middle,4-6,125,Medium (121-126),1107,16.0,Mid (10-20),2,0,1
2025-12-27,2025-12,25/26,1,Class 4,沙田,Turf,黃竹灣讓賽,第四班（條件限制） - 1400米 - (60-40),1400,14,large14+,超拍檔(K484),K484,楊明綸,呂健威,2,Inside,1-3,127,Med-Heavy (127-130),1230,25.0,Longshot (20-50),5,0,0
2025-12-27,2025-12,25/26,1,Class 4,沙田,Turf,黃竹灣讓賽,第四班（條件限制） - 1400米 - (60-40),1400,14,large14+,華麗再贏(L087),L087,鍾易禮,沈集成,9,Middle,7-9,125,Medium (121-126),1045,91.0,Outsider (50+),13,0,0
2025-12-27,2025-12,25/26,1,Class 4,沙田,Turf,黃竹灣讓賽,第四班（條件限制） - 1400米 - (60-40),1400,14,large14+,疾風財子(L091),L091,紀仁安,方嘉柏,3,Inside,1-3,127,Med-Heavy (127-130),1170,9.2,Contender (6-10),9,0,0
2025-12-27,2025-12,25/26,2,Class 4,沙田,Turf,大浪咀讓賽,第四班 - 1200米 - (60-40),1200,14,large14+,友聲友色(K441),K441,班德禮,蘇偉賢,2,Inside,1-3,127,Med-Heavy (127-130),1090,61.0,Outsider (50+),14,0,0
2025-12-27,2025-12,25/26,2,Class 4,沙田,Turf,大浪咀讓賽,第四班 - 1200米 - (60-40),1200,14,large14+,我最好(K502),K502,艾兆禮,伍鵬志,5,Middle,4-6,127,Med-Heavy (127-130),1139,15.0,Mid (10-20),6,0,0
2025-12-27,2025-12,25/26,2,Class 4,沙田,Turf,大浪咀讓賽,第四班 - 1200米 - (60-40),1200,14,large14+,上浦福旺(L102),L102,鍾易禮,沈集成,4,Inside,4-6,125,Medium (121-126),1065,96.0,Outsider (50+),10,0,0
2025-12-27,2025-12,25/26,5,Class 4,沙田,Turf,大浪咀讓賽,第四班 - 1200米 - (60-40),1200,14,large14+,寫我其誰(L048),L048,鍾易禮,葉楚航,4,Inside,4-6,126,Medium (121-126),982,29.0,Longshot (20-50),10,0,0
2025-12-27,2025-12,25/26,5,Class 4,沙田,Turf,大浪咀讓賽,第四班 - 1200米 - (60-40),1200,14,large14+,快樂神駒(L050),L050,霍宏聲,廖康銘,12,Outside,10+,128,Med-Heavy (127-130),1099,12.0,Mid (10-20),3,0,1
2025-12-27,2025-12,25/26,5,Class 4,沙田,Turf,大浪咀讓賽,第四班 - 1200米 - (60-40),1200,14,large14+,天罡北斗(L064),L064,巫顯東,沈集成,11,Outside,10+,126,Medium (121-126),1080,106.0,Outsider (50+),13,0,0
2025-12-27,2025-12,25/26,5,Class 4,沙田,Turf,大浪咀讓賽,第四班 - 1200米 - (60-40),1200,14,large14+,弘智多寶(L084),L084,布文,大衛希斯,8,Middle,7-9,128,Med-Heavy (127-130),1145,26.0,Longshot (20-50),14,0,0
2025-12-27,2025-12,25/26,7,Class 4,沙田,AWT,黃宜洲讓賽,第四班 - 1650米 - (60-40),1650,14,large14+,旭能精英(K544),K544,梁家俊,巫偉傑,3,Inside,1-3,128,Med-Heavy (127-130),1078,83.0,Outsider (50+),9,0,0
2025-12-27,2025-12,25/26,8,Class 3,沙田,Turf,深涌讓賽,第三班 - 1000米 - (80-60),1000,14,large14+,傑出雷霆(L121),L121,希威森,呂健威,9,Middle,7-9,124,Medium (121-126),1173,35.0,Longshot (20-50),9,0,0
2026-01-01,2026-01,25/26,2,Class 4,沙田,Turf,山林讓賽,第四班 - 1200米 - (60-40),1200,14,large14+,錶之無限(L100),L100,梁家俊,文家良,11,Outside,10+,128,Med-Heavy (127-130),1297,82.0,Outsider (50+),11,0,0
2026-01-01,2026-01,25/26,2,Class 4,沙田,Turf,山林讓賽,第四班 - 1200米 - (60-40),1200,14,large14+,雙子美麗(L129),L129,潘頓,告東尼,7,Middle,7-9,128,Med-Heavy (127-130),1099,5.0,Fav (3-6),14,0,0
2026-01-01,2026-01,25/26,4,Class 4,沙田,Turf,山林讓賽,第四班 - 1200米 - (60-40),1200,14,large14+,捷威(K547),K547,周俊樂,姚本輝,9,Middle,7-9,126,Medium (121-126),1147,9.9,Contender (6-10),11,0,0
2026-01-01,2026-01,25/26,4,Class 4,沙田,Turf,山林讓賽,第四班 - 1200米 - (60-40),1200,14,large14+,錶之梵星(L104),L104,梁家俊,文家良,2,Inside,1-3,128,Med-Heavy (127-130),1169,23.0,Longshot (20-50),9,0,0
2026-01-01,2026-01,25/26,4,Class 4,沙田,Turf,山林讓賽,第四班 - 1200米 - (60-40),1200,14,large14+,最感(L130),L130,霍宏聲,大衛希斯,8,Middle,7-9,128,Med-Heavy (127-130),1114,38.0,Longshot (20-50),8,0,0
2026-01-01,2026-01,25/26,9,Class 3,沙田,Turf,茶果嶺讓賽,第三班 - 1200米 - (80-60),1200,14,large14+,友瑩光(K564),K564,霍宏聲,廖康銘,11,Outside,10+,127,Med-Heavy (127-130),1071,74.0,Outsider (50+),5,0,0
2026-01-01,2026-01,25/26,9,Class 3,沙田,Turf,茶果嶺讓賽,第三班 - 1200米 - (80-60),1200,14,large14+,幸運糖(L041),L041,梁家俊,巫偉傑,5,Middle,4-6,120,Med-Light (116-120),1205,29.0,Longshot (20-50),12,0,0
2026-01-01,2026-01,25/26,9,Class 3,沙田,Turf,茶果嶺讓賽,第三班 - 1200米 - (80-60),1200,14,large14+,開心指數(L152),L152,周俊樂,文家良,9,Middle,7-9,121,Medium (121-126),1162,14.0,Mid (10-20),3,0,1
2026-01-01,2026-01,25/26,10,Class 3,沙田,Turf,竹園讓賽,第三班 - 1400米 - (80-60),1400,14,large14+,大文豪(L134),L134,何澤堯,姚本輝,11,Outside,10+,128,Med-Heavy (127-130),1162,42.0,Longshot (20-50),12,0,0
2026-01-01,2026-01,25/26,10,Class 3,沙田,Turf,竹園讓賽,第三班 - 1400米 - (80-60),1400,14,large14+,天然數字(L166),L166,艾道拿,徐雨石,13,Outside,10+,133,Heavy (131+),1125,98.0,Outsider (50+),14,0,0
2026-01-01,2026-01,25/26,11,Class 3,沙田,Turf,茶果嶺讓賽,第三班 - 1200米 - (80-60),1200,14,large14+,和光同塵(L076),L076,蔡明紹,巫偉傑,10,Outside,10+,120,Med-Light (116-120),1063,128.0,Outsider (50+),14,0,0
2026-01-01,2026-01,25/26,11,Class 3,沙田,Turf,茶果嶺讓賽,第三班 - 1200米 - (80-60),1200,14,large14+,偵探傳奇(L117),L117,巴度,葉楚航,13,Outside,10+,119,Med-Light (116-120),1168,10.0,Mid (10-20),5,0,0
2026-01-01,2026-01,25/26,11,Class 3,沙田,Turf,茶果嶺讓賽,第三班 - 1200米 - (80-60),1200,14,large14+,千帆駒(L153),L153,艾兆禮,蘇偉賢,1,Inside,1-3,126,Medium (121-126),1132,26.0,Longshot (20-50),2,0,1
2026-01-04,2026-01,25/26,2,Class 4,沙田,Turf,斬竹灣讓賽,第四班 - 1000米 - (60-40),1000,13,med12-13,杭至尊(L043),L043,奧爾民,葉楚航,13,Outside,10+,127,Med-Heavy (127-130),1228,21.0,Longshot (20-50),9,0,0
2026-01-04,2026-01,25/26,2,Class 4,沙田,Turf,斬竹灣讓賽,第四班 - 1000米 - (60-40),1000,13,med12-13,燊輝之星(L067),L067,鍾易禮,告東尼,8,Middle,7-9,125,Medium (121-126),1209,24.0,Longshot (20-50),4,0,0
2026-01-04,2026-01,25/26,2,Class 4,沙田,Turf,斬竹灣讓賽,第四班 - 1000米 - (60-40),1000,13,med12-13,幸運勝利(L073),L073,艾兆禮,大衛希斯,12,Outside,10+,127,Med-Heavy (127-130),1281,70.0,Outsider (50+),12,0,0
2026-01-04,2026-01,25/26,2,Class 4,沙田,Turf,斬竹灣讓賽,第四班 - 1000米 - (60-40),1000,13,med12-13,烈焰光芒(L142),L142,潘頓,韋達,14,Outside,10+,127,Med-Heavy (127-130),1096,4.6,Fav (3-6),3,0,1
2026-01-04,2026-01,25/26,3,Class 4,沙田,AWT,大網仔讓賽,第四班 - 1200米 - (60-40),1200,12,med12-13,帶贏來(K558),K558,田泰安,大衛希斯,11,Outside,10+,127,Med-Heavy (127-130),1125,41.0,Longshot (20-50),9,0,0
2026-01-04,2026-01,25/26,4,Class 4,沙田,AWT,大網仔讓賽,第四班 - 1200米 - (60-40),1200,12,med12-13,旺旺嘉駒(L088),L088,希威森,廖康銘,3,Inside,1-3,128,Med-Heavy (127-130),1190,4.0,Fav (3-6),1,1,1
2026-01-04,2026-01,25/26,7,Class 2,沙田,Turf,禮頓讓賽,第二班 - 1600米 - (100-75),1600,10,small<=11,智勝神駒(K446),K446,希威森,廖康銘,4,Middle,4-6,123,Medium (121-126),1041,5.8,Fav (3-6),9,0,0
2026-01-04,2026-01,25/26,7,Class 2,沙田,Turf,禮頓讓賽,第二班 - 1600米 - (100-75),1600,10,small<=11,丞匡掠影(L168),L168,潘明輝,徐雨石,10,Outside,10+,118,Med-Light (116-120),1236,54.0,Outsider (50+),7,0,0
2026-01-04,2026-01,25/26,7,Class 2,沙田,Turf,禮頓讓賽,第二班 - 1600米 - (100-75),1600,10,small<=11,風將(L184),L184,蔡明紹,巫偉傑,2,Inside,1-3,120,Med-Light (116-120),1112,31.0,Longshot (20-50),5,0,0
2026-01-04,2026-01,25/26,10,Class 3,沙田,Turf,北潭涌讓賽,第三班 - 1200米 - (80-60),1200,12,med12-13,財富非凡(L057),L057,巴度,巫偉傑,9,Outside,7-9,124,Medium (121-126),1103,78.0,Outsider (50+),12,0,0
2026-01-04,2026-01,25/26,11,Class 3,沙田,Turf,大棠讓賽,第三班 - 1600米 - (80-60),1600,14,large14+,紫荊傳令(L108),L108,艾兆禮,游達榮,6,Middle,4-6,133,Heavy (131+),1094,9.8,Contender (6-10),11,0,0
2026-01-07,2026-01,25/26,2,Class 4,跑馬地,Turf,昃臣讓賽,第四班 - 1200米 - (60-40),1200,12,med12-13,萬里鵬躍(L009),L009,楊明綸,蘇偉賢,7,Middle,7-9,128,Med-Heavy (127-130),1180,65.0,Outsider (50+),11,0,0
2026-01-07,2026-01,25/26,7,Class 3,跑馬地,Turf,遮打讓賽,第三班 - 1000米 - (85-60),1000,12,med12-13,勇進駒(K575),K575,田泰安,姚本輝,1,Inside,1-3,115,Light (<=115),1071,25.0,Longshot (20-50),12,0,0
2026-01-07,2026-01,25/26,7,Class 3,跑馬地,Turf,遮打讓賽,第三班 - 1000米 - (85-60),1000,12,med12-13,賢者福星(L078),L078,潘明輝,賀賢,11,Outside,10+,117,Med-Light (116-120),1120,74.0,Outsider (50+),10,0,0
2026-01-07,2026-01,25/26,8,Class 3,跑馬地,Turf,干諾讓賽,第三班 - 1200米 - (80-60),1200,12,med12-13,飛躍星伴(L189),L189,班德禮,大衛希斯,9,Outside,7-9,125,Medium (121-126),1137,64.0,Outsider (50+),11,0,0
2026-01-11,2026-01,25/26,2,Class 4,沙田,Turf,烏溪沙讓賽,第四班 - 1200米 - (60-40),1200,12,med12-13,幸運奇兵(L071),L071,霍宏聲,廖康銘,12,Outside,10+,127,Med-Heavy (127-130),1058,2.0,Hot Fav (<3),2,0,1
2026-01-11,2026-01,25/26,2,Class 4,沙田,Turf,烏溪沙讓賽,第四班 - 1200米 - (60-40),1200,12,med12-13,海鑽石(L072),L072,布文,游達榮,8,Middle,7-9,127,Med-Heavy (127-130),1147,18.0,Mid (10-20),4,0,0
2026-01-11,2026-01,25/26,3,Class 4,沙田,Turf,烏溪沙讓賽,第四班 - 1200米 - (60-40),1200,12,med12-13,駿美一生(L085),L085,鍾易禮,葉楚航,10,Outside,10+,125,Medium (121-126),1025,86.0,Outsider (50+),10,0,0
2026-01-11,2026-01,25/26,7,Class 3,沙田,Turf,紅梅谷讓賽,第三班 - 1200米 - (80-60),1200,12,med12-13,馬馳登(L133),L133,巴度,黎昭昇,1,Inside,1-3,121,Medium (121-126),1190,32.0,Longshot (20-50),6,0,0
2026-01-11,2026-01,25/26,9,Class 3,沙田,Turf,白沙澳讓賽,第三班 - 1800米 - (85-60),1800,14,large14+,包裝戰仕(L112),L112,希威森,伍鵬志,8,Middle,7-9,117,Med-Light (116-120),1161,11.0,Mid (10-20),4,0,0
2026-01-11,2026-01,25/26,10,Class 3,沙田,Turf,白石凹讓賽,第三班（條件限制） - 1600米 - (85-60),1600,14,large14+,綠色鐵蹄(L147),L147,潘明輝,伍鵬志,5,Middle,4-6,122,Medium (121-126),1069,68.0,Outsider (50+),14,0,0
2026-01-11,2026-01,25/26,11,Class 3,沙田,Turf,赤柱峽讓賽,第三班 - 1400米 - (80-60),1400,14,large14+,凌登(L151),L151,巫顯東,沈集成,14,Outside,10+,118,Med-Light (116-120),1141,82.0,Outsider (50+),2,0,1
2026-01-18,2026-01,25/26,2,Class 4,沙田,Turf,自行車1200米讓賽,第四班 - 1200米 - (60-40),1200,14,large14+,綫路英雄(J428),J428,楊明綸,沈集成,5,Middle,4-6,128,Med-Heavy (127-130),1276,33.0,Longshot (20-50),2,0,1
2026-01-18,2026-01,25/26,2,Class 4,沙田,Turf,自行車1200米讓賽,第四班 - 1200米 - (60-40),1200,14,large14+,騰達勇士(K376),K376,何澤堯,方嘉柏,13,Outside,10+,128,Med-Heavy (127-130),1117,23.0,Longshot (20-50),6,0,0
2026-01-18,2026-01,25/26,2,Class 4,沙田,Turf,自行車1200米讓賽,第四班 - 1200米 - (60-40),1200,14,large14+,普魯托斯(K413),K413,周俊樂,呂健威,4,Inside,4-6,126,Medium (121-126),1112,67.0,Outsider (50+),7,0,0
2026-01-18,2026-01,25/26,3,Class 3,沙田,Turf,十五運會香港獎牌運動員盃（讓賽）,第三班 - 1000米 - (80-60),1000,11,small<=11,三甲之星(L122),L122,田泰安,桂福特,11,Outside,10+,125,Medium (121-126),1128,4.6,Fav (3-6),2,0,1
2026-01-18,2026-01,25/26,3,Class 3,沙田,Turf,十五運會香港獎牌運動員盃（讓賽）,第三班 - 1000米 - (80-60),1000,11,small<=11,國千金(L155),L155,潘頓,黎昭昇,5,Middle,4-6,120,Med-Light (116-120),1225,3.6,Fav (3-6),1,1,1
2026-01-18,2026-01,25/26,5,Class 4,沙田,Turf,自行車1200米讓賽,第四班 - 1200米 - (60-40),1200,14,large14+,非凡勇士(K561),K561,潘明輝,文家良,8,Middle,7-9,129,Med-Heavy (127-130),1222,60.0,Outsider (50+),14,0,0
2026-01-18,2026-01,25/26,5,Class 4,沙田,Turf,自行車1200米讓賽,第四班 - 1200米 - (60-40),1200,14,large14+,喜慶寶(K583),K583,何澤堯,呂健威,14,Outside,10+,129,Med-Heavy (127-130),1135,4.9,Fav (3-6),1,1,1
2026-01-18,2026-01,25/26,5,Class 4,沙田,Turf,自行車1200米讓賽,第四班 - 1200米 - (60-40),1200,14,large14+,錶之浩瀚(L106),L106,周俊樂,巫偉傑,3,Inside,1-3,127,Med-Heavy (127-130),1195,16.0,Mid (10-20),2,0,1
2026-01-18,2026-01,25/26,7,Class 4,沙田,Turf,鐵人三項1600米讓賽,第四班 - 1600米 - (60-40),1600,14,large14+,花開(L037),L037,潘明輝,文家良,4,Inside,4-6,129,Med-Heavy (127-130),1086,85.0,Outsider (50+),13,0,0
2026-01-18,2026-01,25/26,9,Class 3,沙田,Turf,撃劍1400米讓賽,第三班 - 1400米 - (80-60),1400,14,large14+,川河耀駒(L109),L109,潘頓,游達榮,2,Inside,1-3,134,Heavy (131+),1029,11.0,Mid (10-20),10,0,0
2026-01-18,2026-01,25/26,9,Class 3,沙田,Turf,撃劍1400米讓賽,第三班 - 1400米 - (80-60),1400,14,large14+,超輕鬆(L148),L148,潘明輝,姚本輝,3,Inside,1-3,127,Med-Heavy (127-130),1107,23.0,Longshot (20-50),8,0,0
2026-01-18,2026-01,25/26,10,Class 3,沙田,Turf,撃劍1400米讓賽,第三班 - 1400米 - (80-60),1400,14,large14+,友贏威馳(L172),L172,巴度,方嘉柏,4,Inside,4-6,123,Medium (121-126),1091,67.0,Outsider (50+),14,0,0
2026-01-18,2026-01,25/26,10,Class 3,沙田,Turf,撃劍1400米讓賽,第三班 - 1400米 - (80-60),1400,14,large14+,喜豐年(L185),L185,梁家俊,韋達,6,Middle,4-6,122,Medium (121-126),1138,118.0,Outsider (50+),13,0,0
2026-01-18,2026-01,25/26,11,Class 3,沙田,Turf,網球1600米讓賽,第三班 - 1600米 - (80-60),1600,14,large14+,紫辰之星(L149),L149,艾道拿,韋達,5,Middle,4-6,126,Medium (121-126),1116,67.0,Outsider (50+),5,0,0
2026-01-21,2026-01,25/26,8,Class 3,沙田,AWT,水泉澳讓賽,第三班 - 1200米 - (80-60),1200,12,med12-13,風火輪(L188),L188,奧爾民,賀賢,2,Inside,1-3,129,Med-Heavy (127-130),948,42.0,Longshot (20-50),5,0,0
2026-01-25,2026-01,25/26,1,Class 4,沙田,Turf,幸福指數讓賽,第四班 - 1000米 - (60-40),1000,14,large14+,應龍飛影(L083),L083,田泰安,伍鵬志,1,Inside,1-3,127,Med-Heavy (127-130),1164,65.0,Outsider (50+),5,0,0
2026-01-25,2026-01,25/26,1,Class 4,沙田,Turf,幸福指數讓賽,第四班 - 1000米 - (60-40),1000,14,large14+,手機錶勁(L099),L099,麥道朗,呂健威,11,Outside,10+,127,Med-Heavy (127-130),1151,1.5,Hot Fav (<3),1,1,1
2026-01-25,2026-01,25/26,1,Class 4,沙田,Turf,幸福指數讓賽,第四班 - 1000米 - (60-40),1000,14,large14+,怪獸波士(L139),L139,梁家俊,文家良,8,Middle,7-9,127,Med-Heavy (127-130),1053,120.0,Outsider (50+),9,0,0
2026-01-25,2026-01,25/26,1,Class 4,沙田,Turf,幸福指數讓賽,第四班 - 1000米 - (60-40),1000,14,large14+,頑童(L144),L144,楊明綸,鄭俊偉,13,Outside,10+,127,Med-Heavy (127-130),1115,41.0,Longshot (20-50),14,0,0
2026-01-25,2026-01,25/26,2,Class 4,沙田,Turf,爭分奪秒讓賽,第四班 - 1200米 - (60-40),1200,14,large14+,創寶駒(L161),L161,艾道拿,黎昭昇,5,Middle,4-6,127,Med-Heavy (127-130),1169,6.6,Contender (6-10),2,0,1
2026-01-25,2026-01,25/26,2,Class 4,沙田,Turf,爭分奪秒讓賽,第四班 - 1200米 - (60-40),1200,14,large14+,無比小子(L259),L259,奧爾民,徐雨石,7,Middle,7-9,127,Med-Heavy (127-130),1148,85.0,Outsider (50+),12,0,0
2026-01-25,2026-01,25/26,3,Class 2,沙田,Turf,雄心威龍讓賽,第二班 - 2000米 - (95-70),2000,10,small<=11,極光之子(L110),L110,田泰安,伍鵬志,9,Outside,7-9,121,Medium (121-126),1037,17.0,Mid (10-20),6,0,0
2026-01-25,2026-01,25/26,4,Class 4,沙田,Turf,活力先生讓賽,第四班 - 1200米 - (60-40),1200,14,large14+,金運齊來(L026),L026,梁家俊,文家良,9,Middle,7-9,127,Med-Heavy (127-130),1175,98.0,Outsider (50+),10,0,0
2026-01-25,2026-01,25/26,4,Class 4,沙田,Turf,活力先生讓賽,第四班 - 1200米 - (60-40),1200,14,large14+,安定神駒(L059),L059,希威森,廖康銘,1,Inside,1-3,127,Med-Heavy (127-130),1121,24.0,Longshot (20-50),8,0,0
2026-01-25,2026-01,25/26,4,Class 4,沙田,Turf,活力先生讓賽,第四班 - 1200米 - (60-40),1200,14,large14+,萬事勝利(L163),L163,奧爾民,告東尼,8,Middle,7-9,127,Med-Heavy (127-130),1111,87.0,Outsider (50+),12,0,0
2026-01-25,2026-01,25/26,7,Class 4,沙田,Turf,夏威夷讓賽,第四班 - 1400米 - (60-40),1400,14,large14+,幸運威龍(L125),L125,霍宏聲,羅富全,4,Inside,4-6,127,Med-Heavy (127-130),1325,18.0,Mid (10-20),6,0,0
2026-01-25,2026-01,25/26,10,Class 3,沙田,Turf,友瑩格讓賽,第三班 - 1200米 - (80-60),1200,14,large14+,摯友勝(L092),L092,梁家俊,丁冠豪,12,Outside,10+,121,Medium (121-126),1087,107.0,Outsider (50+),11,0,0
2026-01-25,2026-01,25/26,10,Class 3,沙田,Turf,友瑩格讓賽,第三班 - 1200米 - (80-60),1200,14,large14+,巨靈神(L169),L169,巫顯東,徐雨石,6,Middle,4-6,121,Medium (121-126),1147,104.0,Outsider (50+),14,0,0
2026-01-25,2026-01,25/26,11,Class 3,沙田,Turf,美麗傳承讓賽,第三班 - 1600米 - (80-60),1600,14,large14+,嘉應勇將(L094),L094,蔡明紹,告東尼,10,Outside,10+,129,Med-Heavy (127-130),1136,57.0,Outsider (50+),13,0,0
2026-01-25,2026-01,25/26,11,Class 3,沙田,Turf,美麗傳承讓賽,第三班 - 1600米 - (80-60),1600,14,large14+,超勁熊威(L192),L192,麥文堅,廖康銘,8,Middle,7-9,132,Heavy (131+),1151,108.0,Outsider (50+),10,0,0
2026-01-28,2026-01,25/26,3,Class 4,跑馬地,Turf,駱克讓賽,第四班 - 1200米 - (60-40),1200,12,med12-13,活得健康(L140),L140,潘明輝,黎昭昇,1,Inside,1-3,127,Med-Heavy (127-130),1220,58.0,Outsider (50+),12,0,0
2026-01-28,2026-01,25/26,7,Class 3,跑馬地,Turf,修頓讓賽,第三班 - 1200米 - (80-60),1200,12,med12-13,贏完又贏(K512),K512,巫顯東,沈集成,9,Outside,7-9,121,Medium (121-126),1115,62.0,Outsider (50+),12,0,0
2026-02-01,2026-02,25/26,1,Class 4,沙田,Turf,清水灣讓賽,第四班 - 1000米 - (60-40),1000,14,large14+,綠茵明珠(K460),K460,何澤堯,呂健威,11,Outside,10+,127,Med-Heavy (127-130),1164,102.0,Outsider (50+),10,0,0
2026-02-01,2026-02,25/26,1,Class 4,沙田,Turf,清水灣讓賽,第四班 - 1000米 - (60-40),1000,14,large14+,種得好(K579),K579,周俊樂,文家良,13,Outside,10+,125,Medium (121-126),1145,127.0,Outsider (50+),11,0,0
2026-02-01,2026-02,25/26,1,Class 4,沙田,Turf,清水灣讓賽,第四班 - 1000米 - (60-40),1000,14,large14+,八仟好運(K582),K582,麥文堅,蔡約翰,7,Middle,7-9,127,Med-Heavy (127-130),1113,35.0,Longshot (20-50),1,1,1
2026-02-01,2026-02,25/26,1,Class 4,沙田,Turf,清水灣讓賽,第四班 - 1000米 - (60-40),1000,14,large14+,文采風流(L021),L021,奧爾民,蘇偉賢,6,Middle,4-6,127,Med-Heavy (127-130),1074,71.0,Outsider (50+),2,0,1
2026-02-01,2026-02,25/26,1,Class 4,沙田,Turf,清水灣讓賽,第四班 - 1000米 - (60-40),1000,14,large14+,辣得爽利(L086),L086,蔡明紹,巫偉傑,9,Middle,7-9,127,Med-Heavy (127-130),1189,114.0,Outsider (50+),12,0,0
2026-02-01,2026-02,25/26,1,Class 4,沙田,Turf,清水灣讓賽,第四班 - 1000米 - (60-40),1000,14,large14+,發財金鞍(L090),L090,巫顯東,丁冠豪,3,Inside,1-3,125,Medium (121-126),1106,116.0,Outsider (50+),14,0,0
2026-02-01,2026-02,25/26,1,Class 4,沙田,Turf,清水灣讓賽,第四班 - 1000米 - (60-40),1000,14,large14+,致力之城(L210),L210,潘頓,大衛希斯,8,Middle,7-9,127,Med-Heavy (127-130),1064,1.5,Hot Fav (<3),9,0,0
2026-02-01,2026-02,25/26,4,Class 4,沙田,Turf,林村讓賽,第四班 - 1200米 - (60-40),1200,14,large14+,桃花俊(L066),L066,艾道拿,鄭俊偉,5,Middle,4-6,128,Med-Heavy (127-130),1173,42.0,Longshot (20-50),11,0,0
2026-02-01,2026-02,25/26,4,Class 4,沙田,Turf,林村讓賽,第四班 - 1200米 - (60-40),1200,14,large14+,美獅魚(L176),L176,布文,韋達,1,Inside,1-3,128,Med-Heavy (127-130),1213,27.0,Longshot (20-50),12,0,0
2026-02-01,2026-02,25/26,5,Class 4,沙田,Turf,林村讓賽,第四班 - 1200米 - (60-40),1200,14,large14+,又要威(K522),K522,金誠剛,姚本輝,2,Inside,1-3,127,Med-Heavy (127-130),1118,92.0,Outsider (50+),13,0,0
2026-02-01,2026-02,25/26,6,Class 3,沙田,Turf,海下讓賽,第三班 - 1000米 - (80-60),1000,12,med12-13,價值傳承(L170),L170,潘頓,葉楚航,3,Inside,1-3,125,Medium (121-126),1125,4.6,Fav (3-6),2,0,1
2026-02-01,2026-02,25/26,6,Class 3,沙田,Turf,海下讓賽,第三班 - 1000米 - (80-60),1000,12,med12-13,好評如潮(L223),L223,潘明輝,鄭俊偉,8,Middle,7-9,125,Medium (121-126),1126,32.0,Longshot (20-50),1,1,1
2026-02-01,2026-02,25/26,11,Class 3,沙田,Turf,印洲塘讓賽,第三班 - 1400米 - (85-60),1400,14,large14+,熒光(L124),L124,鍾易禮,文家良,4,Inside,4-6,115,Light (<=115),1097,151.0,Outsider (50+),11,0,0
2026-02-01,2026-02,25/26,11,Class 3,沙田,Turf,印洲塘讓賽,第三班 - 1400米 - (85-60),1400,14,large14+,泰力(L171),L171,艾兆禮,賀賢,11,Outside,10+,118,Med-Light (116-120),1095,40.0,Longshot (20-50),9,0,0
2026-02-04,2026-02,25/26,6,Class 3,跑馬地,Turf,景光讓賽,第三班 - 1000米 - (80-60),1000,11,small<=11,團結巴打(L150),L150,田泰安,桂福特,9,Outside,7-9,121,Medium (121-126),987,28.0,Longshot (20-50),5,0,0
2026-02-04,2026-02,25/26,6,Class 3,跑馬地,Turf,景光讓賽,第三班 - 1000米 - (80-60),1000,11,small<=11,鋼鐵安防(L174),L174,梁家俊,鄭俊偉,4,Middle,4-6,120,Med-Light (116-120),1196,21.0,Longshot (20-50),9,0,0
2026-02-08,2026-02,25/26,2,Class 4,沙田,AWT,龍逸讓賽,第四班 - 1200米 - (60-40),1200,12,med12-13,威威神駒(K565),K565,奧爾民,韋達,4,Inside,4-6,127,Med-Heavy (127-130),1081,59.0,Outsider (50+),12,0,0
2026-02-08,2026-02,25/26,9,Class 3,沙田,AWT,湖景讓賽,第三班 - 1200米 - (85-60),1200,12,med12-13,幸運大夫(L225),L225,希威森,伍鵬志,4,Inside,4-6,119,Med-Light (116-120),1193,62.0,Outsider (50+),12,0,0
2026-02-08,2026-02,25/26,10,Class 3,沙田,Turf,欣田讓賽,第三班 - 1400米 - (80-60),1400,14,large14+,同心同夢(L215),L215,田泰安,桂福特,8,Middle,7-9,127,Med-Heavy (127-130),1213,27.0,Longshot (20-50),10,0,0
2026-02-11,2026-02,25/26,4,Class 4,跑馬地,Turf,雙喜讓賽,第四班 - 1200米 - (60-40),1200,11,small<=11,悠然常勝(L136),L136,蔡明紹,巫偉傑,2,Inside,1-3,127,Med-Heavy (127-130),1064,60.0,Outsider (50+),9,0,0
2026-02-11,2026-02,25/26,5,Class 4,跑馬地,Turf,四美讓賽,第四班 - 1000米 - (60-40),1000,12,med12-13,杰遜仔(L036),L036,布文,丁冠豪,10,Outside,10+,129,Med-Heavy (127-130),1018,29.0,Longshot (20-50),12,0,0
2026-02-11,2026-02,25/26,5,Class 4,跑馬地,Turf,四美讓賽,第四班 - 1000米 - (60-40),1000,12,med12-13,飛揚騅(L070),L070,奧爾民,方嘉柏,3,Inside,1-3,129,Med-Heavy (127-130),1132,49.0,Longshot (20-50),9,0,0
2026-02-14,2026-02,25/26,3,Class 3,沙田,Turf,TVB慈善星輝仁濟夜讓賽,第三班 - 1200米 - (80-60),1200,11,small<=11,孤風潛影(L186),L186,楊明綸,大衛希斯,10,Outside,10+,124,Medium (121-126),1005,101.0,Outsider (50+),8,0,0
2026-02-14,2026-02,25/26,3,Class 3,沙田,Turf,TVB慈善星輝仁濟夜讓賽,第三班 - 1200米 - (80-60),1200,11,small<=11,赤海(L195),L195,潘頓,黎昭昇,11,Outside,10+,131,Heavy (131+),1126,3.9,Fav (3-6),3,0,1
2026-02-14,2026-02,25/26,3,Class 3,沙田,Turf,TVB慈善星輝仁濟夜讓賽,第三班 - 1200米 - (80-60),1200,11,small<=11,天馬行雲(L221),L221,希威森,桂福特,6,Middle,4-6,124,Medium (121-126),1165,14.0,Mid (10-20),4,0,0
2026-02-14,2026-02,25/26,7,Class 2,沙田,Turf,TVB盃（讓賽）,第二班 - 1200米 - (105-80),1200,11,small<=11,馭跑得(L193),L193,鍾易禮,廖康銘,12,Outside,10+,113,Light (<=115),1102,33.0,Longshot (20-50),6,0,0
2026-02-14,2026-02,25/26,9,Class 3,沙田,Turf,TVB中年好聲音讓賽,第三班 - 1000米 - (80-60),1000,14,large14+,怡傲錢莊(L222),L222,何澤堯,游達榮,14,Outside,10+,124,Medium (121-126),952,42.0,Longshot (20-50),11,0,0
2026-02-14,2026-02,25/26,10,Class 3,沙田,Turf,TVB香港小姐競選讓賽,第三班（條件限制） - 1600米 - (85-60),1600,14,large14+,安帝(L107),L107,巴度,蔡約翰,11,Outside,10+,127,Med-Heavy (127-130),1046,49.0,Longshot (20-50),7,0,0
2026-02-19,2026-02,25/26,2,Class 4,沙田,Turf,發財讓賽,第四班 - 1200米 - (60-40),1200,14,large14+,禾道豐(L264),L264,布文,方嘉柏,8,Middle,7-9,127,Med-Heavy (127-130),1118,21.0,Longshot (20-50),1,1,1
2026-02-19,2026-02,25/26,4,Class 4,沙田,Turf,發財讓賽,第四班 - 1200米 - (60-40),1200,14,large14+,櫻花酒杯(L230),L230,奧爾民,呂健威,11,Outside,10+,128,Med-Heavy (127-130),1163,6.0,Contender (6-10),1,1,1
2026-02-19,2026-02,25/26,5,Class 4,沙田,Turf,發財讓賽,第四班 - 1200米 - (60-40),1200,14,large14+,遨遊首領(L001),L001,潘明輝,姚本輝,8,Middle,7-9,129,Med-Heavy (127-130),1080,12.0,Mid (10-20),7,0,0
2026-02-19,2026-02,25/26,11,Class 3,沙田,Turf,吉祥讓賽,第三班 - 1400米 - (80-60),1400,13,med12-13,北斗福星(L238),L238,田泰安,桂福特,1,Inside,1-3,123,Medium (121-126),1150,33.0,Longshot (20-50),7,0,0
2026-02-22,2026-02,25/26,1,Class 4,沙田,Turf,水仙花讓賽,第四班 - 1000米 - (60-40),1000,14,large14+,賀龍飛翔(K345),K345,潘明輝,賀賢,6,Middle,4-6,128,Med-Heavy (127-130),1152,54.0,Outsider (50+),6,0,0
2026-02-22,2026-02,25/26,1,Class 4,沙田,Turf,水仙花讓賽,第四班 - 1000米 - (60-40),1000,14,large14+,閃電小子(L126),L126,潘頓,文家良,4,Inside,4-6,128,Med-Heavy (127-130),1087,3.0,Fav (3-6),1,1,1
2026-02-22,2026-02,25/26,1,Class 4,沙田,Turf,水仙花讓賽,第四班 - 1000米 - (60-40),1000,14,large14+,傳承精神(L156),L156,奧爾民,姚本輝,3,Inside,1-3,128,Med-Heavy (127-130),1136,37.0,Longshot (20-50),8,0,0
2026-02-22,2026-02,25/26,1,Class 4,沙田,Turf,水仙花讓賽,第四班 - 1000米 - (60-40),1000,14,large14+,喜樂之星(L235),L235,巫顯東,沈集成,7,Middle,7-9,126,Medium (121-126),1165,27.0,Longshot (20-50),7,0,0
2026-02-22,2026-02,25/26,2,Class 4,沙田,Turf,劍蘭讓賽,第四班 - 1200米 - (60-40),1200,14,large14+,快樂共濟(L049),L049,何澤堯,呂健威,5,Middle,4-6,129,Med-Heavy (127-130),1149,5.3,Fav (3-6),4,0,0
2026-02-22,2026-02,25/26,2,Class 4,沙田,Turf,劍蘭讓賽,第四班 - 1200米 - (60-40),1200,14,large14+,金津寶駒(L157),L157,鍾易禮,文家良,8,Middle,7-9,127,Med-Heavy (127-130),1194,96.0,Outsider (50+),10,0,0
2026-02-22,2026-02,25/26,5,Class 4,沙田,Turf,鄉議局百周年紀念盃（讓賽）,第四班 - 1200米 - (60-40),1200,14,large14+,大宗師(K578),K578,巫顯東,姚本輝,4,Inside,4-6,125,Medium (121-126),1071,135.0,Outsider (50+),14,0,0
2026-02-22,2026-02,25/26,5,Class 4,沙田,Turf,鄉議局百周年紀念盃（讓賽）,第四班 - 1200米 - (60-40),1200,14,large14+,歷勝(L199),L199,楊明綸,呂健威,5,Middle,4-6,127,Med-Heavy (127-130),1155,25.0,Longshot (20-50),8,0,0
2026-02-22,2026-02,25/26,6,Class 4,沙田,Turf,桃花讓賽,第四班 - 1400米 - (60-40),1400,14,large14+,鴻圖大展(L138),L138,金誠剛,沈集成,10,Outside,10+,127,Med-Heavy (127-130),1078,89.0,Outsider (50+),12,0,0
2026-02-22,2026-02,25/26,9,Class 3,沙田,Turf,牡丹讓賽,第三班 - 1200米 - (80-60),1200,10,small<=11,愛馬心(L220),L220,田泰安,鄭俊偉,9,Outside,7-9,124,Medium (121-126),1020,74.0,Outsider (50+),5,0,0
2026-02-22,2026-02,25/26,9,Class 3,沙田,Turf,牡丹讓賽,第三班 - 1200米 - (80-60),1200,10,small<=11,贏得威楓(L248),L248,希威森,桂福特,3,Inside,1-3,124,Medium (121-126),1245,22.0,Longshot (20-50),10,0,0
2026-02-25,2026-02,25/26,2,Class 4,跑馬地,Turf,堅尼地讓賽,第四班 - 1200米 - (60-40),1200,12,med12-13,尚旋(L141),L141,何澤堯,呂健威,11,Outside,10+,127,Med-Heavy (127-130),1036,34.0,Longshot (20-50),11,0,0
2026-02-25,2026-02,25/26,4,Class 4,跑馬地,Turf,堅尼地讓賽,第四班 - 1200米 - (60-40),1200,12,med12-13,開心旺財(L045),L045,潘頓,伍鵬志,6,Middle,4-6,127,Med-Heavy (127-130),1063,9.1,Contender (6-10),6,0,0
2026-03-01,2026-03,25/26,2,Class 4,沙田,Turf,花旗銀行CITI PRIVATE BANK讓賽,第四班 - 1400米 - (60-40),1400,14,large14+,贏玥(L039),L039,潘明輝,巫偉傑,12,Outside,10+,128,Med-Heavy (127-130),1174,26.0,Longshot (20-50),7,0,0
2026-03-01,2026-03,25/26,4,Class 4,沙田,Turf,花旗銀行CITIGOLD讓賽,第四班 - 1200米 - (60-40),1200,14,large14+,日出沙頭(L145),L145,楊明綸,葉楚航,10,Outside,10+,129,Med-Heavy (127-130),1176,119.0,Outsider (50+),14,0,0
2026-03-01,2026-03,25/26,4,Class 4,沙田,Turf,花旗銀行CITIGOLD讓賽,第四班 - 1200米 - (60-40),1200,14,large14+,日日賞(L273),L273,巴度,方嘉柏,8,Middle,7-9,129,Med-Heavy (127-130),1133,20.0,Longshot (20-50),4,0,0
2026-03-01,2026-03,25/26,5,Class 4,沙田,Turf,花旗銀行CITI ULTIMA讓賽,第四班 - 1200米 - (60-40),1200,14,large14+,健康小馬(L046),L046,金誠剛,鄭俊偉,3,Inside,1-3,128,Med-Heavy (127-130),1022,127.0,Outsider (50+),14,0,0
2026-03-01,2026-03,25/26,5,Class 4,沙田,Turf,花旗銀行CITI ULTIMA讓賽,第四班 - 1200米 - (60-40),1200,14,large14+,大千赤風(L208),L208,霍宏聲,廖康銘,14,Outside,10+,128,Med-Heavy (127-130),1097,15.0,Mid (10-20),6,0,0
2026-03-04,2026-03,25/26,6,Class 3,跑馬地,Turf,冠忠巴士盃（讓賽）,第三班 - 1200米 - (80-60),1200,10,small<=11,浪漫鬥士(L240),L240,麥文堅,沈集成,2,Inside,1-3,125,Medium (121-126),1016,18.0,Mid (10-20),4,0,0
2026-03-08,2026-03,25/26,1,Class 4,沙田,Turf,沙福讓賽,第四班 - 1000米 - (60-40),1000,13,med12-13,馬運高(L175),L175,潘明輝,文家良,9,Outside,7-9,127,Med-Heavy (127-130),1224,1.8,Hot Fav (<3),4,0,0
2026-03-08,2026-03,25/26,1,Class 4,沙田,Turf,沙福讓賽,第四班 - 1000米 - (60-40),1000,13,med12-13,領航多福(L201),L201,金誠剛,鄭俊偉,3,Inside,1-3,127,Med-Heavy (127-130),1048,23.0,Longshot (20-50),5,0,0
2026-03-08,2026-03,25/26,1,Class 4,沙田,Turf,沙福讓賽,第四班 - 1000米 - (60-40),1000,13,med12-13,經典多寶(L212),L212,艾兆禮,蘇偉賢,12,Outside,10+,127,Med-Heavy (127-130),1040,14.0,Mid (10-20),13,0,0
2026-03-08,2026-03,25/26,6,Class 4,沙田,Turf,根德讓賽,第四班 - 1200米 - (60-40),1200,12,med12-13,豪邁先登(L180),L180,巴度,葉楚航,5,Middle,4-6,129,Med-Heavy (127-130),1021,61.0,Outsider (50+),5,0,0
2026-03-11,2026-03,25/26,6,Class 4,跑馬地,Turf,卑利士讓賽,第四班 - 1200米 - (60-40),1200,12,med12-13,勁砲王(K543),K543,金誠剛,游達榮,12,Outside,10+,127,Med-Heavy (127-130),1175,82.0,Outsider (50+),8,0,0
2026-03-15,2026-03,25/26,3,Class 4,沙田,Turf,衙前圍讓賽,第四班 - 1200米 - (60-40),1200,12,med12-13,龍之悅(K571),K571,楊明綸,呂健威,3,Inside,1-3,127,Med-Heavy (127-130),1140,23.0,Longshot (20-50),1,1,1
2026-03-15,2026-03,25/26,3,Class 4,沙田,Turf,衙前圍讓賽,第四班 - 1200米 - (60-40),1200,12,med12-13,活力輝煌(L203),L203,周俊樂,羅富全,6,Middle,4-6,125,Medium (121-126),1148,51.0,Outsider (50+),10,0,0
2026-03-15,2026-03,25/26,3,Class 4,沙田,Turf,衙前圍讓賽,第四班 - 1200米 - (60-40),1200,12,med12-13,精彩勇將(L275),L275,布文,方嘉柏,7,Middle,7-9,127,Med-Heavy (127-130),1094,10.0,Mid (10-20),11,0,0
2026-03-15,2026-03,25/26,4,Class 4,沙田,Turf,衙前圍讓賽,第四班 - 1200米 - (60-40),1200,12,med12-13,堅先生(L232),L232,田泰安,桂福特,7,Middle,7-9,129,Med-Heavy (127-130),1195,5.0,Fav (3-6),1,1,1
2026-03-15,2026-03,25/26,4,Class 4,沙田,Turf,衙前圍讓賽,第四班 - 1200米 - (60-40),1200,12,med12-13,勤德皆備(L270),L270,潘頓,賀賢,2,Inside,1-3,129,Med-Heavy (127-130),1185,2.9,Hot Fav (<3),7,0,0
2026-03-15,2026-03,25/26,6,Class 3,沙田,Turf,樂善堂盃（讓賽）,第三班 - 1000米 - (85-60),1000,13,med12-13,智勝一籌(L249),L249,蔡明紹,蘇偉賢,11,Outside,10+,121,Medium (121-126),1035,26.0,Longshot (20-50),11,0,0
2026-03-15,2026-03,25/26,11,Class 3,沙田,Turf,賈炳達讓賽,第三班 - 1400米 - (80-60),1400,12,med12-13,騰龍踏雪(L111),L111,金誠剛,游達榮,5,Middle,4-6,124,Medium (121-126),1047,67.0,Outsider (50+),8,0,0
2026-03-18,2026-03,25/26,4,Class 4,跑馬地,Turf,三葉草讓賽,第四班 - 1200米 - (60-40),1200,12,med12-13,潮流勇駒(L209),L209,巴度,黎昭昇,11,Outside,10+,127,Med-Heavy (127-130),1167,43.0,Longshot (20-50),8,0,0
2026-03-18,2026-03,25/26,5,Class 4,跑馬地,Turf,愛爾蘭錦標（讓賽）,第四班 - 1200米 - (60-40),1200,12,med12-13,觀萬象(L060),L060,周俊樂,葉楚航,1,Inside,1-3,125,Medium (121-126),1195,47.0,Longshot (20-50),12,0,0
2026-03-18,2026-03,25/26,5,Class 4,跑馬地,Turf,愛爾蘭錦標（讓賽）,第四班 - 1200米 - (60-40),1200,12,med12-13,鑽飾閃耀(L182),L182,霍宏聲,廖康銘,11,Outside,10+,127,Med-Heavy (127-130),1064,19.0,Mid (10-20),8,0,0
2026-03-22,2026-03,25/26,2,Class 4,沙田,Turf,平海福星讓賽,第四班 - 1200米 - (60-40),1200,13,med12-13,超和平(L226),L226,梁家俊,巫偉傑,7,Middle,7-9,127,Med-Heavy (127-130),1101,25.0,Longshot (20-50),1,1,1
2026-03-22,2026-03,25/26,3,Class 3,沙田,Turf,添滿意讓賽,第三班 - 1200米 - (80-60),1200,10,small<=11,黃金大亨(L135),L135,鍾易禮,告東尼,6,Middle,4-6,128,Med-Heavy (127-130),1077,19.0,Mid (10-20),9,0,0
2026-03-22,2026-03,25/26,3,Class 3,沙田,Turf,添滿意讓賽,第三班 - 1200米 - (80-60),1200,10,small<=11,名揚四海(L219),L219,梁家俊,巫偉傑,4,Middle,4-6,122,Medium (121-126),1139,51.0,Outsider (50+),8,0,0
2026-03-22,2026-03,25/26,4,Class 4,沙田,Turf,達心星讓賽,第四班 - 1200米 - (60-40),1200,14,large14+,北極之錶(L211),L211,霍宏聲,廖康銘,11,Outside,10+,127,Med-Heavy (127-130),1224,20.0,Longshot (20-50),12,0,0
2026-03-22,2026-03,25/26,5,Class 4,沙田,Turf,陽明飛飛讓賽,第四班 - 1400米 - (60-40),1400,14,large14+,帝豪先鋒(K499),K499,奧爾民,游達榮,5,Middle,4-6,127,Med-Heavy (127-130),1268,54.0,Outsider (50+),7,0,0
2026-03-22,2026-03,25/26,6,Class 3,沙田,Turf,明月千里讓賽,第三班 - 1200米 - (80-60),1200,10,small<=11,星願無限(L267),L267,巫顯東,沈集成,6,Middle,4-6,120,Med-Light (116-120),1034,59.0,Outsider (50+),5,0,0
2026-03-22,2026-03,25/26,6,Class 3,沙田,Turf,明月千里讓賽,第三班 - 1200米 - (80-60),1200,10,small<=11,晉步贏(L269),L269,田泰安,伍鵬志,2,Inside,1-3,119,Med-Light (116-120),1097,62.0,Outsider (50+),9,0,0
2026-03-22,2026-03,25/26,9,Class 3,沙田,Turf,佳龍駒讓賽,第三班 - 1400米 - (80-60),1400,12,med12-13,魅力奔騰(K426),K426,艾道拿,游達榮,5,Middle,4-6,135,Heavy (131+),1103,48.0,Longshot (20-50),7,0,0
2026-03-22,2026-03,25/26,9,Class 3,沙田,Turf,佳龍駒讓賽,第三班 - 1400米 - (80-60),1400,12,med12-13,精巧時計(L042),L042,潘明輝,賀賢,10,Outside,10+,122,Medium (121-126),1079,81.0,Outsider (50+),11,0,0
2026-03-25,2026-03,25/26,5,Class 3,跑馬地,Turf,扶輪百週年挑戰盃（讓賽）,第三班 - 1000米 - (80-60),1000,11,small<=11,高士威勁(L196),L196,潘明輝,姚本輝,11,Outside,10+,123,Medium (121-126),1048,29.0,Longshot (20-50),9,0,0
2026-03-25,2026-03,25/26,5,Class 3,跑馬地,Turf,扶輪百週年挑戰盃（讓賽）,第三班 - 1000米 - (80-60),1000,11,small<=11,好吉利高(L224),L224,艾兆禮,伍鵬志,7,Middle,7-9,122,Medium (121-126),1171,28.0,Longshot (20-50),11,0,0
2026-03-25,2026-03,25/26,8,Class 3,跑馬地,Turf,粉嶺讓賽,第三班 - 1650米 - (80-60),1650,12,med12-13,三寶進財(L167),L167,金誠剛,游達榮,9,Outside,7-9,121,Medium (121-126),1158,73.0,Outsider (50+),11,0,0
2026-03-29,2026-03,25/26,4,Class 2,沙田,Turf,逸夫校友讓賽,第二班 - 1600米 - (100-80),1600,9,small<=11,展雄志(L396),L396,潘頓,大衛希斯,6,Middle,4-6,125,Medium (121-126),1096,4.3,Fav (3-6),7,0,0
2026-03-29,2026-03,25/26,5,Class 4,沙田,Turf,教育學院校友讓賽,第四班 - 1000米 - (60-40),1000,14,large14+,電子騰飛(L181),L181,艾兆禮,蘇偉賢,6,Middle,4-6,127,Med-Heavy (127-130),1020,93.0,Outsider (50+),11,0,0
2026-03-29,2026-03,25/26,5,Class 4,沙田,Turf,教育學院校友讓賽,第四班 - 1000米 - (60-40),1000,14,large14+,步步合拍(L252),L252,布文,蔡約翰,3,Inside,1-3,127,Med-Heavy (127-130),1189,10.0,Mid (10-20),10,0,0
2026-03-29,2026-03,25/26,5,Class 4,沙田,Turf,教育學院校友讓賽,第四班 - 1000米 - (60-40),1000,14,large14+,天外富天(L328),L328,潘頓,大衛希斯,4,Inside,4-6,127,Med-Heavy (127-130),1201,13.0,Mid (10-20),7,0,0
2026-03-29,2026-03,25/26,6,Class 4,沙田,Turf,香港中文大學校友會聯會盃（讓賽）,第四班 - 1400米 - (60-40),1400,14,large14+,紫荊戰士(L263),L263,班德禮,大衛希斯,1,Inside,1-3,128,Med-Heavy (127-130),1137,20.0,Longshot (20-50),10,0,0
2026-03-29,2026-03,25/26,7,Class 4,沙田,Turf,研究院校友讓賽,第四班 - 1200米 - (60-40),1200,14,large14+,你知我寶(L132),L132,布文,姚本輝,10,Outside,10+,130,Med-Heavy (127-130),1130,7.5,Contender (6-10),11,0,0
2026-03-29,2026-03,25/26,7,Class 4,沙田,Turf,研究院校友讓賽,第四班 - 1200米 - (60-40),1200,14,large14+,皇者威楓(L158),L158,田泰安,葉楚航,2,Inside,1-3,130,Med-Heavy (127-130),1122,13.0,Mid (10-20),9,0,0
2026-03-29,2026-03,25/26,10,Class 3,沙田,Turf,伍宜孫校友讓賽,第三班 - 1200米 - (80-60),1200,13,med12-13,紅運光輝(L030),L030,艾兆禮,蔡約翰,4,Inside,4-6,123,Medium (121-126),1027,7.2,Contender (6-10),5,0,0
2026-03-29,2026-03,25/26,10,Class 3,沙田,Turf,伍宜孫校友讓賽,第三班 - 1200米 - (80-60),1200,13,med12-13,龍虎精神(L116),L116,梁家俊,羅富全,10,Outside,10+,121,Medium (121-126),1129,73.0,Outsider (50+),13,0,0
2026-04-01,2026-04,25/26,6,Class 4,沙田,AWT,馬頭圍讓賽,第四班 - 1200米 - (60-40),1200,12,med12-13,鋁主角(L319),L319,楊明綸,大衛希斯,3,Inside,1-3,127,Med-Heavy (127-130),1175,20.0,Longshot (20-50),11,0,0
2026-04-06,2026-04,25/26,1,Class 4,沙田,Turf,盧吉讓賽,第四班 - 1000米 - (60-40),1000,14,large14+,鸚姿威鵡(L063),L063,巫顯東,蘇偉賢,6,Middle,4-6,125,Medium (121-126),1045,137.0,Outsider (50+),14,0,0
2026-04-06,2026-04,25/26,1,Class 4,沙田,Turf,盧吉讓賽,第四班 - 1000米 - (60-40),1000,14,large14+,領航多財(L101),L101,蔡明紹,鄭俊偉,3,Inside,1-3,127,Med-Heavy (127-130),1114,94.0,Outsider (50+),13,0,0
2026-04-06,2026-04,25/26,1,Class 4,沙田,Turf,盧吉讓賽,第四班 - 1000米 - (60-40),1000,14,large14+,極速神影(L204),L204,袁幸堯,姚本輝,13,Outside,10+,117,Med-Light (116-120),1063,11.0,Mid (10-20),3,0,1
2026-04-06,2026-04,25/26,1,Class 4,沙田,Turf,盧吉讓賽,第四班 - 1000米 - (60-40),1000,14,large14+,三代至醒(L207),L207,希威森,呂健威,9,Middle,7-9,127,Med-Heavy (127-130),1165,7.4,Contender (6-10),9,0,0
2026-04-06,2026-04,25/26,1,Class 4,沙田,Turf,盧吉讓賽,第四班 - 1000米 - (60-40),1000,14,large14+,將傲(L277),L277,奧爾民,韋達,2,Inside,1-3,127,Med-Heavy (127-130),1084,36.0,Longshot (20-50),7,0,0
2026-04-06,2026-04,25/26,1,Class 4,沙田,Turf,盧吉讓賽,第四班 - 1000米 - (60-40),1000,14,large14+,文明戰士(L287),L287,周俊樂,葉楚航,4,Inside,4-6,125,Medium (121-126),1179,12.0,Mid (10-20),11,0,0
2026-04-06,2026-04,25/26,1,Class 4,沙田,Turf,盧吉讓賽,第四班 - 1000米 - (60-40),1000,14,large14+,天寶威威(L296),L296,田泰安,徐雨石,11,Outside,10+,127,Med-Heavy (127-130),1187,30.0,Longshot (20-50),6,0,0
2026-04-06,2026-04,25/26,4,Class 4,沙田,Turf,賓吉讓賽,第四班 - 1400米 - (60-40),1400,14,large14+,風捲殘雲(K555),K555,梁家俊,廖康銘,9,Middle,7-9,127,Med-Heavy (127-130),1050,145.0,Outsider (50+),8,0,0
2026-04-06,2026-04,25/26,5,Class 4,沙田,Turf,貝璐讓賽,第四班 - 1200米 - (60-40),1200,14,large14+,利高八斗(K542),K542,袁幸堯,姚本輝,3,Inside,1-3,118,Med-Light (116-120),1099,15.0,Mid (10-20),3,0,1
2026-04-06,2026-04,25/26,5,Class 4,沙田,Turf,貝璐讓賽,第四班 - 1200米 - (60-40),1200,14,large14+,巴閉精(L040),L040,潘頓,呂健威,10,Outside,10+,128,Med-Heavy (127-130),1164,2.4,Hot Fav (<3),4,0,0
2026-04-06,2026-04,25/26,6,Class 3,沙田,Turf,百祿讓賽,第三班 - 1000米 - (80-60),1000,12,med12-13,智勝策略(L173),L173,田泰安,蘇偉賢,7,Middle,7-9,121,Medium (121-126),1073,106.0,Outsider (50+),10,0,0
2026-04-06,2026-04,25/26,6,Class 3,沙田,Turf,百祿讓賽,第三班 - 1000米 - (80-60),1000,12,med12-13,多威心得(L305),L305,班德禮,大衛希斯,1,Inside,1-3,130,Med-Heavy (127-130),987,74.0,Outsider (50+),11,0,0
2026-04-08,2026-04,25/26,3,Class 4,跑馬地,Turf,嘉咸讓賽,第四班 - 1000米 - (60-40),1000,12,med12-13,財將(L234),L234,鍾易禮,告東尼,7,Middle,7-9,125,Medium (121-126),1155,5.2,Fav (3-6),1,1,1
2026-04-08,2026-04,25/26,3,Class 4,跑馬地,Turf,嘉咸讓賽,第四班 - 1000米 - (60-40),1000,12,med12-13,美麗登場(L260),L260,潘頓,羅富全,8,Middle,7-9,127,Med-Heavy (127-130),1178,6.4,Contender (6-10),2,0,1
2026-04-08,2026-04,25/26,7,Class 3,跑馬地,Turf,己連拿利讓賽,第三班 - 1650米 - (80-60),1650,12,med12-13,妙算強人(K577),K577,鍾易禮,桂福特,3,Inside,1-3,116,Med-Light (116-120),1144,85.0,Outsider (50+),12,0,0
2026-04-08,2026-04,25/26,9,Class 3,跑馬地,Turf,安蘭讓賽,第三班 - 1200米 - (80-60),1200,12,med12-13,威力飛騰(L247),L247,潘明輝,蘇偉賢,1,Inside,1-3,122,Medium (121-126),1174,88.0,Outsider (50+),12,0,0
2026-04-12,2026-04,25/26,1,Griffin,沙田,Turf,寶靈平磅賽,新馬賽 - 1000米,1000,6,small<=11,嘉應感恩(L114),L114,梁家俊,巫偉傑,2,Inside,1-3,126,Medium (121-126),1014,16.0,Mid (10-20),6,0,0
2026-04-12,2026-04,25/26,1,Griffin,沙田,Turf,寶靈平磅賽,新馬賽 - 1000米,1000,6,small<=11,通情達理(L183),L183,潘頓,葉楚航,4,Middle,4-6,126,Medium (121-126),1061,2.2,Hot Fav (<3),1,1,1
2026-04-12,2026-04,25/26,1,Griffin,沙田,Turf,寶靈平磅賽,新馬賽 - 1000米,1000,6,small<=11,銀騎士(L236),L236,希威森,韋達,3,Middle,1-3,126,Medium (121-126),1102,12.0,Mid (10-20),4,0,0
2026-04-12,2026-04,25/26,1,Griffin,沙田,Turf,寶靈平磅賽,新馬賽 - 1000米,1000,6,small<=11,雙劍合璧(L290),L290,班德禮,大衛希斯,6,Outside,4-6,121,Medium (121-126),1020,4.0,Fav (3-6),2,0,1
2026-04-12,2026-04,25/26,1,Griffin,沙田,Turf,寶靈平磅賽,新馬賽 - 1000米,1000,6,small<=11,精英奪冠(L295),L295,楊明綸,大衛希斯,1,Inside,1-3,121,Medium (121-126),1125,2.9,Hot Fav (<3),3,0,1
2026-04-12,2026-04,25/26,1,Griffin,沙田,Turf,寶靈平磅賽,新馬賽 - 1000米,1000,6,small<=11,盛世英雄(L348),L348,田泰安,大衛希斯,5,Outside,4-6,121,Medium (121-126),906,23.0,Longshot (20-50),5,0,0
2026-04-12,2026-04,25/26,4,Class 4,沙田,Turf,覺士讓賽,第四班 - 1400米 - (60-40),1400,14,large14+,大輝煌(K205),K205,周俊樂,羅富全,12,Outside,10+,125,Medium (121-126),1218,76.0,Outsider (50+),6,0,0
2026-04-12,2026-04,25/26,5,Class 4,沙田,Turf,赫德讓賽,第四班 - 1200米 - (60-40),1200,12,med12-13,輝灑自如(L281),L281,袁幸堯,姚本輝,2,Inside,1-3,117,Med-Light (116-120),1046,8.6,Contender (6-10),1,1,1
2026-04-12,2026-04,25/26,6,Class 4,沙田,Turf,赫德讓賽,第四班 - 1200米 - (60-40),1200,12,med12-13,笑必勝(L274),L274,艾道拿,黎昭昇,4,Inside,4-6,127,Med-Heavy (127-130),1068,13.0,Mid (10-20),6,0,0
2026-04-12,2026-04,25/26,7,Class 4,沙田,Turf,九龍木球會百週年紀念盃（讓賽）,第四班 - 1400米 - (60-40),1400,14,large14+,總統輝煌(L241),L241,希威森,沈集成,4,Inside,4-6,127,Med-Heavy (127-130),1111,74.0,Outsider (50+),11,0,0
2026-04-12,2026-04,25/26,9,Class 3,沙田,Turf,佐敦讓賽,第三班 - 1400米 - (80-60),1400,12,med12-13,重情重義(L311),L311,袁幸堯,姚本輝,12,Outside,10+,113,Light (<=115),1022,17.0,Mid (10-20),1,1,1
2026-04-12,2026-04,25/26,10,Class 3,沙田,Turf,白加士讓賽,第三班 - 1200米 - (80-60),1200,11,small<=11,量子力奇(L268),L268,潘頓,廖康銘,6,Middle,4-6,122,Medium (121-126),1265,2.4,Hot Fav (<3),9,0,0
2026-04-12,2026-04,25/26,10,Class 3,沙田,Turf,白加士讓賽,第三班 - 1200米 - (80-60),1200,11,small<=11,煌上(L301),L301,艾道拿,大衛希斯,7,Middle,7-9,121,Medium (121-126),1173,29.0,Longshot (20-50),1,1,1
2026-04-19,2026-04,25/26,3,Class 4,沙田,Turf,促進全民健康1000米讓賽,第四班 - 1000米 - (60-40),1000,14,large14+,一舖掂晒(L105),L105,田泰安,巫偉傑,9,Middle,7-9,127,Med-Heavy (127-130),1169,69.0,Outsider (50+),5,0,0
2026-04-19,2026-04,25/26,3,Class 4,沙田,Turf,促進全民健康1000米讓賽,第四班 - 1000米 - (60-40),1000,14,large14+,支付之父(L159),L159,艾道拿,葉楚航,14,Outside,10+,127,Med-Heavy (127-130),1111,16.0,Mid (10-20),2,0,1
2026-04-19,2026-04,25/26,4,Class 4,沙田,Turf,成就多元人才1400米讓賽,第四班 - 1400米 - (60-40),1400,14,large14+,爽飆王子(L256),L256,奧爾民,賀賢,9,Middle,7-9,127,Med-Heavy (127-130),1075,131.0,Outsider (50+),5,0,0
2026-04-19,2026-04,25/26,10,Class 3,沙田,Turf,盡展所長・創造改變1200米讓賽,第三班 - 1200米 - (80-60),1200,12,med12-13,小磁怪(K549),K549,田泰安,巫偉傑,3,Inside,1-3,121,Medium (121-126),1249,70.0,Outsider (50+),10,0,0
2026-04-19,2026-04,25/26,11,Class 2,沙田,Turf,促進社會公平共融1800米讓賽,第二班 - 1800米 - (100-75),1800,14,large14+,海上大軍(L187),L187,田泰安,蔡約翰,8,Middle,7-9,115,Light (<=115),977,15.0,Mid (10-20),1,1,1
2026-04-22,2026-04,25/26,7,Class 3,跑馬地,Turf,家樂花讓賽,第三班 - 1000米 - (80-60),1000,12,med12-13,友駿同心(L214),L214,田泰安,蘇偉賢,1,Inside,1-3,121,Medium (121-126),1149,20.0,Longshot (20-50),11,0,0
2026-04-22,2026-04,25/26,9,Class 3,跑馬地,Turf,洛神花讓賽,第三班 - 1200米 - (80-60),1200,12,med12-13,御登(L077),L077,鍾易禮,告東尼,10,Outside,10+,120,Med-Light (116-120),1082,62.0,Outsider (50+),12,0,0
2026-04-26,2026-04,25/26,1,Class 4,沙田,Turf,富衛保險永強讓賽,第四班 - 1200米 - (60-40),1200,14,large14+,高明豐勝(L128),L128,何澤堯,葉楚航,11,Outside,10+,126,Medium (121-126),1235,96.0,Outsider (50+),12,0,0
2026-04-26,2026-04,25/26,1,Class 4,沙田,Turf,富衛保險永強讓賽,第四班 - 1200米 - (60-40),1200,14,large14+,彪形勇將(L178),L178,奧爾民,蘇偉賢,12,Outside,10+,126,Medium (121-126),1132,55.0,Outsider (50+),6,0,0
2026-04-26,2026-04,25/26,1,Class 4,沙田,Turf,富衛保險永強讓賽,第四班 - 1200米 - (60-40),1200,14,large14+,星光大道(L194),L194,袁幸堯,韋達,7,Middle,7-9,116,Med-Light (116-120),1067,16.0,Mid (10-20),3,0,1
2026-04-26,2026-04,25/26,3,Class 4,沙田,Turf,富衛保險中國工商銀行（亞洲）讓賽,第四班 - 1200米 - (60-40),1200,14,large14+,領駿輝煌(L265),L265,周俊樂,文家良,6,Middle,4-6,123,Medium (121-126),1173,51.0,Outsider (50+),10,0,0
2026-04-26,2026-04,25/26,3,Class 4,沙田,Turf,富衛保險中國工商銀行（亞洲）讓賽,第四班 - 1200米 - (60-40),1200,14,large14+,幸福約定(L266),L266,麥道朗,大衛希斯,5,Middle,4-6,125,Medium (121-126),1089,10.0,Mid (10-20),4,0,0
2026-04-26,2026-04,25/26,3,Class 4,沙田,Turf,富衛保險中國工商銀行（亞洲）讓賽,第四班 - 1200米 - (60-40),1200,14,large14+,大勇勝(L331),L331,希威森,沈集成,4,Inside,4-6,125,Medium (121-126),1108,30.0,Longshot (20-50),11,0,0
2026-04-26,2026-04,25/26,4,Class 4,沙田,Turf,富衛保險交通銀行讓賽,第四班 - 1400米 - (60-40),1400,14,large14+,綠色鐵驥(L255),L255,金誠剛,伍鵬志,9,Middle,7-9,127,Med-Heavy (127-130),1134,56.0,Outsider (50+),12,0,0
2026-04-26,2026-04,25/26,5,Group 1,沙田,Turf,主席短途獎,一級賽 - 1200米,1200,8,small<=11,北美勇族(L917),L917,莫艾誠,岳品賢,4,Middle,4-6,126,Medium (121-126),1038,367.0,Outsider (50+),5,0,0
2026-04-26,2026-04,25/26,7,Group 1,沙田,Turf,富衛保險冠軍一哩賽,一級賽 - 1600米,1600,14,large14+,一束芳花(L918),L918,莫雷拉,武井亮,7,Middle,7-9,126,Medium (121-126),1173,29.0,Longshot (20-50),12,0,0
2026-04-26,2026-04,25/26,9,Group 1,沙田,Turf,富衛保險女皇盃,一級賽 - 2000米,2000,8,small<=11,蒙面舞會(L919),L919,李慕華,手塚貴久,6,Outside,4-6,126,Medium (121-126),1045,5.6,Fav (3-6),2,0,1
2026-04-26,2026-04,25/26,9,Group 1,沙田,Turf,富衛保險女皇盃,一級賽 - 2000米,2000,8,small<=11,御冠軍(L920),L920,莫艾誠,伯特,1,Inside,1-3,126,Medium (121-126),1036,17.0,Mid (10-20),4,0,0
2026-04-26,2026-04,25/26,9,Group 1,沙田,Turf,富衛保險女皇盃,一級賽 - 2000米,2000,8,small<=11,神之禮(L922),L922,高力德,杉山晴紀,8,Outside,7-9,126,Medium (121-126),1038,101.0,Outsider (50+),5,0,0
2026-04-26,2026-04,25/26,9,Group 1,沙田,Turf,富衛保險女皇盃,一級賽 - 2000米,2000,8,small<=11,六月豪取(L924),L924,莫雷拉,武英智,7,Outside,7-9,126,Medium (121-126),1098,35.0,Longshot (20-50),8,0,0
2026-04-29,2026-04,25/26,2,Class 4,跑馬地,Turf,永川讓賽,第四班 - 1200米 - (60-40),1200,12,med12-13,君至酷(L008),L008,楊明綸,呂健威,12,Outside,10+,128,Med-Heavy (127-130),1135,80.0,Outsider (50+),11,0,0
2026-05-03,2026-05,25/26,2,Class 4,沙田,Turf,馬主驕傲1200米讓賽,第四班 - 1200米 - (60-40),1200,14,large14+,越駿聯歡(L202),L202,艾道拿,黎昭昇,10,Outside,10+,130,Med-Heavy (127-130),1123,44.0,Longshot (20-50),6,0,0
2026-05-03,2026-05,25/26,2,Class 4,沙田,Turf,馬主驕傲1200米讓賽,第四班 - 1200米 - (60-40),1200,14,large14+,潮州高球(L216),L216,班德禮,羅富全,2,Inside,1-3,130,Med-Heavy (127-130),1152,9.2,Contender (6-10),12,0,0
2026-05-03,2026-05,25/26,2,Class 4,沙田,Turf,馬主驕傲1200米讓賽,第四班 - 1200米 - (60-40),1200,14,large14+,明德輝煌(L298),L298,潘明輝,姚本輝,13,Outside,10+,130,Med-Heavy (127-130),1061,3.6,Fav (3-6),9,0,0
2026-05-03,2026-05,25/26,4,Class 4,沙田,Turf,THE HILLTOP IN THE VALLEY 1200米讓賽,第四班 - 1200米 - (60-40),1200,14,large14+,愛心萬里(L165),L165,潘明輝,姚本輝,9,Middle,7-9,129,Med-Heavy (127-130),1140,81.0,Outsider (50+),8,0,0
2026-05-03,2026-05,25/26,4,Class 4,沙田,Turf,THE HILLTOP IN THE VALLEY 1200米讓賽,第四班 - 1200米 - (60-40),1200,14,large14+,手機錶能(L293),L293,布文,文家良,11,Outside,10+,129,Med-Heavy (127-130),1248,5.5,Fav (3-6),7,0,0
2026-05-03,2026-05,25/26,11,Class 3,沙田,Turf,北京會所1200米讓賽,第三班 - 1200米 - (80-60),1200,13,med12-13,川河煌駒(L081),L081,何澤堯,方嘉柏,4,Inside,4-6,120,Med-Light (116-120),1061,39.0,Longshot (20-50),9,0,0
2026-05-06,2026-05,25/26,5,Class 4,沙田,AWT,康乃馨讓賽,第四班 - 1200米 - (60-40),1200,12,med12-13,棉棉日上(L323),L323,潘頓,大衛希斯,9,Outside,7-9,128,Med-Heavy (127-130),1107,25.0,Longshot (20-50),7,0,0
2026-05-06,2026-05,25/26,9,Class 3,沙田,AWT,海棠讓賽,第三班 - 1200米 - (85-60),1200,12,med12-13,高度評價(L316),L316,蔡明紹,巫偉傑,11,Outside,10+,115,Light (<=115),1074,54.0,Outsider (50+),12,0,0
2026-05-09,2026-05,25/26,1,Griffin,沙田,Turf,蝴蝶灣平磅賽,新馬賽 - 1000米,1000,10,small<=11,鵲橋飛昇(L244),L244,奧爾民,賀賢,4,Middle,4-6,126,Medium (121-126),1127,49.0,Longshot (20-50),1,1,1
2026-05-09,2026-05,25/26,1,Griffin,沙田,Turf,蝴蝶灣平磅賽,新馬賽 - 1000米,1000,10,small<=11,全能勇士(L245),L245,潘頓,呂健威,3,Inside,1-3,126,Medium (121-126),936,6.3,Contender (6-10),5,0,0
2026-05-09,2026-05,25/26,1,Griffin,沙田,Turf,蝴蝶灣平磅賽,新馬賽 - 1000米,1000,10,small<=11,銳行星(L308),L308,莫雷拉,方嘉柏,5,Middle,4-6,126,Medium (121-126),1120,3.4,Fav (3-6),2,0,1
2026-05-09,2026-05,25/26,1,Griffin,沙田,Turf,蝴蝶灣平磅賽,新馬賽 - 1000米,1000,10,small<=11,永福(L317),L317,袁幸堯,姚本輝,8,Outside,7-9,111,Light (<=115),1097,10.0,Mid (10-20),3,0,1
2026-05-09,2026-05,25/26,1,Griffin,沙田,Turf,蝴蝶灣平磅賽,新馬賽 - 1000米,1000,10,small<=11,極歡欣(L345),L345,艾兆禮,廖康銘,1,Inside,1-3,121,Medium (121-126),1095,3.7,Fav (3-6),4,0,0
2026-05-09,2026-05,25/26,1,Griffin,沙田,Turf,蝴蝶灣平磅賽,新馬賽 - 1000米,1000,10,small<=11,紅悅舍(L355),L355,布文,韋達,6,Middle,4-6,126,Medium (121-126),1079,14.0,Mid (10-20),6,0,0
2026-05-09,2026-05,25/26,2,Class 4,沙田,Turf,屯門公眾騎術學校讓賽,第四班 - 1200米 - (60-40),1200,12,med12-13,澳華發發(K467),K467,布浩榮,賀賢,8,Middle,7-9,127,Med-Heavy (127-130),1221,41.0,Longshot (20-50),8,0,0
2026-05-09,2026-05,25/26,2,Class 4,沙田,Turf,屯門公眾騎術學校讓賽,第四班 - 1200米 - (60-40),1200,12,med12-13,烈進駒(L278),L278,潘頓,呂健威,7,Middle,7-9,127,Med-Heavy (127-130),1110,8.5,Contender (6-10),7,0,0
2026-05-09,2026-05,25/26,4,Class 4,沙田,Turf,鯉魚門公眾騎術學校讓賽,第四班 - 1000米 - (60-40),1000,14,large14+,步風影(L179),L179,奧爾民,伍鵬志,13,Outside,10+,125,Medium (121-126),1167,4.4,Fav (3-6),7,0,0
2026-05-09,2026-05,25/26,4,Class 4,沙田,Turf,鯉魚門公眾騎術學校讓賽,第四班 - 1000米 - (60-40),1000,14,large14+,喜意(L197),L197,梁家俊,呂健威,3,Inside,1-3,125,Medium (121-126),1153,73.0,Outsider (50+),8,0,0
2026-05-09,2026-05,25/26,5,Class 4,沙田,Turf,香港傷健策騎協會盃（讓賽）,第四班 - 1200米 - (60-40),1200,12,med12-13,老鼠斑(L233),L233,周俊樂,沈集成,9,Outside,7-9,126,Medium (121-126),1042,13.0,Mid (10-20),2,0,1
2026-05-09,2026-05,25/26,6,Class 4,沙田,Turf,青山讓賽,第四班 - 1400米 - (60-40),1400,14,large14+,同樣世界(L329),L329,周俊樂,大衛希斯,8,Middle,7-9,127,Med-Heavy (127-130),1094,20.0,Longshot (20-50),5,0,0
2026-05-09,2026-05,25/26,8,Class 3,沙田,Turf,鯉魚門公園讓賽,第三班 - 1200米 - (80-60),1200,12,med12-13,㩒住贏(L310),L310,周俊樂,羅富全,6,Middle,4-6,119,Med-Light (116-120),1169,12.0,Mid (10-20),1,1,1
2026-05-09,2026-05,25/26,8,Class 3,沙田,Turf,鯉魚門公園讓賽,第三班 - 1200米 - (80-60),1200,12,med12-13,勁駿騰飛(L314),L314,楊明綸,蘇偉賢,7,Middle,7-9,119,Med-Light (116-120),1115,46.0,Longshot (20-50),4,0,0
2026-05-09,2026-05,25/26,9,Class 3,沙田,Turf,薄扶林郊野公園讓賽,第三班 - 1000米 - (80-60),1000,14,large14+,表廠傳奇(L313),L313,田泰安,徐雨石,11,Outside,10+,122,Medium (121-126),1212,24.0,Longshot (20-50),14,0,0
2026-05-09,2026-05,25/26,10,Class 3,沙田,Turf,薄扶林水塘讓賽,第三班 - 1600米 - (80-60),1600,14,large14+,千禧龍(L339),L339,布浩榮,沈集成,12,Outside,10+,124,Medium (121-126),1173,37.0,Longshot (20-50),13,0,0
