Jockey,Going,Wins,Starts,Places,WinRate
三浦皇成,一級賽 - 1200米,0,1,0,0.0
何澤堯,一級賽 - 1400米,0,1,0,0.0
何澤堯,一級賽 - 1600米,0,3,0,0.0
何澤堯,三級賽 - 1000米,0,1,1,0.0
何澤堯,三級賽 - 1400米,0,3,1,0.0
何澤堯,三級賽 - 1800米,0,2,1,0.0
何澤堯,二級賽 - 1200米,0,1,0,0.0
何澤堯,二級賽 - 1600米,1,3,2,33.3
何澤堯,二級賽 - 2000米,0,1,0,0.0
何澤堯,四歲 - 1600米,1,2,1,50.0
何澤堯,四歲 - 1800米,0,1,0,0.0
何澤堯,四歲 - 2000米,0,1,0,0.0
何澤堯,第一班 - 1200米 - (85+),0,1,1,0.0
何澤堯,第三班 - 1000米 - (80-60),3,20,5,15.0
何澤堯,第三班 - 1000米 - (85-60),1,2,1,50.0
何澤堯,第三班 - 1200米 - (80-55),0,1,0,0.0
何澤堯,第三班 - 1200米 - (80-60),11,62,21,17.7
何澤堯,第三班 - 1200米 - (85-60),0,2,0,0.0
何澤堯,第三班 - 1400米 - (80-60),1,31,6,3.2
何澤堯,第三班 - 1400米 - (85-60),0,2,0,0.0
何澤堯,第三班 - 1600米 - (80-60),1,15,4,6.7
何澤堯,第三班 - 1600米 - (85-60),0,3,1,0.0
何澤堯,第三班 - 1650米 - (80-60),3,21,5,14.3
何澤堯,第三班 - 1650米 - (85-60),0,3,0,0.0
何澤堯,第三班 - 1800米 - (80-60),1,10,2,10.0
何澤堯,第三班 - 1800米 - (85-60),0,2,0,0.0
何澤堯,第三班 - 2000米 - (80-60),0,1,0,0.0
何澤堯,第三班 - 2000米 - (85-60),0,3,0,0.0
何澤堯,第三班 - 2200米 - (80-55),0,1,0,0.0
何澤堯,第三班（條件限制） - 1600米 - (85-60),0,2,0,0.0
何澤堯,第二班 - 1000米 - (100-80),0,1,0,0.0
何澤堯,第二班 - 1000米 - (90-65),0,1,0,0.0
何澤堯,第二班 - 1200米 - (100-75),1,1,1,100.0
何澤堯,第二班 - 1200米 - (100-80),0,10,5,0.0
何澤堯,第二班 - 1200米 - (105-80),0,2,2,0.0
何澤堯,第二班 - 1400米 - (100-80),0,3,1,0.0
何澤堯,第二班 - 1400米 - (105-80),0,2,2,0.0
何澤堯,第二班 - 1400米 - (90-70),0,1,1,0.0
何澤堯,第二班 - 1600米 - (100-75),0,1,1,0.0
何澤堯,第二班 - 1600米 - (100-80),1,1,1,100.0
何澤堯,第二班 - 1600米 - (105-80),0,2,0,0.0
何澤堯,第二班 - 1650米 - (100-75),0,1,0,0.0
何澤堯,第二班 - 1650米 - (100-80),0,4,0,0.0
何澤堯,第二班 - 1650米 - (105-80),0,1,0,0.0
何澤堯,第二班 - 1800米 - (100-80),1,3,1,33.3
何澤堯,第二班 - 2000米 - (95-70),0,1,0,0.0
何澤堯,第五班 - 1000米 - (40-0),0,2,0,0.0
何澤堯,第五班 - 1200米 - (40-0),2,17,5,11.8
何澤堯,第五班 - 1400米 - (40-0),0,11,3,0.0
何澤堯,第五班 - 1600米 - (40-0),0,4,1,0.0
何澤堯,第五班 - 1650米 - (40-0),0,7,0,0.0
何澤堯,第五班 - 1800米 - (40-0),0,8,1,0.0
何澤堯,第五班 - 2200米 - (40-0),0,3,0,0.0
何澤堯,第四班 - 1000米 - (60-40),1,23,5,4.3
何澤堯,第四班 - 1200米 - (60-40),10,137,39,7.3
何澤堯,第四班 - 1400米 - (60-40),7,59,12,11.9
何澤堯,第四班 - 1600米 - (60-40),0,14,4,0.0
何澤堯,第四班 - 1650米 - (60-40),8,56,21,14.3
何澤堯,第四班 - 1800米 - (60-40),2,12,4,16.7
何澤堯,第四班 - 2000米 - (60-40),0,3,2,0.0
何澤堯,第四班 - 2200米 - (60-40),0,3,2,0.0
何澤堯,第四班（條件限制） - 1200米 - (60-40),0,3,0,0.0
司徒岳,一級賽 - 1600米,0,1,0,0.0
周俊樂,一級賽 - 1600米,0,1,0,0.0
周俊樂,三級賽 - 1000米,0,1,0,0.0
周俊樂,三級賽 - 1400米,0,1,0,0.0
周俊樂,三級賽 - 1800米,0,2,0,0.0
周俊樂,三級賽 - 2400米,0,1,1,0.0
周俊樂,二級賽 - 1600米,0,4,1,0.0
周俊樂,二級賽 - 2000米,0,1,1,0.0
周俊樂,四歲 - 1600米,0,1,0,0.0
周俊樂,四歲 - 1800米,0,1,0,0.0
周俊樂,四歲 - 2000米,0,1,0,0.0
周俊樂,新馬賽 - 1000米,1,3,2,33.3
周俊樂,新馬賽 - 1200米,0,2,1,0.0
周俊樂,第一班 - 1400米 - (110-85),0,1,0,0.0
周俊樂,第一班 - 1650米 - (110-85),0,1,1,0.0
周俊樂,第三班 - 1000米 - (80-60),1,15,1,6.7
周俊樂,第三班 - 1000米 - (85-60),1,1,1,100.0
周俊樂,第三班 - 1200米 - (80-55),0,3,1,0.0
周俊樂,第三班 - 1200米 - (80-60),7,69,21,10.1
周俊樂,第三班 - 1200米 - (85-60),0,6,1,0.0
周俊樂,第三班 - 1400米 - (80-60),3,27,6,11.1
周俊樂,第三班 - 1400米 - (85-60),0,1,0,0.0
周俊樂,第三班 - 1600米 - (80-60),1,15,2,6.7
周俊樂,第三班 - 1600米 - (85-60),1,2,2,50.0
周俊樂,第三班 - 1650米 - (80-55),0,2,0,0.0
周俊樂,第三班 - 1650米 - (80-60),3,24,3,12.5
周俊樂,第三班 - 1650米 - (85-60),0,5,1,0.0
周俊樂,第三班 - 1800米 - (80-60),1,10,4,10.0
周俊樂,第三班 - 1800米 - (85-60),0,4,0,0.0
周俊樂,第三班 - 2000米 - (80-60),0,4,0,0.0
周俊樂,第三班 - 2000米 - (85-60),0,2,0,0.0
周俊樂,第三班（條件限制） - 1600米 - (85-60),0,1,0,0.0
周俊樂,第二班 - 1000米 - (90-65),0,1,1,0.0
周俊樂,第二班 - 1200米 - (100-80),0,8,1,0.0
周俊樂,第二班 - 1200米 - (105-80),0,1,0,0.0
周俊樂,第二班 - 1400米 - (100-75),1,1,1,100.0
周俊樂,第二班 - 1400米 - (100-80),1,5,2,20.0
周俊樂,第二班 - 1400米 - (105-80),0,3,0,0.0
周俊樂,第二班 - 1600米 - (105-75),0,1,1,0.0
周俊樂,第二班 - 1600米 - (105-80),0,2,0,0.0
周俊樂,第二班 - 1650米 - (100-75),0,2,0,0.0
周俊樂,第二班 - 1650米 - (100-80),0,2,0,0.0
周俊樂,第二班 - 1650米 - (105-80),0,2,2,0.0
周俊樂,第二班 - 1800米 - (100-80),0,2,0,0.0
周俊樂,第二班 - 1800米 - (90-60),0,1,0,0.0
周俊樂,第二班 - 2000米 - (95-70),0,1,0,0.0
周俊樂,第五班 - 1000米 - (40-0),1,9,1,11.1
周俊樂,第五班 - 1200米 - (40-0),3,41,10,7.3
周俊樂,第五班 - 1400米 - (40-0),2,23,3,8.7
周俊樂,第五班 - 1600米 - (40-0),1,7,1,14.3
周俊樂,第五班 - 1650米 - (40-0),3,21,6,14.3
周俊樂,第五班 - 1800米 - (40-0),0,14,2,0.0
周俊樂,第五班 - 2000米 - (40-0),1,3,1,33.3
周俊樂,第五班 - 2200米 - (40-0),0,4,1,0.0
周俊樂,第四班 - 1000米 - (60-40),1,27,7,3.7
周俊樂,第四班 - 1200米 - (60-40),13,182,42,7.1
周俊樂,第四班 - 1400米 - (60-40),7,80,13,8.8
周俊樂,第四班 - 1600米 - (60-40),0,20,3,0.0
周俊樂,第四班 - 1650米 - (60-40),6,59,14,10.2
周俊樂,第四班 - 1800米 - (60-35),0,1,0,0.0
周俊樂,第四班 - 1800米 - (60-40),0,18,3,0.0
周俊樂,第四班 - 2000米 - (60-40),1,5,1,20.0
周俊樂,第四班 - 2200米 - (60-35),0,1,0,0.0
周俊樂,第四班 - 2200米 - (60-40),0,4,0,0.0
周俊樂,第四班（條件限制） - 1200米 - (60-40),0,5,0,0.0
周俊樂,第四班（條件限制） - 1400米 - (60-40),0,2,0,0.0
奧爾民,一級賽 - 1200米,0,1,0,0.0
奧爾民,一級賽 - 1400米,0,1,0,0.0
奧爾民,一級賽 - 1600米,0,1,0,0.0
奧爾民,三級賽 - 1000米,0,2,1,0.0
奧爾民,三級賽 - 1400米,0,1,0,0.0
奧爾民,三級賽 - 1600米,0,1,1,0.0
奧爾民,三級賽 - 1800米,0,1,0,0.0
奧爾民,二級賽 - 1200米,0,2,0,0.0
奧爾民,二級賽 - 1600米,0,2,0,0.0
奧爾民,四歲 - 1800米,0,1,0,0.0
奧爾民,四歲 - 2000米,0,2,0,0.0
奧爾民,新馬賽 - 1000米,1,2,1,50.0
奧爾民,第一班 - 1200米 - (85+),0,1,1,0.0
奧爾民,第一班 - 1600米 - (85+),0,1,0,0.0
奧爾民,第三班 - 1000米 - (80-55),0,1,0,0.0
奧爾民,第三班 - 1000米 - (80-60),1,10,2,10.0
奧爾民,第三班 - 1000米 - (85-60),0,1,0,0.0
奧爾民,第三班 - 1200米 - (80-55),1,4,1,25.0
奧爾民,第三班 - 1200米 - (80-60),3,39,15,7.7
奧爾民,第三班 - 1200米 - (85-60),1,7,2,14.3
奧爾民,第三班 - 1400米 - (80-60),1,23,1,4.3
奧爾民,第三班 - 1600米 - (80-60),2,15,4,13.3
奧爾民,第三班 - 1600米 - (85-60),0,2,0,0.0
奧爾民,第三班 - 1650米 - (80-55),0,2,0,0.0
奧爾民,第三班 - 1650米 - (80-60),0,18,2,0.0
奧爾民,第三班 - 1650米 - (85-60),0,3,0,0.0
奧爾民,第三班 - 1800米 - (80-60),0,3,0,0.0
奧爾民,第三班 - 1800米 - (85-60),0,4,0,0.0
奧爾民,第三班 - 2000米 - (80-60),0,2,0,0.0
奧爾民,第三班 - 2000米 - (85-60),0,2,0,0.0
奧爾民,第三班 - 2200米 - (80-55),0,1,0,0.0
奧爾民,第三班（條件限制） - 1600米 - (85-60),0,2,0,0.0
奧爾民,第二班 - 1000米 - (105-80),0,1,1,0.0
奧爾民,第二班 - 1200米 - (100-80),0,3,1,0.0
奧爾民,第二班 - 1200米 - (105-80),0,4,0,0.0
奧爾民,第二班 - 1400米 - (100-80),0,1,0,0.0
奧爾民,第二班 - 1650米 - (100-80),0,1,0,0.0
奧爾民,第二班 - 1800米 - (100-75),0,3,0,0.0
奧爾民,第二班 - 1800米 - (100-80),0,1,0,0.0
奧爾民,第五班 - 1000米 - (40-0),0,6,0,0.0
奧爾民,第五班 - 1200米 - (40-0),3,33,6,9.1
奧爾民,第五班 - 1400米 - (40-0),0,22,2,0.0
奧爾民,第五班 - 1600米 - (40-0),0,7,2,0.0
奧爾民,第五班 - 1650米 - (40-0),1,17,5,5.9
奧爾民,第五班 - 1800米 - (40-0),0,9,0,0.0
奧爾民,第五班 - 2000米 - (40-0),0,3,0,0.0
奧爾民,第五班 - 2200米 - (40-0),0,3,0,0.0
奧爾民,第四班 - 1000米 - (60-40),3,31,7,9.7
奧爾民,第四班 - 1200米 - (60-40),14,145,45,9.7
奧爾民,第四班 - 1400米 - (60-40),4,53,12,7.5
奧爾民,第四班 - 1600米 - (60-40),2,17,4,11.8
奧爾民,第四班 - 1650米 - (60-40),1,52,10,1.9
奧爾民,第四班 - 1800米 - (60-35),0,1,0,0.0
奧爾民,第四班 - 1800米 - (60-40),1,20,7,5.0
奧爾民,第四班 - 2000米 - (60-40),0,3,0,0.0
奧爾民,第四班 - 2200米 - (60-35),0,2,0,0.0
奧爾民,第四班 - 2200米 - (60-40),0,2,0,0.0
奧爾民,第四班（條件限制） - 1200米 - (60-40),1,2,2,50.0
奧爾民,第四班（條件限制） - 1400米 - (60-40),0,1,0,0.0
川田將雅,一級賽 - 1200米,0,1,0,0.0
川田將雅,一級賽 - 1600米,0,3,0,0.0
川田將雅,一級賽 - 2000米,0,2,1,0.0
川田將雅,第三班 - 1200米 - (80-60),0,1,0,0.0
川田將雅,第三班 - 1650米 - (80-60),0,1,0,0.0
川田將雅,第四班 - 1000米 - (60-40),0,1,0,0.0
川田將雅,第四班 - 1650米 - (60-40),0,1,0,0.0
巫顯東,一級賽 - 2000米,0,1,1,0.0
巫顯東,三級賽 - 1800米,0,1,0,0.0
巫顯東,三級賽 - 2400米,0,1,1,0.0
巫顯東,新馬賽 - 1200米,0,1,0,0.0
巫顯東,第三班 - 1000米 - (80-55),0,1,0,0.0
巫顯東,第三班 - 1000米 - (80-60),0,5,0,0.0
巫顯東,第三班 - 1000米 - (85-60),0,3,1,0.0
巫顯東,第三班 - 1200米 - (80-55),0,2,2,0.0
巫顯東,第三班 - 1200米 - (80-60),1,26,1,3.8
巫顯東,第三班 - 1200米 - (85-60),0,2,0,0.0
巫顯東,第三班 - 1400米 - (80-60),0,11,1,0.0
巫顯東,第三班 - 1400米 - (85-60),0,2,0,0.0
巫顯東,第三班 - 1600米 - (80-60),0,5,1,0.0
巫顯東,第三班 - 1600米 - (85-60),0,1,0,0.0
巫顯東,第三班 - 1650米 - (80-60),0,5,0,0.0
巫顯東,第三班 - 1650米 - (85-60),1,3,1,33.3
巫顯東,第三班 - 1800米 - (80-60),1,2,2,50.0
巫顯東,第三班 - 1800米 - (85-60),1,2,1,50.0
巫顯東,第三班 - 2000米 - (80-60),1,2,2,50.0
巫顯東,第三班 - 2000米 - (85-60),1,2,1,50.0
巫顯東,第二班 - 1200米 - (100-80),0,3,0,0.0
巫顯東,第二班 - 1400米 - (100-80),0,1,0,0.0
巫顯東,第二班 - 1650米 - (100-75),0,2,0,0.0
巫顯東,第二班 - 1650米 - (100-80),0,1,0,0.0
巫顯東,第二班 - 1800米 - (100-75),0,1,0,0.0
巫顯東,第二班 - 1800米 - (90-60),0,1,0,0.0
巫顯東,第二班 - 2000米 - (100-75),0,1,1,0.0
巫顯東,第二班 - 2000米 - (95-70),1,1,1,100.0
巫顯東,第五班 - 1000米 - (40-0),0,7,0,0.0
巫顯東,第五班 - 1200米 - (40-0),0,7,0,0.0
巫顯東,第五班 - 1400米 - (40-0),0,6,0,0.0
巫顯東,第五班 - 1600米 - (40-0),0,4,0,0.0
巫顯東,第五班 - 1650米 - (40-0),0,6,0,0.0
巫顯東,第五班 - 1800米 - (40-0),0,5,0,0.0
巫顯東,第四班 - 1000米 - (60-40),0,8,0,0.0
巫顯東,第四班 - 1200米 - (60-40),1,46,5,2.2
巫顯東,第四班 - 1400米 - (60-40),0,23,0,0.0
巫顯東,第四班 - 1600米 - (60-40),0,6,0,0.0
巫顯東,第四班 - 1650米 - (60-40),0,19,0,0.0
巫顯東,第四班 - 1800米 - (60-35),0,1,0,0.0
巫顯東,第四班 - 1800米 - (60-40),0,6,0,0.0
巫顯東,第四班 - 2000米 - (60-40),0,2,0,0.0
巫顯東,第四班 - 2200米 - (60-40),0,1,0,0.0
巴度,一級賽 - 1200米,0,3,0,0.0
巴度,一級賽 - 1400米,0,1,0,0.0
巴度,一級賽 - 1600米,0,4,0,0.0
巴度,一級賽 - 2000米,0,1,0,0.0
巴度,一級賽 - 2400米,0,1,0,0.0
巴度,三級賽 - 1000米,2,3,2,66.7
巴度,三級賽 - 1200米,0,1,0,0.0
巴度,三級賽 - 1400米,0,5,3,0.0
巴度,三級賽 - 1600米,0,1,0,0.0
巴度,三級賽 - 1800米,0,6,3,0.0
巴度,三級賽 - 2400米,0,1,1,0.0
巴度,二級賽 - 1200米,0,4,1,0.0
巴度,二級賽 - 1600米,1,5,2,20.0
巴度,二級賽 - 2000米,0,1,0,0.0
巴度,四歲 - 1600米,0,1,1,0.0
巴度,四歲 - 1800米,0,2,0,0.0
巴度,四歲 - 2000米,0,2,0,0.0
巴度,第一班 - 1000米 - (110-80),1,1,1,100.0
巴度,第一班 - 1200米 - (80+),0,2,1,0.0
巴度,第一班 - 1200米 - (85+),0,1,0,0.0
巴度,第一班 - 1600米 - (85+),0,1,1,0.0
巴度,第三班 - 1000米 - (80-60),1,24,8,4.2
巴度,第三班 - 1000米 - (85-60),0,3,0,0.0
巴度,第三班 - 1200米 - (80-55),1,7,4,14.3
巴度,第三班 - 1200米 - (80-60),6,99,26,6.1
巴度,第三班 - 1200米 - (85-60),1,8,1,12.5
巴度,第三班 - 1400米 - (80-60),5,47,11,10.6
巴度,第三班 - 1400米 - (85-60),0,2,1,0.0
巴度,第三班 - 1600米 - (80-60),0,21,2,0.0
巴度,第三班 - 1600米 - (85-60),0,4,0,0.0
巴度,第三班 - 1650米 - (80-60),2,24,7,8.3
巴度,第三班 - 1650米 - (85-60),0,6,0,0.0
巴度,第三班 - 1800米 - (80-60),2,13,4,15.4
巴度,第三班 - 1800米 - (85-60),0,6,0,0.0
巴度,第三班 - 2000米 - (80-60),0,3,0,0.0
巴度,第三班 - 2000米 - (85-60),0,6,2,0.0
巴度,第三班 - 2200米 - (80-60),0,1,1,0.0
巴度,第三班（條件限制） - 1600米 - (85-60),0,2,0,0.0
巴度,第二班 - 1000米 - (100-80),0,1,0,0.0
巴度,第二班 - 1000米 - (105-75),0,1,0,0.0
巴度,第二班 - 1000米 - (105-80),0,1,0,0.0
巴度,第二班 - 1000米 - (90-65),0,1,0,0.0
巴度,第二班 - 1200米 - (100-75),0,2,0,0.0
巴度,第二班 - 1200米 - (100-80),0,13,1,0.0
巴度,第二班 - 1200米 - (105-80),0,6,1,0.0
巴度,第二班 - 1400米 - (100-75),0,2,0,0.0
巴度,第二班 - 1400米 - (100-80),0,6,2,0.0
巴度,第二班 - 1400米 - (105-80),0,8,2,0.0
巴度,第二班 - 1400米 - (90-70),1,1,1,100.0
巴度,第二班 - 1600米 - (100-75),0,1,0,0.0
巴度,第二班 - 1600米 - (100-80),1,3,1,33.3
巴度,第二班 - 1600米 - (105-80),0,4,1,0.0
巴度,第二班 - 1650米 - (100-75),0,2,1,0.0
巴度,第二班 - 1650米 - (100-80),1,5,1,20.0
巴度,第二班 - 1650米 - (105-80),1,2,2,50.0
巴度,第二班 - 1800米 - (100-70),0,1,0,0.0
巴度,第二班 - 1800米 - (100-75),1,3,2,33.3
巴度,第二班 - 1800米 - (100-80),0,2,1,0.0
巴度,第二班 - 1800米 - (90-60),0,1,0,0.0
巴度,第二班 - 2000米 - (100-75),0,1,1,0.0
巴度,第二班 - 2000米 - (95-70),0,2,0,0.0
巴度,第五班 - 1000米 - (40-0),2,5,2,40.0
巴度,第五班 - 1200米 - (40-0),2,30,4,6.7
巴度,第五班 - 1400米 - (40-0),4,25,7,16.0
巴度,第五班 - 1600米 - (40-0),0,12,2,0.0
巴度,第五班 - 1650米 - (40-0),0,14,1,0.0
巴度,第五班 - 1800米 - (40-0),1,12,5,8.3
巴度,第五班 - 2000米 - (40-0),0,3,1,0.0
巴度,第五班 - 2200米 - (40-0),1,4,3,25.0
巴度,第四班 - 1000米 - (60-40),2,41,15,4.9
巴度,第四班 - 1200米 - (60-40),9,171,37,5.3
巴度,第四班 - 1400米 - (60-40),4,63,11,6.3
巴度,第四班 - 1600米 - (60-40),2,24,5,8.3
巴度,第四班 - 1650米 - (60-40),3,59,8,5.1
巴度,第四班 - 1800米 - (60-35),0,1,0,0.0
巴度,第四班 - 1800米 - (60-40),0,23,5,0.0
巴度,第四班 - 2000米 - (60-40),1,6,1,16.7
巴度,第四班 - 2200米 - (60-35),0,3,1,0.0
巴度,第四班 - 2200米 - (60-40),0,4,1,0.0
巴度,第四班（條件限制） - 1200米 - (60-40),0,3,2,0.0
巴度,第四班（條件限制） - 1400米 - (60-40),0,1,1,0.0
巴米高,一級賽 - 2400米,0,1,0,0.0
巴米高,三級賽 - 1800米,0,1,0,0.0
巴米高,四歲 - 1600米,0,1,0,0.0
巴米高,第三班 - 1200米 - (80-60),1,3,1,33.3
巴米高,第三班 - 1400米 - (80-60),0,2,0,0.0
巴米高,第三班 - 1600米 - (80-60),0,1,0,0.0
巴米高,第三班 - 1650米 - (80-60),0,2,0,0.0
巴米高,第三班 - 1800米 - (80-60),0,1,0,0.0
巴米高,第二班 - 1400米 - (105-80),0,1,0,0.0
巴米高,第二班 - 1800米 - (100-80),0,1,0,0.0
巴米高,第五班 - 1200米 - (40-0),1,1,1,100.0
巴米高,第五班 - 1650米 - (40-0),0,1,0,0.0
巴米高,第四班 - 1000米 - (60-40),1,2,1,50.0
巴米高,第四班 - 1200米 - (60-40),0,2,1,0.0
巴米高,第四班 - 1600米 - (60-40),0,1,0,0.0
巴米高,第四班 - 1650米 - (60-40),0,3,2,0.0
布宜學,四歲 - 2000米,0,1,0,0.0
布宜學,第三班 - 1200米 - (80-60),0,2,0,0.0
布宜學,第三班 - 1650米 - (80-60),0,2,0,0.0
布宜學,第四班 - 1000米 - (60-40),1,2,2,50.0
布宜學,第四班 - 1400米 - (60-40),0,1,0,0.0
布宜學,第四班 - 1650米 - (60-40),0,2,0,0.0
布文,一級賽 - 1200米,0,6,4,0.0
布文,一級賽 - 1400米,0,2,2,0.0
布文,一級賽 - 1600米,2,6,4,33.3
布文,一級賽 - 2000米,0,5,1,0.0
布文,一級賽 - 2400米,0,2,1,0.0
布文,三級賽 - 1000米,0,4,1,0.0
布文,三級賽 - 1200米,1,1,1,100.0
布文,三級賽 - 1400米,0,4,1,0.0
布文,三級賽 - 1600米,0,1,0,0.0
布文,三級賽 - 1800米,1,7,3,14.3
布文,三級賽 - 2400米,0,2,1,0.0
布文,二級賽 - 1200米,0,6,4,0.0
布文,二級賽 - 1600米,0,5,1,0.0
布文,二級賽 - 2000米,0,1,0,0.0
布文,四歲 - 1600米,0,2,0,0.0
布文,四歲 - 1800米,0,2,1,0.0
布文,四歲 - 2000米,1,2,1,50.0
布文,新馬賽 - 1000米,0,1,0,0.0
布文,新馬賽 - 1200米,0,2,0,0.0
布文,第一班 - 1200米 - (110-85),0,2,0,0.0
布文,第一班 - 1200米 - (80+),0,1,0,0.0
布文,第一班 - 1200米 - (85+),0,2,0,0.0
布文,第一班 - 1400米 - (110-85),1,1,1,100.0
布文,第一班 - 1400米 - (85+),0,1,1,0.0
布文,第一班 - 1600米 - (85+),0,1,0,0.0
布文,第三班 - 1000米 - (80-55),0,1,1,0.0
布文,第三班 - 1000米 - (80-60),1,23,8,4.3
布文,第三班 - 1000米 - (85-60),1,3,1,33.3
布文,第三班 - 1200米 - (80-55),0,7,1,0.0
布文,第三班 - 1200米 - (80-60),7,85,20,8.2
布文,第三班 - 1200米 - (85-60),0,11,5,0.0
布文,第三班 - 1400米 - (80-60),2,49,11,4.1
布文,第三班 - 1400米 - (85-60),0,1,0,0.0
布文,第三班 - 1600米 - (80-60),3,21,10,14.3
布文,第三班 - 1600米 - (85-60),0,4,0,0.0
布文,第三班 - 1650米 - (80-55),0,1,1,0.0
布文,第三班 - 1650米 - (80-60),8,33,13,24.2
布文,第三班 - 1650米 - (85-60),0,8,3,0.0
布文,第三班 - 1800米 - (80-60),1,14,2,7.1
布文,第三班 - 1800米 - (85-60),0,6,1,0.0
布文,第三班 - 2000米 - (80-60),0,3,0,0.0
布文,第三班 - 2000米 - (85-60),2,6,2,33.3
布文,第三班 - 2200米 - (80-55),0,1,0,0.0
布文,第三班 - 2200米 - (80-60),0,1,0,0.0
布文,第三班（條件限制） - 1600米 - (85-60),1,3,1,33.3
布文,第二班 - 1000米 - (100-75),0,3,0,0.0
布文,第二班 - 1000米 - (100-80),0,2,0,0.0
布文,第二班 - 1000米 - (105-80),0,1,0,0.0
布文,第二班 - 1200米 - (100-80),3,13,5,23.1
布文,第二班 - 1200米 - (105-80),3,8,3,37.5
布文,第二班 - 1400米 - (100-75),0,1,0,0.0
布文,第二班 - 1400米 - (100-80),1,4,1,25.0
布文,第二班 - 1400米 - (105-80),1,3,1,33.3
布文,第二班 - 1400米 - (90-70),0,1,0,0.0
布文,第二班 - 1600米 - (100-75),0,1,1,0.0
布文,第二班 - 1600米 - (100-80),0,4,2,0.0
布文,第二班 - 1600米 - (105-75),0,1,0,0.0
布文,第二班 - 1600米 - (105-80),1,2,1,50.0
布文,第二班 - 1650米 - (100-75),1,3,1,33.3
布文,第二班 - 1650米 - (100-80),0,2,0,0.0
布文,第二班 - 1650米 - (105-80),0,1,0,0.0
布文,第二班 - 1800米 - (100-70),0,1,0,0.0
布文,第二班 - 1800米 - (100-75),1,3,1,33.3
布文,第二班 - 1800米 - (100-80),1,3,2,33.3
布文,第二班 - 1800米 - (90-60),1,1,1,100.0
布文,第二班 - 2000米 - (100-75),0,1,0,0.0
布文,第二班 - 2000米 - (95-70),0,2,0,0.0
布文,第五班 - 1000米 - (40-0),1,14,6,7.1
布文,第五班 - 1200米 - (40-0),3,52,16,5.8
布文,第五班 - 1400米 - (40-0),2,27,11,7.4
布文,第五班 - 1600米 - (40-0),0,8,3,0.0
布文,第五班 - 1650米 - (40-0),6,28,14,21.4
布文,第五班 - 1800米 - (40-0),5,19,9,26.3
布文,第五班 - 2000米 - (40-0),0,2,0,0.0
布文,第五班 - 2200米 - (40-0),2,5,2,40.0
布文,第四班 - 1000米 - (60-40),2,35,8,5.7
布文,第四班 - 1200米 - (60-40),25,215,77,11.6
布文,第四班 - 1400米 - (60-40),14,82,30,17.1
布文,第四班 - 1600米 - (60-40),4,24,10,16.7
布文,第四班 - 1650米 - (60-40),14,86,29,16.3
布文,第四班 - 1800米 - (60-35),0,1,1,0.0
布文,第四班 - 1800米 - (60-40),3,26,7,11.5
布文,第四班 - 2000米 - (60-40),1,6,1,16.7
布文,第四班 - 2200米 - (60-35),0,3,0,0.0
布文,第四班 - 2200米 - (60-40),0,5,1,0.0
布文,第四班（條件限制） - 1200米 - (60-40),0,3,0,0.0
布文,第四班（條件限制） - 1400米 - (60-40),0,2,1,0.0
布浩榮,一級賽 - 1600米,0,1,0,0.0
布浩榮,第三班 - 1000米 - (80-60),0,1,0,0.0
布浩榮,第三班 - 1200米 - (80-60),0,2,0,0.0
布浩榮,第三班 - 1400米 - (80-60),0,2,0,0.0
布浩榮,第三班 - 1600米 - (80-60),0,2,0,0.0
布浩榮,第三班 - 1650米 - (80-60),0,1,1,0.0
布浩榮,第三班 - 2000米 - (80-60),0,1,0,0.0
布浩榮,第二班 - 1600米 - (105-80),0,1,0,0.0
布浩榮,第五班 - 1200米 - (40-0),0,2,0,0.0
布浩榮,第五班 - 1400米 - (40-0),0,1,0,0.0
布浩榮,第五班 - 1650米 - (40-0),0,2,0,0.0
布浩榮,第四班 - 1000米 - (60-40),0,1,1,0.0
布浩榮,第四班 - 1200米 - (60-40),0,9,2,0.0
布浩榮,第四班 - 1400米 - (60-40),0,3,1,0.0
布浩榮,第四班 - 1600米 - (60-40),0,1,0,0.0
布浩榮,第四班 - 1650米 - (60-40),1,2,1,50.0
布浩榮,第四班 - 1800米 - (60-40),0,1,1,0.0
希威森,三級賽 - 1000米,0,1,0,0.0
希威森,三級賽 - 1400米,0,2,0,0.0
希威森,三級賽 - 1800米,1,4,2,25.0
希威森,二級賽 - 1200米,0,2,0,0.0
希威森,二級賽 - 1600米,0,2,1,0.0
希威森,四歲 - 1600米,0,1,0,0.0
希威森,四歲 - 1800米,0,2,0,0.0
希威森,四歲 - 2000米,0,1,0,0.0
希威森,新馬賽 - 1000米,0,3,0,0.0
希威森,新馬賽 - 1200米,0,1,0,0.0
希威森,第一班 - 1200米 - (80+),0,1,0,0.0
希威森,第三班 - 1000米 - (80-55),1,1,1,100.0
希威森,第三班 - 1000米 - (80-60),1,25,6,4.0
希威森,第三班 - 1000米 - (85-60),0,3,0,0.0
希威森,第三班 - 1200米 - (80-55),0,5,1,0.0
希威森,第三班 - 1200米 - (80-60),4,92,14,4.3
希威森,第三班 - 1200米 - (85-60),1,5,1,20.0
希威森,第三班 - 1400米 - (80-60),2,49,11,4.1
希威森,第三班 - 1400米 - (85-60),0,1,0,0.0
希威森,第三班 - 1600米 - (80-60),2,18,4,11.1
希威森,第三班 - 1650米 - (80-55),0,3,2,0.0
希威森,第三班 - 1650米 - (80-60),1,32,11,3.1
希威森,第三班 - 1650米 - (85-60),1,7,2,14.3
希威森,第三班 - 1800米 - (80-60),0,12,2,0.0
希威森,第三班 - 1800米 - (85-60),0,5,1,0.0
希威森,第三班 - 2000米 - (80-60),0,1,0,0.0
希威森,第三班 - 2000米 - (85-60),0,2,0,0.0
希威森,第三班 - 2200米 - (80-55),0,1,0,0.0
希威森,第三班 - 2200米 - (80-60),0,1,0,0.0
希威森,第三班 - 2200米 - (85-60),0,1,1,0.0
希威森,第三班（條件限制） - 1600米 - (85-60),0,3,1,0.0
希威森,第二班 - 1000米 - (100-75),0,1,1,0.0
希威森,第二班 - 1000米 - (100-80),0,2,0,0.0
希威森,第二班 - 1000米 - (105-80),0,1,0,0.0
希威森,第二班 - 1000米 - (90-65),0,1,0,0.0
希威森,第二班 - 1200米 - (100-75),0,2,0,0.0
希威森,第二班 - 1200米 - (100-80),0,16,4,0.0
希威森,第二班 - 1200米 - (105-80),0,3,0,0.0
希威森,第二班 - 1400米 - (100-75),0,2,0,0.0
希威森,第二班 - 1400米 - (100-80),0,4,0,0.0
希威森,第二班 - 1400米 - (105-80),0,8,2,0.0
希威森,第二班 - 1400米 - (90-70),0,1,0,0.0
希威森,第二班 - 1600米 - (100-75),0,2,1,0.0
希威森,第二班 - 1600米 - (100-80),0,1,0,0.0
希威森,第二班 - 1600米 - (105-80),0,4,1,0.0
希威森,第二班 - 1650米 - (100-75),1,4,2,25.0
希威森,第二班 - 1650米 - (100-80),0,4,0,0.0
希威森,第二班 - 1650米 - (105-80),0,3,1,0.0
希威森,第二班 - 1800米 - (100-70),0,1,0,0.0
希威森,第二班 - 1800米 - (100-75),0,3,1,0.0
希威森,第二班 - 1800米 - (100-80),0,1,0,0.0
希威森,第二班 - 2000米 - (100-75),0,1,0,0.0
希威森,第二班 - 2000米 - (95-70),0,1,0,0.0
希威森,第五班 - 1000米 - (40-0),0,12,2,0.0
希威森,第五班 - 1200米 - (40-0),0,27,3,0.0
希威森,第五班 - 1400米 - (40-0),1,20,5,5.0
希威森,第五班 - 1600米 - (40-0),1,2,1,50.0
希威森,第五班 - 1650米 - (40-0),1,20,5,5.0
希威森,第五班 - 1800米 - (40-0),2,10,3,20.0
希威森,第五班 - 2000米 - (40-0),1,3,2,33.3
希威森,第五班 - 2200米 - (40-0),0,4,1,0.0
希威森,第四班 - 1000米 - (60-40),0,38,4,0.0
希威森,第四班 - 1200米 - (60-40),15,183,44,8.2
希威森,第四班 - 1400米 - (60-40),5,78,18,6.4
希威森,第四班 - 1600米 - (60-40),2,19,5,10.5
希威森,第四班 - 1650米 - (60-40),8,69,21,11.6
希威森,第四班 - 1800米 - (60-40),2,21,2,9.5
希威森,第四班 - 2000米 - (60-40),0,2,0,0.0
希威森,第四班 - 2200米 - (60-35),0,2,0,0.0
希威森,第四班 - 2200米 - (60-40),0,2,0,0.0
希威森,第四班（條件限制） - 1200米 - (60-40),0,2,0,0.0
李寶利,第三班 - 1200米 - (80-60),0,2,1,0.0
李寶利,第三班 - 1400米 - (80-60),0,1,0,0.0
李寶利,第三班 - 1650米 - (80-60),0,1,0,0.0
李寶利,第三班 - 1800米 - (80-60),0,1,0,0.0
李寶利,第二班 - 1400米 - (105-80),0,1,0,0.0
李寶利,第二班 - 1800米 - (100-80),0,1,0,0.0
李寶利,第五班 - 1200米 - (40-0),0,1,0,0.0
李寶利,第四班 - 1000米 - (60-40),0,1,0,0.0
李寶利,第四班 - 1200米 - (60-40),0,1,0,0.0
李寶利,第四班 - 1400米 - (60-40),0,1,0,0.0
李寶利,第四班 - 1650米 - (60-40),0,1,0,0.0
李慕華,一級賽 - 1600米,0,1,0,0.0
李慕華,一級賽 - 2000米,0,2,1,0.0
李慕華,一級賽 - 2400米,0,1,0,0.0
李慕華,第三班 - 1200米 - (80-60),0,1,1,0.0
李慕華,第三班 - 1650米 - (80-60),0,1,0,0.0
李慕華,第四班 - 1000米 - (60-40),0,1,0,0.0
李慕華,第四班 - 1650米 - (60-40),0,2,0,0.0
杜滿樂,一級賽 - 1600米,0,2,1,0.0
杜滿樂,一級賽 - 2400米,0,1,0,0.0
杜苑欣,一級賽 - 1200米,0,1,0,0.0
杜苑欣,三級賽 - 1800米,0,1,0,0.0
杜苑欣,二級賽 - 1200米,0,1,0,0.0
杜苑欣,二級賽 - 1600米,0,1,1,0.0
杜苑欣,第三班 - 1000米 - (80-60),0,4,0,0.0
杜苑欣,第三班 - 1200米 - (80-60),1,12,3,8.3
杜苑欣,第三班 - 1200米 - (85-60),0,1,0,0.0
杜苑欣,第三班 - 1400米 - (80-60),1,4,2,25.0
杜苑欣,第三班 - 1600米 - (80-60),0,2,0,0.0
杜苑欣,第三班 - 1650米 - (80-60),1,5,3,20.0
杜苑欣,第三班 - 1800米 - (80-60),0,3,0,0.0
杜苑欣,第三班 - 1800米 - (85-60),0,1,0,0.0
杜苑欣,第三班 - 2000米 - (85-60),0,1,0,0.0
杜苑欣,第三班 - 2200米 - (80-55),0,1,1,0.0
杜苑欣,第二班 - 1000米 - (105-80),0,1,0,0.0
杜苑欣,第二班 - 1200米 - (100-80),0,2,0,0.0
杜苑欣,第二班 - 1400米 - (105-80),0,2,1,0.0
杜苑欣,第二班 - 1600米 - (100-80),0,1,0,0.0
杜苑欣,第二班 - 1600米 - (105-80),0,1,0,0.0
杜苑欣,第二班 - 1650米 - (100-75),0,1,0,0.0
杜苑欣,第二班 - 1650米 - (100-80),0,1,0,0.0
杜苑欣,第二班 - 1800米 - (100-80),0,1,0,0.0
杜苑欣,第五班 - 1000米 - (40-0),0,3,1,0.0
杜苑欣,第五班 - 1200米 - (40-0),0,5,0,0.0
杜苑欣,第五班 - 1400米 - (40-0),0,4,2,0.0
杜苑欣,第五班 - 1600米 - (40-0),0,1,0,0.0
杜苑欣,第五班 - 1650米 - (40-0),0,3,1,0.0
杜苑欣,第五班 - 1800米 - (40-0),0,1,0,0.0
杜苑欣,第五班 - 2200米 - (40-0),0,1,0,0.0
杜苑欣,第四班 - 1000米 - (60-40),0,4,0,0.0
杜苑欣,第四班 - 1200米 - (60-40),1,23,8,4.3
杜苑欣,第四班 - 1400米 - (60-40),0,8,1,0.0
杜苑欣,第四班 - 1600米 - (60-40),0,3,0,0.0
杜苑欣,第四班 - 1650米 - (60-40),0,11,1,0.0
杜苑欣,第四班 - 1800米 - (60-40),1,3,1,33.3
杜苑欣,第四班 - 2000米 - (60-40),1,1,1,100.0
杜苑欣,第四班 - 2200米 - (60-40),1,1,1,100.0
杜苑欣,第四班（條件限制） - 1200米 - (60-40),0,1,0,0.0
柯浩新,一級賽 - 2000米,0,1,0,0.0
梁家俊,一級賽 - 1200米,0,3,0,0.0
梁家俊,一級賽 - 1400米,0,1,1,0.0
梁家俊,一級賽 - 1600米,0,3,1,0.0
梁家俊,一級賽 - 2000米,0,1,0,0.0
梁家俊,三級賽 - 1000米,0,1,0,0.0
梁家俊,三級賽 - 1200米,0,1,0,0.0
梁家俊,三級賽 - 1400米,0,2,0,0.0
梁家俊,三級賽 - 1800米,1,6,1,16.7
梁家俊,二級賽 - 1200米,0,3,0,0.0
梁家俊,二級賽 - 1600米,1,4,2,25.0
梁家俊,二級賽 - 2000米,0,2,0,0.0
梁家俊,四歲 - 1600米,0,1,0,0.0
梁家俊,四歲 - 1800米,0,2,0,0.0
梁家俊,四歲 - 2000米,0,1,1,0.0
梁家俊,新馬賽 - 1000米,0,4,2,0.0
梁家俊,新馬賽 - 1200米,0,2,0,0.0
梁家俊,第一班 - 1200米 - (80+),0,1,1,0.0
梁家俊,第一班 - 1600米 - (85+),0,1,1,0.0
梁家俊,第三班 - 1000米 - (80-55),0,1,0,0.0
梁家俊,第三班 - 1000米 - (80-60),1,12,1,8.3
梁家俊,第三班 - 1000米 - (85-60),0,2,1,0.0
梁家俊,第三班 - 1200米 - (80-55),0,2,1,0.0
梁家俊,第三班 - 1200米 - (80-60),11,72,22,15.3
梁家俊,第三班 - 1200米 - (85-60),0,2,1,0.0
梁家俊,第三班 - 1400米 - (80-60),1,35,5,2.9
梁家俊,第三班 - 1600米 - (80-60),1,17,2,5.9
梁家俊,第三班 - 1600米 - (85-60),0,2,0,0.0
梁家俊,第三班 - 1650米 - (80-60),0,22,5,0.0
梁家俊,第三班 - 1650米 - (85-60),0,7,1,0.0
梁家俊,第三班 - 1800米 - (80-60),0,13,3,0.0
梁家俊,第三班 - 1800米 - (85-60),1,4,2,25.0
梁家俊,第三班 - 2000米 - (80-60),0,2,1,0.0
梁家俊,第三班 - 2000米 - (85-60),0,3,1,0.0
梁家俊,第三班 - 2200米 - (85-60),0,1,0,0.0
梁家俊,第三班（條件限制） - 1600米 - (85-60),0,2,1,0.0
梁家俊,第二班 - 1000米 - (100-75),0,1,0,0.0
梁家俊,第二班 - 1000米 - (100-80),1,1,1,100.0
梁家俊,第二班 - 1000米 - (105-80),0,2,0,0.0
梁家俊,第二班 - 1200米 - (100-80),0,9,2,0.0
梁家俊,第二班 - 1200米 - (105-80),0,3,0,0.0
梁家俊,第二班 - 1400米 - (100-75),0,1,0,0.0
梁家俊,第二班 - 1400米 - (100-80),0,5,0,0.0
梁家俊,第二班 - 1400米 - (105-80),1,6,3,16.7
梁家俊,第二班 - 1600米 - (100-75),0,1,0,0.0
梁家俊,第二班 - 1600米 - (100-80),1,3,1,33.3
梁家俊,第二班 - 1600米 - (105-75),0,1,0,0.0
梁家俊,第二班 - 1600米 - (105-80),1,4,2,25.0
梁家俊,第二班 - 1650米 - (100-75),1,1,1,100.0
梁家俊,第二班 - 1650米 - (100-80),0,4,2,0.0
梁家俊,第二班 - 1650米 - (105-80),1,2,1,50.0
梁家俊,第二班 - 1800米 - (100-75),0,2,0,0.0
梁家俊,第二班 - 1800米 - (100-80),0,1,1,0.0
梁家俊,第二班 - 1800米 - (90-60),0,1,0,0.0
梁家俊,第二班 - 2000米 - (100-75),1,1,1,100.0
梁家俊,第五班 - 1000米 - (40-0),0,9,0,0.0
梁家俊,第五班 - 1200米 - (40-0),4,40,8,10.0
梁家俊,第五班 - 1400米 - (40-0),1,21,5,4.8
梁家俊,第五班 - 1600米 - (40-0),2,10,3,20.0
梁家俊,第五班 - 1650米 - (40-0),1,13,1,7.7
梁家俊,第五班 - 1800米 - (40-0),0,11,1,0.0
梁家俊,第五班 - 2000米 - (40-0),0,2,0,0.0
梁家俊,第五班 - 2200米 - (40-0),0,1,0,0.0
梁家俊,第四班 - 1000米 - (60-40),4,32,9,12.5
梁家俊,第四班 - 1200米 - (60-40),13,173,38,7.5
梁家俊,第四班 - 1400米 - (60-40),3,72,13,4.2
梁家俊,第四班 - 1600米 - (60-40),2,21,6,9.5
梁家俊,第四班 - 1650米 - (60-40),2,62,12,3.2
梁家俊,第四班 - 1800米 - (60-35),0,1,0,0.0
梁家俊,第四班 - 1800米 - (60-40),1,13,1,7.7
梁家俊,第四班 - 2000米 - (60-40),0,5,0,0.0
梁家俊,第四班 - 2200米 - (60-40),1,3,1,33.3
梁家俊,第四班（條件限制） - 1200米 - (60-40),1,5,2,20.0
梁家俊,第四班（條件限制） - 1400米 - (60-40),0,2,0,0.0
楊明綸,三級賽 - 1000米,0,2,0,0.0
楊明綸,三級賽 - 1400米,0,2,0,0.0
楊明綸,三級賽 - 1800米,0,3,0,0.0
楊明綸,二級賽 - 1200米,0,3,0,0.0
楊明綸,二級賽 - 1600米,0,1,0,0.0
楊明綸,四歲 - 2000米,0,1,0,0.0
楊明綸,新馬賽 - 1000米,0,3,1,0.0
楊明綸,新馬賽 - 1200米,0,2,0,0.0
楊明綸,第一班 - 1200米 - (80+),0,2,0,0.0
楊明綸,第一班 - 1200米 - (85+),0,1,0,0.0
楊明綸,第一班 - 1650米 - (110-85),0,1,0,0.0
楊明綸,第三班 - 1000米 - (80-55),0,1,0,0.0
楊明綸,第三班 - 1000米 - (80-60),1,25,2,4.0
楊明綸,第三班 - 1000米 - (85-60),1,4,1,25.0
楊明綸,第三班 - 1200米 - (80-55),0,6,0,0.0
楊明綸,第三班 - 1200米 - (80-60),2,75,7,2.7
楊明綸,第三班 - 1200米 - (85-60),0,5,0,0.0
楊明綸,第三班 - 1400米 - (80-60),0,42,6,0.0
楊明綸,第三班 - 1400米 - (85-60),0,2,0,0.0
楊明綸,第三班 - 1600米 - (80-60),1,15,5,6.7
楊明綸,第三班 - 1600米 - (85-60),0,2,0,0.0
楊明綸,第三班 - 1650米 - (80-55),0,2,0,0.0
楊明綸,第三班 - 1650米 - (80-60),0,24,3,0.0
楊明綸,第三班 - 1650米 - (85-60),0,8,1,0.0
楊明綸,第三班 - 1800米 - (80-60),1,9,2,11.1
楊明綸,第三班 - 1800米 - (85-60),1,5,1,20.0
楊明綸,第三班 - 2000米 - (80-60),0,1,0,0.0
楊明綸,第三班 - 2000米 - (85-60),0,2,0,0.0
楊明綸,第三班（條件限制） - 1600米 - (85-60),0,2,0,0.0
楊明綸,第二班 - 1000米 - (100-75),0,1,0,0.0
楊明綸,第二班 - 1000米 - (100-80),0,1,0,0.0
楊明綸,第二班 - 1000米 - (105-75),0,1,0,0.0
楊明綸,第二班 - 1000米 - (105-80),0,1,0,0.0
楊明綸,第二班 - 1000米 - (90-65),0,1,0,0.0
楊明綸,第二班 - 1200米 - (100-75),0,1,0,0.0
楊明綸,第二班 - 1200米 - (100-80),0,7,0,0.0
楊明綸,第二班 - 1200米 - (105-80),0,1,0,0.0
楊明綸,第二班 - 1400米 - (100-75),0,1,0,0.0
楊明綸,第二班 - 1400米 - (100-80),0,3,0,0.0
楊明綸,第二班 - 1400米 - (105-80),0,5,0,0.0
楊明綸,第二班 - 1600米 - (100-75),0,2,0,0.0
楊明綸,第二班 - 1600米 - (100-80),0,1,0,0.0
楊明綸,第二班 - 1600米 - (105-75),0,1,0,0.0
楊明綸,第二班 - 1600米 - (105-80),0,5,1,0.0
楊明綸,第二班 - 1650米 - (100-75),0,2,0,0.0
楊明綸,第二班 - 1650米 - (100-80),1,4,1,25.0
楊明綸,第二班 - 1650米 - (105-80),0,1,0,0.0
楊明綸,第二班 - 1800米 - (100-70),0,1,1,0.0
楊明綸,第二班 - 1800米 - (100-75),0,2,0,0.0
楊明綸,第二班 - 1800米 - (90-60),0,1,1,0.0
楊明綸,第五班 - 1000米 - (40-0),0,12,1,0.0
楊明綸,第五班 - 1200米 - (40-0),1,34,5,2.9
楊明綸,第五班 - 1400米 - (40-0),1,18,1,5.6
楊明綸,第五班 - 1600米 - (40-0),1,6,1,16.7
楊明綸,第五班 - 1650米 - (40-0),0,25,5,0.0
楊明綸,第五班 - 1800米 - (40-0),2,15,2,13.3
楊明綸,第五班 - 2000米 - (40-0),0,1,1,0.0
楊明綸,第五班 - 2200米 - (40-0),1,3,1,33.3
楊明綸,第四班 - 1000米 - (60-40),2,28,2,7.1
楊明綸,第四班 - 1200米 - (60-40),10,176,31,5.7
楊明綸,第四班 - 1400米 - (60-40),4,71,14,5.6
楊明綸,第四班 - 1600米 - (60-40),1,25,4,4.0
楊明綸,第四班 - 1650米 - (60-40),4,61,10,6.6
楊明綸,第四班 - 1800米 - (60-40),1,20,6,5.0
楊明綸,第四班 - 2000米 - (60-40),0,8,2,0.0
楊明綸,第四班 - 2200米 - (60-35),1,3,3,33.3
楊明綸,第四班 - 2200米 - (60-40),0,2,1,0.0
楊明綸,第四班（條件限制） - 1200米 - (60-40),0,2,1,0.0
楊明綸,第四班（條件限制） - 1400米 - (60-40),0,2,0,0.0
橫山和生,一級賽 - 2000米,0,1,1,0.0
湯普新,一級賽 - 1400米,0,1,1,0.0
湯普新,三級賽 - 1200米,0,1,1,0.0
湯普新,四歲 - 2000米,0,1,0,0.0
湯普新,新馬賽 - 1000米,0,1,0,0.0
湯普新,第一班 - 1600米 - (85+),0,1,0,0.0
湯普新,第三班 - 1000米 - (80-60),0,12,3,0.0
湯普新,第三班 - 1000米 - (85-60),0,1,0,0.0
湯普新,第三班 - 1200米 - (80-55),0,2,0,0.0
湯普新,第三班 - 1200米 - (80-60),0,26,1,0.0
湯普新,第三班 - 1200米 - (85-60),0,2,0,0.0
湯普新,第三班 - 1400米 - (80-60),0,25,3,0.0
湯普新,第三班 - 1600米 - (80-60),1,7,1,14.3
湯普新,第三班 - 1600米 - (85-60),0,2,0,0.0
湯普新,第三班 - 1650米 - (80-60),0,9,1,0.0
湯普新,第三班 - 1650米 - (85-60),0,3,0,0.0
湯普新,第三班 - 1800米 - (80-60),1,8,3,12.5
湯普新,第三班 - 1800米 - (85-60),1,3,1,33.3
湯普新,第三班 - 2000米 - (80-60),0,1,0,0.0
湯普新,第三班 - 2000米 - (85-60),0,2,0,0.0
湯普新,第三班 - 2200米 - (85-60),0,1,1,0.0
湯普新,第三班（條件限制） - 1600米 - (85-60),0,1,0,0.0
湯普新,第二班 - 1200米 - (100-80),0,2,0,0.0
湯普新,第二班 - 1200米 - (105-80),0,2,0,0.0
湯普新,第二班 - 1400米 - (100-80),0,1,1,0.0
湯普新,第二班 - 1400米 - (105-80),0,2,1,0.0
湯普新,第二班 - 1600米 - (100-80),0,1,0,0.0
湯普新,第二班 - 1600米 - (105-80),0,2,0,0.0
湯普新,第二班 - 1650米 - (100-75),0,1,0,0.0
湯普新,第二班 - 1650米 - (105-80),0,1,1,0.0
湯普新,第二班 - 1800米 - (100-75),1,1,1,100.0
湯普新,第二班 - 2000米 - (100-75),0,1,0,0.0
湯普新,第二班 - 2000米 - (95-70),0,1,0,0.0
湯普新,第五班 - 1000米 - (40-0),0,1,1,0.0
湯普新,第五班 - 1200米 - (40-0),1,14,2,7.1
湯普新,第五班 - 1400米 - (40-0),0,4,0,0.0
湯普新,第五班 - 1600米 - (40-0),0,7,1,0.0
湯普新,第五班 - 1650米 - (40-0),0,4,0,0.0
湯普新,第五班 - 1800米 - (40-0),0,6,1,0.0
湯普新,第五班 - 2000米 - (40-0),0,2,0,0.0
湯普新,第五班 - 2200米 - (40-0),0,1,0,0.0
湯普新,第四班 - 1000米 - (60-40),0,13,1,0.0
湯普新,第四班 - 1200米 - (60-40),2,92,12,2.2
湯普新,第四班 - 1400米 - (60-40),1,39,4,2.6
湯普新,第四班 - 1600米 - (60-40),0,12,0,0.0
湯普新,第四班 - 1650米 - (60-40),1,43,8,2.3
湯普新,第四班 - 1800米 - (60-40),0,11,1,0.0
湯普新,第四班 - 2000米 - (60-40),0,4,1,0.0
湯普新,第四班 - 2200米 - (60-35),0,1,0,0.0
湯普新,第四班 - 2200米 - (60-40),0,1,0,0.0
溫蘿,一級賽 - 2400米,0,1,0,0.0
潘大衛,三級賽 - 1800米,0,1,0,0.0
潘大衛,二級賽 - 1600米,0,1,0,0.0
潘大衛,二級賽 - 2000米,0,1,0,0.0
潘大衛,第三班 - 1000米 - (80-60),0,2,1,0.0
潘大衛,第三班 - 1200米 - (80-60),0,11,0,0.0
潘大衛,第三班 - 1400米 - (80-60),0,6,0,0.0
潘大衛,第三班 - 1400米 - (85-60),0,1,0,0.0
潘大衛,第三班 - 1600米 - (80-60),0,3,0,0.0
潘大衛,第三班 - 1650米 - (80-60),0,4,0,0.0
潘大衛,第三班 - 1650米 - (85-60),0,1,0,0.0
潘大衛,第三班 - 1800米 - (80-60),0,1,0,0.0
潘大衛,第三班 - 2000米 - (85-60),0,1,0,0.0
潘大衛,第二班 - 1200米 - (100-80),0,1,0,0.0
潘大衛,第二班 - 1400米 - (100-80),0,1,0,0.0
潘大衛,第二班 - 2000米 - (100-75),0,1,0,0.0
潘大衛,第五班 - 1000米 - (40-0),0,3,0,0.0
潘大衛,第五班 - 1200米 - (40-0),0,6,0,0.0
潘大衛,第五班 - 1400米 - (40-0),0,4,0,0.0
潘大衛,第五班 - 1600米 - (40-0),0,2,0,0.0
潘大衛,第五班 - 1650米 - (40-0),0,6,0,0.0
潘大衛,第五班 - 1800米 - (40-0),0,2,1,0.0
潘大衛,第五班 - 2200米 - (40-0),0,1,0,0.0
潘大衛,第四班 - 1000米 - (60-40),0,4,0,0.0
潘大衛,第四班 - 1200米 - (60-40),0,32,2,0.0
潘大衛,第四班 - 1400米 - (60-40),0,15,1,0.0
潘大衛,第四班 - 1600米 - (60-40),0,5,0,0.0
潘大衛,第四班 - 1650米 - (60-40),0,11,3,0.0
潘大衛,第四班 - 1800米 - (60-40),0,2,0,0.0
潘大衛,第四班（條件限制） - 1200米 - (60-40),0,2,0,0.0
潘大衛,第四班（條件限制） - 1400米 - (60-40),0,1,0,0.0
潘明輝,一級賽 - 1200米,0,2,0,0.0
潘明輝,一級賽 - 2000米,0,1,0,0.0
潘明輝,三級賽 - 1000米,0,2,0,0.0
潘明輝,三級賽 - 1200米,0,1,0,0.0
潘明輝,三級賽 - 1400米,0,4,2,0.0
潘明輝,三級賽 - 1600米,0,1,0,0.0
潘明輝,三級賽 - 1800米,0,3,0,0.0
潘明輝,三級賽 - 2400米,1,2,1,50.0
潘明輝,二級賽 - 1200米,0,4,0,0.0
潘明輝,二級賽 - 1600米,1,2,1,50.0
潘明輝,二級賽 - 2000米,0,1,0,0.0
潘明輝,四歲 - 1600米,0,1,0,0.0
潘明輝,新馬賽 - 1000米,0,3,1,0.0
潘明輝,新馬賽 - 1200米,0,2,0,0.0
潘明輝,第一班 - 1000米 - (110-80),0,1,0,0.0
潘明輝,第一班 - 1200米 - (80+),0,1,0,0.0
潘明輝,第一班 - 1200米 - (85+),0,1,0,0.0
潘明輝,第一班 - 1600米 - (85+),0,1,0,0.0
潘明輝,第三班 - 1000米 - (80-55),0,1,1,0.0
潘明輝,第三班 - 1000米 - (80-60),3,26,10,11.5
潘明輝,第三班 - 1000米 - (85-60),0,4,0,0.0
潘明輝,第三班 - 1200米 - (80-55),0,4,0,0.0
潘明輝,第三班 - 1200米 - (80-60),2,103,19,1.9
潘明輝,第三班 - 1200米 - (85-60),0,6,1,0.0
潘明輝,第三班 - 1400米 - (80-60),4,43,11,9.3
潘明輝,第三班 - 1400米 - (85-60),1,2,1,50.0
潘明輝,第三班 - 1600米 - (80-60),2,14,2,14.3
潘明輝,第三班 - 1600米 - (85-60),0,4,2,0.0
潘明輝,第三班 - 1650米 - (80-55),0,1,0,0.0
潘明輝,第三班 - 1650米 - (80-60),3,31,7,9.7
潘明輝,第三班 - 1650米 - (85-60),1,9,1,11.1
潘明輝,第三班 - 1800米 - (80-60),0,14,5,0.0
潘明輝,第三班 - 1800米 - (85-60),0,5,1,0.0
潘明輝,第三班 - 2000米 - (80-60),1,4,2,25.0
潘明輝,第三班 - 2000米 - (85-60),0,5,1,0.0
潘明輝,第三班 - 2200米 - (80-55),0,1,0,0.0
潘明輝,第三班 - 2200米 - (80-60),0,1,1,0.0
潘明輝,第三班 - 2200米 - (85-60),0,1,0,0.0
潘明輝,第三班（條件限制） - 1600米 - (85-60),1,3,1,33.3
潘明輝,第二班 - 1200米 - (100-80),0,9,4,0.0
潘明輝,第二班 - 1200米 - (105-80),1,5,1,20.0
潘明輝,第二班 - 1400米 - (100-75),0,1,0,0.0
潘明輝,第二班 - 1400米 - (100-80),0,2,0,0.0
潘明輝,第二班 - 1400米 - (105-80),1,3,1,33.3
潘明輝,第二班 - 1600米 - (100-75),0,3,0,0.0
潘明輝,第二班 - 1600米 - (100-80),0,4,0,0.0
潘明輝,第二班 - 1600米 - (105-75),0,1,0,0.0
潘明輝,第二班 - 1600米 - (105-80),0,1,0,0.0
潘明輝,第二班 - 1650米 - (100-75),0,4,0,0.0
潘明輝,第二班 - 1650米 - (100-80),0,3,0,0.0
潘明輝,第二班 - 1650米 - (105-80),0,1,0,0.0
潘明輝,第二班 - 1800米 - (100-70),0,1,0,0.0
潘明輝,第二班 - 1800米 - (100-75),0,2,0,0.0
潘明輝,第二班 - 1800米 - (100-80),0,1,0,0.0
潘明輝,第二班 - 1800米 - (90-60),0,1,0,0.0
潘明輝,第二班 - 2000米 - (100-75),1,2,1,50.0
潘明輝,第二班 - 2000米 - (95-70),0,1,0,0.0
潘明輝,第五班 - 1000米 - (40-0),0,9,2,0.0
潘明輝,第五班 - 1200米 - (40-0),5,50,17,10.0
潘明輝,第五班 - 1400米 - (40-0),1,22,3,4.5
潘明輝,第五班 - 1600米 - (40-0),2,12,4,16.7
潘明輝,第五班 - 1650米 - (40-0),2,26,10,7.7
潘明輝,第五班 - 1800米 - (40-0),1,13,3,7.7
潘明輝,第五班 - 2000米 - (40-0),0,2,0,0.0
潘明輝,第五班 - 2200米 - (40-0),0,1,0,0.0
潘明輝,第四班 - 1000米 - (60-40),1,34,7,2.9
潘明輝,第四班 - 1200米 - (60-40),11,183,33,6.0
潘明輝,第四班 - 1400米 - (60-40),3,86,14,3.5
潘明輝,第四班 - 1600米 - (60-40),2,26,5,7.7
潘明輝,第四班 - 1650米 - (60-40),4,69,14,5.8
潘明輝,第四班 - 1800米 - (60-35),0,2,0,0.0
潘明輝,第四班 - 1800米 - (60-40),1,28,10,3.6
潘明輝,第四班 - 2000米 - (60-40),1,8,3,12.5
潘明輝,第四班 - 2200米 - (60-35),0,2,0,0.0
潘明輝,第四班 - 2200米 - (60-40),0,1,0,0.0
潘明輝,第四班（條件限制） - 1200米 - (60-40),2,6,3,33.3
潘明輝,第四班（條件限制） - 1400米 - (60-40),2,2,2,100.0
潘頓,一級賽 - 1200米,6,6,6,100.0
潘頓,一級賽 - 1400米,1,1,1,100.0
潘頓,一級賽 - 1600米,1,6,2,16.7
潘頓,一級賽 - 2000米,0,2,0,0.0
潘頓,一級賽 - 2400米,0,1,0,0.0
潘頓,三級賽 - 1000米,1,3,2,33.3
潘頓,三級賽 - 1400米,0,4,0,0.0
潘頓,三級賽 - 1600米,0,1,0,0.0
潘頓,三級賽 - 1800米,0,6,1,0.0
潘頓,三級賽 - 2400米,1,1,1,100.0
潘頓,二級賽 - 1200米,5,6,6,83.3
潘頓,二級賽 - 1600米,0,5,1,0.0
潘頓,二級賽 - 2000米,0,1,1,0.0
潘頓,四歲 - 1600米,0,2,1,0.0
潘頓,四歲 - 1800米,0,1,0,0.0
潘頓,四歲 - 2000米,0,1,0,0.0
潘頓,新馬賽 - 1000米,3,4,3,75.0
潘頓,新馬賽 - 1200米,0,1,1,0.0
潘頓,第一班 - 1000米 - (110-80),0,1,0,0.0
潘頓,第一班 - 1200米 - (110-85),0,1,0,0.0
潘頓,第一班 - 1200米 - (80+),2,2,2,100.0
潘頓,第一班 - 1200米 - (85+),1,1,1,100.0
潘頓,第一班 - 1400米 - (85+),0,1,1,0.0
潘頓,第一班 - 1600米 - (85+),0,1,0,0.0
潘頓,第三班 - 1000米 - (80-55),0,1,0,0.0
潘頓,第三班 - 1000米 - (80-60),6,30,15,20.0
潘頓,第三班 - 1000米 - (85-60),0,3,0,0.0
潘頓,第三班 - 1200米 - (80-55),0,4,1,0.0
潘頓,第三班 - 1200米 - (80-60),33,119,66,27.7
潘頓,第三班 - 1200米 - (85-60),3,5,4,60.0
潘頓,第三班 - 1400米 - (80-60),15,56,33,26.8
潘頓,第三班 - 1400米 - (85-60),0,1,0,0.0
潘頓,第三班 - 1600米 - (80-60),4,22,11,18.2
潘頓,第三班 - 1600米 - (85-60),1,4,2,25.0
潘頓,第三班 - 1650米 - (80-55),1,2,1,50.0
潘頓,第三班 - 1650米 - (80-60),7,44,20,15.9
潘頓,第三班 - 1650米 - (85-60),1,6,4,16.7
潘頓,第三班 - 1800米 - (80-60),1,15,5,6.7
潘頓,第三班 - 1800米 - (85-60),0,4,2,0.0
潘頓,第三班 - 2000米 - (80-60),0,3,1,0.0
潘頓,第三班 - 2000米 - (85-60),2,7,2,28.6
潘頓,第三班 - 2200米 - (80-55),0,1,0,0.0
潘頓,第三班 - 2200米 - (80-60),1,1,1,100.0
潘頓,第三班（條件限制） - 1600米 - (85-60),0,3,2,0.0
潘頓,第二班 - 1000米 - (100-75),1,2,1,50.0
潘頓,第二班 - 1000米 - (100-80),0,2,1,0.0
潘頓,第二班 - 1000米 - (105-75),0,1,1,0.0
潘頓,第二班 - 1000米 - (105-80),1,2,2,50.0
潘頓,第二班 - 1000米 - (90-65),0,1,0,0.0
潘頓,第二班 - 1200米 - (100-75),0,2,1,0.0
潘頓,第二班 - 1200米 - (100-80),4,19,8,21.1
潘頓,第二班 - 1200米 - (105-80),3,6,4,50.0
潘頓,第二班 - 1400米 - (100-75),0,1,1,0.0
潘頓,第二班 - 1400米 - (100-80),3,7,5,42.9
潘頓,第二班 - 1400米 - (105-80),3,8,3,37.5
潘頓,第二班 - 1400米 - (90-70),0,1,1,0.0
潘頓,第二班 - 1600米 - (100-75),2,3,2,66.7
潘頓,第二班 - 1600米 - (100-80),0,2,0,0.0
潘頓,第二班 - 1600米 - (105-75),0,1,0,0.0
潘頓,第二班 - 1600米 - (105-80),0,3,1,0.0
潘頓,第二班 - 1650米 - (100-75),0,4,1,0.0
潘頓,第二班 - 1650米 - (100-80),1,6,4,16.7
潘頓,第二班 - 1650米 - (105-80),0,3,1,0.0
潘頓,第二班 - 1800米 - (100-75),0,2,0,0.0
潘頓,第二班 - 1800米 - (100-80),0,1,0,0.0
潘頓,第二班 - 1800米 - (90-60),0,1,1,0.0
潘頓,第二班 - 2000米 - (95-70),0,1,1,0.0
潘頓,第五班 - 1000米 - (40-0),4,15,7,26.7
潘頓,第五班 - 1200米 - (40-0),6,50,16,12.0
潘頓,第五班 - 1400米 - (40-0),6,29,15,20.7
潘頓,第五班 - 1600米 - (40-0),2,11,5,18.2
潘頓,第五班 - 1650米 - (40-0),4,29,13,13.8
潘頓,第五班 - 1800米 - (40-0),4,19,8,21.1
潘頓,第五班 - 2000米 - (40-0),0,3,1,0.0
潘頓,第五班 - 2200米 - (40-0),0,6,4,0.0
潘頓,第四班 - 1000米 - (60-40),9,45,27,20.0
潘頓,第四班 - 1200米 - (60-40),46,215,108,21.4
潘頓,第四班 - 1400米 - (60-40),24,93,45,25.8
潘頓,第四班 - 1600米 - (60-40),4,26,11,15.4
潘頓,第四班 - 1650米 - (60-40),15,83,35,18.1
潘頓,第四班 - 1800米 - (60-35),0,2,1,0.0
潘頓,第四班 - 1800米 - (60-40),9,27,14,33.3
潘頓,第四班 - 2000米 - (60-40),1,8,3,12.5
潘頓,第四班 - 2200米 - (60-35),0,2,0,0.0
潘頓,第四班 - 2200米 - (60-40),1,4,2,25.0
潘頓,第四班（條件限制） - 1200米 - (60-40),0,5,2,0.0
潘頓,第四班（條件限制） - 1400米 - (60-40),0,2,0,0.0
班德禮,一級賽 - 1200米,0,3,0,0.0
班德禮,一級賽 - 1400米,0,2,0,0.0
班德禮,一級賽 - 1600米,0,1,0,0.0
班德禮,一級賽 - 2000米,0,1,0,0.0
班德禮,一級賽 - 2400米,0,1,0,0.0
班德禮,三級賽 - 1000米,0,3,1,0.0
班德禮,三級賽 - 1400米,0,3,0,0.0
班德禮,三級賽 - 1600米,0,1,0,0.0
班德禮,三級賽 - 1800米,1,4,2,25.0
班德禮,三級賽 - 2400米,0,1,0,0.0
班德禮,二級賽 - 1200米,1,5,1,20.0
班德禮,二級賽 - 1600米,0,3,1,0.0
班德禮,四歲 - 1600米,0,2,0,0.0
班德禮,四歲 - 1800米,1,1,1,100.0
班德禮,四歲 - 2000米,0,1,1,0.0
班德禮,新馬賽 - 1000米,0,4,1,0.0
班德禮,新馬賽 - 1200米,0,1,0,0.0
班德禮,第一班 - 1200米 - (110-85),0,1,1,0.0
班德禮,第一班 - 1200米 - (80+),0,1,0,0.0
班德禮,第一班 - 1200米 - (85+),0,2,0,0.0
班德禮,第一班 - 1400米 - (110-85),0,1,0,0.0
班德禮,第一班 - 1400米 - (85+),0,1,0,0.0
班德禮,第一班 - 1650米 - (110-85),0,1,1,0.0
班德禮,第三班 - 1000米 - (80-55),0,2,0,0.0
班德禮,第三班 - 1000米 - (80-60),2,21,4,9.5
班德禮,第三班 - 1000米 - (85-60),0,3,0,0.0
班德禮,第三班 - 1200米 - (80-55),1,6,1,16.7
班德禮,第三班 - 1200米 - (80-60),3,90,24,3.3
班德禮,第三班 - 1200米 - (85-60),0,6,2,0.0
班德禮,第三班 - 1400米 - (80-60),3,44,10,6.8
班德禮,第三班 - 1400米 - (85-60),0,1,1,0.0
班德禮,第三班 - 1600米 - (80-60),2,18,6,11.1
班德禮,第三班 - 1600米 - (85-60),1,2,1,50.0
班德禮,第三班 - 1650米 - (80-55),2,3,2,66.7
班德禮,第三班 - 1650米 - (80-60),2,30,8,6.7
班德禮,第三班 - 1650米 - (85-60),0,6,0,0.0
班德禮,第三班 - 1800米 - (80-60),1,8,3,12.5
班德禮,第三班 - 1800米 - (85-60),0,4,0,0.0
班德禮,第三班 - 2000米 - (80-60),0,3,0,0.0
班德禮,第三班 - 2000米 - (85-60),0,4,1,0.0
班德禮,第三班 - 2200米 - (80-55),0,1,0,0.0
班德禮,第三班 - 2200米 - (85-60),1,1,1,100.0
班德禮,第三班（條件限制） - 1600米 - (85-60),1,2,1,50.0
班德禮,第二班 - 1000米 - (100-75),0,2,0,0.0
班德禮,第二班 - 1000米 - (100-80),0,1,1,0.0
班德禮,第二班 - 1000米 - (105-75),0,1,0,0.0
班德禮,第二班 - 1000米 - (105-80),0,1,0,0.0
班德禮,第二班 - 1200米 - (100-75),0,2,1,0.0
班德禮,第二班 - 1200米 - (100-80),2,9,3,22.2
班德禮,第二班 - 1200米 - (105-80),0,3,1,0.0
班德禮,第二班 - 1400米 - (100-80),0,2,1,0.0
班德禮,第二班 - 1400米 - (105-80),1,8,3,12.5
班德禮,第二班 - 1600米 - (100-75),1,2,1,50.0
班德禮,第二班 - 1600米 - (100-80),0,3,1,0.0
班德禮,第二班 - 1600米 - (105-75),0,1,0,0.0
班德禮,第二班 - 1600米 - (105-80),1,3,1,33.3
班德禮,第二班 - 1650米 - (100-75),0,2,1,0.0
班德禮,第二班 - 1650米 - (100-80),2,5,4,40.0
班德禮,第二班 - 1650米 - (105-80),0,1,0,0.0
班德禮,第二班 - 1800米 - (100-70),0,1,0,0.0
班德禮,第二班 - 1800米 - (100-75),0,3,1,0.0
班德禮,第二班 - 1800米 - (100-80),0,1,0,0.0
班德禮,第二班 - 2000米 - (100-75),0,1,0,0.0
班德禮,第五班 - 1000米 - (40-0),1,13,2,7.7
班德禮,第五班 - 1200米 - (40-0),0,37,10,0.0
班德禮,第五班 - 1400米 - (40-0),1,24,2,4.2
班德禮,第五班 - 1600米 - (40-0),0,10,1,0.0
班德禮,第五班 - 1650米 - (40-0),2,20,3,10.0
班德禮,第五班 - 1800米 - (40-0),1,9,2,11.1
班德禮,第五班 - 2000米 - (40-0),0,1,0,0.0
班德禮,第五班 - 2200米 - (40-0),0,1,0,0.0
班德禮,第四班 - 1000米 - (60-40),2,27,3,7.4
班德禮,第四班 - 1200米 - (60-40),17,160,34,10.6
班德禮,第四班 - 1400米 - (60-40),5,71,15,7.0
班德禮,第四班 - 1600米 - (60-40),0,22,5,0.0
班德禮,第四班 - 1650米 - (60-40),3,57,11,5.3
班德禮,第四班 - 1800米 - (60-35),0,2,1,0.0
班德禮,第四班 - 1800米 - (60-40),0,21,3,0.0
班德禮,第四班 - 2000米 - (60-40),0,6,1,0.0
班德禮,第四班 - 2200米 - (60-35),0,3,1,0.0
班德禮,第四班 - 2200米 - (60-40),1,5,2,20.0
班德禮,第四班（條件限制） - 1200米 - (60-40),0,3,0,0.0
班德禮,第四班（條件限制） - 1400米 - (60-40),0,1,0,0.0
田泰安,一級賽 - 1200米,0,1,0,0.0
田泰安,一級賽 - 1400米,1,2,1,50.0
田泰安,一級賽 - 1600米,0,3,0,0.0
田泰安,一級賽 - 2000米,0,1,1,0.0
田泰安,三級賽 - 1000米,0,2,0,0.0
田泰安,三級賽 - 1200米,0,1,0,0.0
田泰安,三級賽 - 1400米,2,3,2,66.7
田泰安,三級賽 - 1600米,0,1,0,0.0
田泰安,三級賽 - 1800米,2,7,3,28.6
田泰安,三級賽 - 2400米,0,1,0,0.0
田泰安,二級賽 - 1200米,0,4,0,0.0
田泰安,二級賽 - 1600米,0,6,1,0.0
田泰安,二級賽 - 2000米,0,1,0,0.0
田泰安,四歲 - 1600米,0,1,0,0.0
田泰安,四歲 - 1800米,0,1,1,0.0
田泰安,四歲 - 2000米,0,2,0,0.0
田泰安,新馬賽 - 1000米,0,5,2,0.0
田泰安,第一班 - 1200米 - (110-85),0,1,0,0.0
田泰安,第一班 - 1200米 - (80+),0,2,0,0.0
田泰安,第一班 - 1200米 - (85+),0,2,1,0.0
田泰安,第一班 - 1400米 - (85+),0,1,0,0.0
田泰安,第一班 - 1600米 - (85+),0,1,0,0.0
田泰安,第一班 - 1650米 - (110-85),0,1,0,0.0
田泰安,第三班 - 1000米 - (80-55),0,1,0,0.0
田泰安,第三班 - 1000米 - (80-60),0,32,3,0.0
田泰安,第三班 - 1000米 - (85-60),0,5,0,0.0
田泰安,第三班 - 1200米 - (80-55),0,5,2,0.0
田泰安,第三班 - 1200米 - (80-60),5,103,25,4.9
田泰安,第三班 - 1200米 - (85-60),1,8,3,12.5
田泰安,第三班 - 1400米 - (80-60),4,54,9,7.4
田泰安,第三班 - 1600米 - (80-60),1,21,7,4.8
田泰安,第三班 - 1600米 - (85-60),0,3,1,0.0
田泰安,第三班 - 1650米 - (80-55),0,1,0,0.0
田泰安,第三班 - 1650米 - (80-60),3,40,15,7.5
田泰安,第三班 - 1650米 - (85-60),0,7,1,0.0
田泰安,第三班 - 1800米 - (80-60),2,17,4,11.8
田泰安,第三班 - 1800米 - (85-60),0,6,0,0.0
田泰安,第三班 - 2000米 - (80-60),0,5,2,0.0
田泰安,第三班 - 2000米 - (85-60),0,4,0,0.0
田泰安,第三班 - 2200米 - (80-55),0,1,0,0.0
田泰安,第三班 - 2200米 - (85-60),0,1,0,0.0
田泰安,第三班（條件限制） - 1600米 - (85-60),0,3,0,0.0
田泰安,第二班 - 1000米 - (100-75),0,3,0,0.0
田泰安,第二班 - 1000米 - (100-80),0,1,0,0.0
田泰安,第二班 - 1000米 - (105-75),0,1,0,0.0
田泰安,第二班 - 1000米 - (105-80),0,1,0,0.0
田泰安,第二班 - 1200米 - (100-75),0,2,1,0.0
田泰安,第二班 - 1200米 - (100-80),1,14,6,7.1
田泰安,第二班 - 1200米 - (105-80),0,7,3,0.0
田泰安,第二班 - 1400米 - (100-75),0,1,0,0.0
田泰安,第二班 - 1400米 - (100-80),0,2,1,0.0
田泰安,第二班 - 1400米 - (105-80),0,10,2,0.0
田泰安,第二班 - 1400米 - (90-70),0,1,0,0.0
田泰安,第二班 - 1600米 - (100-75),0,2,0,0.0
田泰安,第二班 - 1600米 - (100-80),0,3,0,0.0
田泰安,第二班 - 1600米 - (105-75),0,1,0,0.0
田泰安,第二班 - 1600米 - (105-80),0,4,0,0.0
田泰安,第二班 - 1650米 - (100-75),1,4,2,25.0
田泰安,第二班 - 1650米 - (100-80),0,3,2,0.0
田泰安,第二班 - 1650米 - (105-80),0,2,0,0.0
田泰安,第二班 - 1800米 - (100-70),0,1,0,0.0
田泰安,第二班 - 1800米 - (100-75),1,4,1,25.0
田泰安,第二班 - 1800米 - (100-80),0,2,1,0.0
田泰安,第二班 - 1800米 - (90-60),0,1,0,0.0
田泰安,第二班 - 2000米 - (100-75),0,2,0,0.0
田泰安,第二班 - 2000米 - (95-70),0,2,0,0.0
田泰安,第五班 - 1000米 - (40-0),2,12,3,16.7
田泰安,第五班 - 1200米 - (40-0),6,50,17,12.0
田泰安,第五班 - 1400米 - (40-0),3,30,9,10.0
田泰安,第五班 - 1600米 - (40-0),0,9,2,0.0
田泰安,第五班 - 1650米 - (40-0),2,26,6,7.7
田泰安,第五班 - 1800米 - (40-0),2,17,3,11.8
田泰安,第五班 - 2000米 - (40-0),1,3,2,33.3
田泰安,第五班 - 2200米 - (40-0),1,5,1,20.0
田泰安,第四班 - 1000米 - (60-40),1,40,5,2.5
田泰安,第四班 - 1200米 - (60-40),19,230,58,8.3
田泰安,第四班 - 1400米 - (60-40),3,100,19,3.0
田泰安,第四班 - 1600米 - (60-40),1,31,7,3.2
田泰安,第四班 - 1650米 - (60-40),8,89,26,9.0
田泰安,第四班 - 1800米 - (60-35),1,2,2,50.0
田泰安,第四班 - 1800米 - (60-40),3,30,9,10.0
田泰安,第四班 - 2000米 - (60-40),0,5,2,0.0
田泰安,第四班 - 2200米 - (60-35),1,3,2,33.3
田泰安,第四班 - 2200米 - (60-40),0,3,0,0.0
田泰安,第四班（條件限制） - 1200米 - (60-40),0,5,0,0.0
田泰安,第四班（條件限制） - 1400米 - (60-40),0,1,0,0.0
簡國能,第三班 - 1200米 - (80-60),0,1,1,0.0
簡國能,第三班 - 1650米 - (80-60),0,1,0,0.0
簡國能,第四班 - 1000米 - (60-40),0,1,0,0.0
簡國能,第四班 - 1650米 - (60-40),0,2,1,0.0
紀仁安,一級賽 - 1400米,0,1,0,0.0
紀仁安,一級賽 - 1600米,0,2,0,0.0
紀仁安,一級賽 - 2000米,0,2,1,0.0
紀仁安,一級賽 - 2400米,1,1,1,100.0
紀仁安,三級賽 - 1400米,0,1,0,0.0
紀仁安,三級賽 - 1800米,0,1,0,0.0
紀仁安,四歲 - 1600米,0,1,0,0.0
紀仁安,第三班 - 1000米 - (80-60),2,4,3,50.0
紀仁安,第三班 - 1000米 - (85-60),0,2,2,0.0
紀仁安,第三班 - 1200米 - (80-60),1,14,4,7.1
紀仁安,第三班 - 1200米 - (85-60),0,2,1,0.0
紀仁安,第三班 - 1400米 - (80-60),0,9,3,0.0
紀仁安,第三班 - 1400米 - (85-60),1,1,1,100.0
紀仁安,第三班 - 1600米 - (80-60),0,6,1,0.0
紀仁安,第三班 - 1600米 - (85-60),0,1,0,0.0
紀仁安,第三班 - 1650米 - (80-60),0,7,1,0.0
紀仁安,第三班 - 1800米 - (85-60),0,3,1,0.0
紀仁安,第三班 - 2000米 - (85-60),0,2,0,0.0
紀仁安,第三班 - 2200米 - (80-55),1,1,1,100.0
紀仁安,第三班（條件限制） - 1600米 - (85-60),0,1,1,0.0
紀仁安,第二班 - 1200米 - (100-75),0,1,0,0.0
紀仁安,第二班 - 1200米 - (100-80),1,3,1,33.3
紀仁安,第二班 - 1400米 - (100-80),0,1,0,0.0
紀仁安,第二班 - 1600米 - (100-75),0,1,0,0.0
紀仁安,第二班 - 1600米 - (105-80),0,1,1,0.0
紀仁安,第二班 - 1650米 - (105-80),0,1,1,0.0
紀仁安,第二班 - 1800米 - (100-80),0,1,0,0.0
紀仁安,第二班 - 2000米 - (95-70),0,1,0,0.0
紀仁安,第五班 - 1000米 - (40-0),0,2,0,0.0
紀仁安,第五班 - 1200米 - (40-0),0,8,1,0.0
紀仁安,第五班 - 1400米 - (40-0),2,5,2,40.0
紀仁安,第五班 - 1650米 - (40-0),0,5,4,0.0
紀仁安,第五班 - 1800米 - (40-0),0,3,0,0.0
紀仁安,第五班 - 2000米 - (40-0),0,1,0,0.0
紀仁安,第四班 - 1000米 - (60-40),0,4,0,0.0
紀仁安,第四班 - 1200米 - (60-40),3,30,9,10.0
紀仁安,第四班 - 1400米 - (60-40),1,17,6,5.9
紀仁安,第四班 - 1600米 - (60-40),1,4,1,25.0
紀仁安,第四班 - 1650米 - (60-40),1,12,3,8.3
紀仁安,第四班 - 1800米 - (60-40),0,5,1,0.0
紀仁安,第四班 - 2000米 - (60-40),0,1,0,0.0
紀仁安,第四班 - 2200米 - (60-40),0,1,0,0.0
紀仁安,第四班（條件限制） - 1400米 - (60-40),0,1,0,0.0
羅敦,一級賽 - 2000米,0,1,0,0.0
羅敦,一級賽 - 2400米,0,1,0,0.0
艾兆禮,一級賽 - 1200米,0,3,0,0.0
艾兆禮,一級賽 - 1400米,0,1,0,0.0
艾兆禮,一級賽 - 1600米,0,3,0,0.0
艾兆禮,一級賽 - 2000米,0,2,0,0.0
艾兆禮,一級賽 - 2400米,0,3,1,0.0
艾兆禮,三級賽 - 1000米,1,2,1,50.0
艾兆禮,三級賽 - 1200米,0,1,0,0.0
艾兆禮,三級賽 - 1400米,0,5,1,0.0
艾兆禮,三級賽 - 1600米,0,1,0,0.0
艾兆禮,三級賽 - 1800米,0,6,1,0.0
艾兆禮,二級賽 - 1200米,0,5,0,0.0
艾兆禮,二級賽 - 1600米,0,5,1,0.0
艾兆禮,二級賽 - 2000米,0,2,1,0.0
艾兆禮,四歲 - 1600米,0,1,0,0.0
艾兆禮,四歲 - 1800米,0,2,0,0.0
艾兆禮,四歲 - 2000米,0,2,0,0.0
艾兆禮,新馬賽 - 1000米,0,2,0,0.0
艾兆禮,新馬賽 - 1200米,0,2,1,0.0
艾兆禮,第一班 - 1000米 - (110-80),0,1,0,0.0
艾兆禮,第一班 - 1200米 - (110-85),0,1,1,0.0
艾兆禮,第一班 - 1200米 - (80+),0,2,0,0.0
艾兆禮,第一班 - 1200米 - (85+),0,1,0,0.0
艾兆禮,第一班 - 1400米 - (110-85),0,1,1,0.0
艾兆禮,第一班 - 1400米 - (85+),0,1,0,0.0
艾兆禮,第一班 - 1600米 - (85+),1,1,1,100.0
艾兆禮,第一班 - 1650米 - (110-85),0,1,0,0.0
艾兆禮,第三班 - 1000米 - (80-55),1,1,1,100.0
艾兆禮,第三班 - 1000米 - (80-60),2,28,6,7.1
艾兆禮,第三班 - 1000米 - (85-60),0,5,0,0.0
艾兆禮,第三班 - 1200米 - (80-55),3,6,3,50.0
艾兆禮,第三班 - 1200米 - (80-60),10,115,30,8.7
艾兆禮,第三班 - 1200米 - (85-60),2,12,5,16.7
艾兆禮,第三班 - 1400米 - (80-60),3,57,13,5.3
艾兆禮,第三班 - 1400米 - (85-60),0,2,1,0.0
艾兆禮,第三班 - 1600米 - (80-60),1,25,6,4.0
艾兆禮,第三班 - 1600米 - (85-60),1,4,1,25.0
艾兆禮,第三班 - 1650米 - (80-55),0,2,1,0.0
艾兆禮,第三班 - 1650米 - (80-60),7,44,16,15.9
艾兆禮,第三班 - 1650米 - (85-60),0,10,3,0.0
艾兆禮,第三班 - 1800米 - (80-60),2,16,3,12.5
艾兆禮,第三班 - 1800米 - (85-60),2,5,2,40.0
艾兆禮,第三班 - 2000米 - (80-60),1,4,2,25.0
艾兆禮,第三班 - 2000米 - (85-60),1,6,4,16.7
艾兆禮,第三班 - 2200米 - (80-55),0,1,0,0.0
艾兆禮,第三班 - 2200米 - (80-60),0,1,0,0.0
艾兆禮,第三班 - 2200米 - (85-60),0,1,0,0.0
艾兆禮,第三班（條件限制） - 1600米 - (85-60),0,3,1,0.0
艾兆禮,第二班 - 1000米 - (100-75),0,3,2,0.0
艾兆禮,第二班 - 1000米 - (100-80),0,2,2,0.0
艾兆禮,第二班 - 1000米 - (105-80),1,2,2,50.0
艾兆禮,第二班 - 1000米 - (90-65),0,1,0,0.0
艾兆禮,第二班 - 1200米 - (100-75),0,2,0,0.0
艾兆禮,第二班 - 1200米 - (100-80),4,19,8,21.1
艾兆禮,第二班 - 1200米 - (105-80),0,6,2,0.0
艾兆禮,第二班 - 1400米 - (100-75),0,1,1,0.0
艾兆禮,第二班 - 1400米 - (100-80),1,5,2,20.0
艾兆禮,第二班 - 1400米 - (105-80),0,7,2,0.0
艾兆禮,第二班 - 1600米 - (100-75),0,2,2,0.0
艾兆禮,第二班 - 1600米 - (100-80),1,2,1,50.0
艾兆禮,第二班 - 1600米 - (105-75),0,1,0,0.0
艾兆禮,第二班 - 1600米 - (105-80),1,4,3,25.0
艾兆禮,第二班 - 1650米 - (100-75),0,4,1,0.0
艾兆禮,第二班 - 1650米 - (100-80),0,3,1,0.0
艾兆禮,第二班 - 1650米 - (105-80),2,4,3,50.0
艾兆禮,第二班 - 1800米 - (100-70),0,1,1,0.0
艾兆禮,第二班 - 1800米 - (100-75),0,3,1,0.0
艾兆禮,第二班 - 1800米 - (100-80),0,1,1,0.0
艾兆禮,第二班 - 2000米 - (100-75),0,2,0,0.0
艾兆禮,第二班 - 2000米 - (95-70),1,2,1,50.0
艾兆禮,第五班 - 1000米 - (40-0),3,13,6,23.1
艾兆禮,第五班 - 1200米 - (40-0),4,34,13,11.8
艾兆禮,第五班 - 1400米 - (40-0),4,23,6,17.4
艾兆禮,第五班 - 1600米 - (40-0),0,11,0,0.0
艾兆禮,第五班 - 1650米 - (40-0),0,20,3,0.0
艾兆禮,第五班 - 1800米 - (40-0),0,12,4,0.0
艾兆禮,第五班 - 2000米 - (40-0),0,2,1,0.0
艾兆禮,第五班 - 2200米 - (40-0),1,4,2,25.0
艾兆禮,第四班 - 1000米 - (60-40),3,34,6,8.8
艾兆禮,第四班 - 1200米 - (60-40),27,214,58,12.6
艾兆禮,第四班 - 1400米 - (60-40),8,97,32,8.2
艾兆禮,第四班 - 1600米 - (60-40),1,25,4,4.0
艾兆禮,第四班 - 1650米 - (60-40),6,80,17,7.5
艾兆禮,第四班 - 1800米 - (60-35),0,1,0,0.0
艾兆禮,第四班 - 1800米 - (60-40),5,30,9,16.7
艾兆禮,第四班 - 2000米 - (60-40),0,4,0,0.0
艾兆禮,第四班 - 2200米 - (60-35),0,3,2,0.0
艾兆禮,第四班 - 2200米 - (60-40),0,2,0,0.0
艾兆禮,第四班（條件限制） - 1200米 - (60-40),0,3,0,0.0
艾兆禮,第四班（條件限制） - 1400米 - (60-40),0,1,0,0.0
艾道拿,一級賽 - 1200米,0,5,2,0.0
艾道拿,一級賽 - 1400米,0,2,0,0.0
艾道拿,一級賽 - 1600米,0,5,1,0.0
艾道拿,一級賽 - 2000米,0,4,0,0.0
艾道拿,一級賽 - 2400米,0,2,0,0.0
艾道拿,三級賽 - 1000米,0,1,1,0.0
艾道拿,三級賽 - 1400米,1,4,1,25.0
艾道拿,三級賽 - 1800米,1,6,1,16.7
艾道拿,三級賽 - 2400米,0,1,0,0.0
艾道拿,二級賽 - 1200米,0,6,3,0.0
艾道拿,二級賽 - 1600米,0,5,0,0.0
艾道拿,二級賽 - 2000米,0,2,0,0.0
艾道拿,四歲 - 1600米,0,2,0,0.0
艾道拿,四歲 - 1800米,1,2,1,50.0
艾道拿,四歲 - 2000米,0,2,0,0.0
艾道拿,新馬賽 - 1000米,0,2,0,0.0
艾道拿,新馬賽 - 1200米,1,1,1,100.0
艾道拿,第一班 - 1000米 - (110-80),0,1,1,0.0
艾道拿,第一班 - 1200米 - (110-85),0,2,0,0.0
艾道拿,第一班 - 1200米 - (85+),0,1,0,0.0
艾道拿,第一班 - 1400米 - (110-85),0,1,0,0.0
艾道拿,第一班 - 1400米 - (85+),0,1,0,0.0
艾道拿,第一班 - 1650米 - (110-85),0,1,0,0.0
艾道拿,第三班 - 1000米 - (80-60),2,19,7,10.5
艾道拿,第三班 - 1000米 - (85-60),1,3,1,33.3
艾道拿,第三班 - 1200米 - (80-55),1,3,2,33.3
艾道拿,第三班 - 1200米 - (80-60),6,70,22,8.6
艾道拿,第三班 - 1200米 - (85-60),0,2,1,0.0
艾道拿,第三班 - 1400米 - (80-60),4,51,21,7.8
艾道拿,第三班 - 1600米 - (80-60),0,19,3,0.0
艾道拿,第三班 - 1600米 - (85-60),0,1,0,0.0
艾道拿,第三班 - 1650米 - (80-60),1,21,6,4.8
艾道拿,第三班 - 1650米 - (85-60),0,4,1,0.0
艾道拿,第三班 - 1800米 - (80-60),2,12,5,16.7
艾道拿,第三班 - 1800米 - (85-60),1,6,3,16.7
艾道拿,第三班 - 2000米 - (80-60),1,3,1,33.3
艾道拿,第三班 - 2000米 - (85-60),1,4,3,25.0
艾道拿,第三班 - 2200米 - (80-60),0,1,0,0.0
艾道拿,第三班（條件限制） - 1600米 - (85-60),0,2,0,0.0
艾道拿,第二班 - 1000米 - (100-75),0,3,1,0.0
艾道拿,第二班 - 1000米 - (105-75),0,1,0,0.0
艾道拿,第二班 - 1000米 - (105-80),0,1,0,0.0
艾道拿,第二班 - 1000米 - (90-65),1,1,1,100.0
艾道拿,第二班 - 1200米 - (100-75),0,1,0,0.0
艾道拿,第二班 - 1200米 - (100-80),1,13,2,7.7
艾道拿,第二班 - 1200米 - (105-80),1,7,3,14.3
艾道拿,第二班 - 1400米 - (100-75),1,2,1,50.0
艾道拿,第二班 - 1400米 - (100-80),1,6,4,16.7
艾道拿,第二班 - 1400米 - (105-80),0,7,0,0.0
艾道拿,第二班 - 1600米 - (100-75),0,2,0,0.0
艾道拿,第二班 - 1600米 - (100-80),0,4,2,0.0
艾道拿,第二班 - 1600米 - (105-75),0,1,0,0.0
艾道拿,第二班 - 1600米 - (105-80),0,3,1,0.0
艾道拿,第二班 - 1650米 - (100-75),0,2,0,0.0
艾道拿,第二班 - 1800米 - (100-70),0,1,0,0.0
艾道拿,第二班 - 1800米 - (100-75),0,3,0,0.0
艾道拿,第二班 - 1800米 - (100-80),0,2,0,0.0
艾道拿,第二班 - 2000米 - (100-75),0,1,0,0.0
艾道拿,第二班 - 2000米 - (95-70),0,1,1,0.0
艾道拿,第五班 - 1000米 - (40-0),0,7,2,0.0
艾道拿,第五班 - 1200米 - (40-0),2,43,8,4.7
艾道拿,第五班 - 1400米 - (40-0),1,18,2,5.6
艾道拿,第五班 - 1600米 - (40-0),2,11,4,18.2
艾道拿,第五班 - 1650米 - (40-0),2,22,3,9.1
艾道拿,第五班 - 1800米 - (40-0),0,10,3,0.0
艾道拿,第五班 - 2000米 - (40-0),0,1,0,0.0
艾道拿,第五班 - 2200米 - (40-0),0,2,0,0.0
艾道拿,第四班 - 1000米 - (60-40),2,30,10,6.7
艾道拿,第四班 - 1200米 - (60-40),5,176,31,2.8
艾道拿,第四班 - 1400米 - (60-40),4,76,15,5.3
艾道拿,第四班 - 1600米 - (60-40),8,24,11,33.3
艾道拿,第四班 - 1650米 - (60-40),4,56,13,7.1
艾道拿,第四班 - 1800米 - (60-40),2,22,7,9.1
艾道拿,第四班 - 2000米 - (60-40),1,5,1,20.0
艾道拿,第四班 - 2200米 - (60-40),0,3,2,0.0
艾道拿,第四班（條件限制） - 1200米 - (60-40),0,5,2,0.0
艾道拿,第四班（條件限制） - 1400米 - (60-40),0,2,2,0.0
苗傑美,四歲 - 1600米,0,1,0,0.0
苗傑美,第二班 - 1400米 - (105-80),0,1,0,0.0
苗傑美,第五班 - 1200米 - (40-0),0,1,0,0.0
苗傑美,第四班 - 1200米 - (60-40),0,1,1,0.0
范以誠,一級賽 - 2000米,0,2,1,0.0
莫艾誠,一級賽 - 1200米,0,2,0,0.0
莫艾誠,一級賽 - 2000米,0,2,0,0.0
莫艾誠,一級賽 - 2400米,1,2,1,50.0
莫艾誠,第四班 - 1400米 - (60-40),0,1,0,0.0
莫雅,一級賽 - 1200米,0,1,0,0.0
莫雅,一級賽 - 1600米,0,2,0,0.0
莫雅,一級賽 - 2000米,0,1,0,0.0
莫雅,一級賽 - 2400米,0,2,0,0.0
莫雅,四歲 - 1800米,0,1,0,0.0
莫雅,四歲 - 2000米,0,1,0,0.0
莫雅,第一班 - 1200米 - (110-85),0,1,1,0.0
莫雅,第一班 - 1650米 - (110-85),1,1,1,100.0
莫雅,第三班 - 1000米 - (85-60),0,1,0,0.0
莫雅,第三班 - 1200米 - (80-55),0,2,0,0.0
莫雅,第三班 - 1200米 - (80-60),2,4,3,50.0
莫雅,第三班 - 1200米 - (85-60),0,2,1,0.0
莫雅,第三班 - 1400米 - (80-60),0,1,0,0.0
莫雅,第三班 - 1650米 - (80-55),0,1,0,0.0
莫雅,第三班 - 1650米 - (80-60),0,2,0,0.0
莫雅,第三班 - 1650米 - (85-60),1,2,2,50.0
莫雅,第三班 - 2000米 - (80-60),0,1,0,0.0
莫雅,第二班 - 1400米 - (100-75),0,1,1,0.0
莫雅,第二班 - 1400米 - (100-80),0,1,1,0.0
莫雅,第二班 - 1400米 - (105-80),0,1,0,0.0
莫雅,第五班 - 1200米 - (40-0),0,1,0,0.0
莫雅,第五班 - 2200米 - (40-0),0,1,0,0.0
莫雅,第四班 - 1000米 - (60-40),0,2,0,0.0
莫雅,第四班 - 1200米 - (60-40),1,7,2,14.3
莫雅,第四班 - 1400米 - (60-40),1,4,3,25.0
莫雅,第四班 - 1650米 - (60-40),1,5,1,20.0
莫雅,第四班 - 1800米 - (60-40),1,1,1,100.0
莫雅,第四班 - 2200米 - (60-40),0,1,0,0.0
莫雷拉,一級賽 - 1200米,0,3,3,0.0
莫雷拉,一級賽 - 1600米,0,3,1,0.0
莫雷拉,一級賽 - 2000米,0,2,0,0.0
莫雷拉,一級賽 - 2400米,0,1,1,0.0
莫雷拉,四歲 - 1800米,0,1,0,0.0
莫雷拉,四歲 - 2000米,0,1,1,0.0
莫雷拉,新馬賽 - 1000米,0,1,1,0.0
莫雷拉,第三班 - 1000米 - (80-60),0,2,1,0.0
莫雷拉,第三班 - 1200米 - (80-60),1,7,3,14.3
莫雷拉,第三班 - 1200米 - (85-60),0,2,0,0.0
莫雷拉,第三班 - 1400米 - (80-60),2,6,3,33.3
莫雷拉,第三班 - 1600米 - (80-60),1,4,1,25.0
莫雷拉,第三班 - 1650米 - (80-55),0,2,0,0.0
莫雷拉,第三班 - 1650米 - (80-60),0,2,1,0.0
莫雷拉,第三班 - 1650米 - (85-60),1,2,2,50.0
莫雷拉,第三班 - 1800米 - (80-60),0,1,0,0.0
莫雷拉,第三班 - 2000米 - (80-60),0,1,0,0.0
莫雷拉,第二班 - 1200米 - (100-80),0,1,0,0.0
莫雷拉,第二班 - 1200米 - (105-80),0,1,0,0.0
莫雷拉,第二班 - 1400米 - (100-80),1,1,1,100.0
莫雷拉,第二班 - 1400米 - (105-80),1,3,1,33.3
莫雷拉,第二班 - 1800米 - (100-75),0,1,1,0.0
莫雷拉,第二班 - 1800米 - (100-80),0,1,0,0.0
莫雷拉,第五班 - 1000米 - (40-0),0,1,0,0.0
莫雷拉,第五班 - 1200米 - (40-0),2,5,3,40.0
莫雷拉,第五班 - 1400米 - (40-0),0,2,1,0.0
莫雷拉,第五班 - 1650米 - (40-0),2,4,2,50.0
莫雷拉,第四班 - 1000米 - (60-40),0,5,0,0.0
莫雷拉,第四班 - 1200米 - (60-40),2,15,6,13.3
莫雷拉,第四班 - 1400米 - (60-40),0,10,3,0.0
莫雷拉,第四班 - 1600米 - (60-40),1,3,1,33.3
莫雷拉,第四班 - 1650米 - (60-40),1,7,1,14.3
莫雷拉,第四班 - 1800米 - (60-35),0,2,0,0.0
莫雷拉,第四班 - 1800米 - (60-40),0,1,0,0.0
菅原明良,一級賽 - 1200米,0,1,0,0.0
董明朗,三級賽 - 1200米,0,1,1,0.0
董明朗,三級賽 - 1400米,1,2,2,50.0
董明朗,二級賽 - 1200米,0,1,0,0.0
董明朗,二級賽 - 1600米,0,2,1,0.0
董明朗,新馬賽 - 1200米,0,1,0,0.0
董明朗,第一班 - 1000米 - (110-80),0,1,0,0.0
董明朗,第一班 - 1200米 - (80+),0,2,0,0.0
董明朗,第三班 - 1000米 - (80-60),0,7,0,0.0
董明朗,第三班 - 1200米 - (80-60),2,41,4,4.9
董明朗,第三班 - 1400米 - (80-60),1,16,2,6.2
董明朗,第三班 - 1600米 - (80-60),0,6,0,0.0
董明朗,第三班 - 1650米 - (80-55),0,1,0,0.0
董明朗,第三班 - 1650米 - (80-60),0,10,1,0.0
董明朗,第三班 - 1650米 - (85-60),0,1,1,0.0
董明朗,第三班 - 1800米 - (80-60),0,4,0,0.0
董明朗,第二班 - 1000米 - (105-80),0,1,1,0.0
董明朗,第二班 - 1200米 - (100-80),1,4,2,25.0
董明朗,第二班 - 1200米 - (105-80),0,2,0,0.0
董明朗,第二班 - 1400米 - (105-80),0,1,0,0.0
董明朗,第二班 - 1600米 - (105-80),0,1,0,0.0
董明朗,第二班 - 1650米 - (100-80),0,1,1,0.0
董明朗,第二班 - 1650米 - (105-80),0,1,0,0.0
董明朗,第五班 - 1000米 - (40-0),0,5,0,0.0
董明朗,第五班 - 1200米 - (40-0),1,11,1,9.1
董明朗,第五班 - 1400米 - (40-0),0,7,1,0.0
董明朗,第五班 - 1600米 - (40-0),0,6,1,0.0
董明朗,第五班 - 1650米 - (40-0),1,11,2,9.1
董明朗,第五班 - 1800米 - (40-0),0,4,3,0.0
董明朗,第五班 - 2000米 - (40-0),0,2,0,0.0
董明朗,第五班 - 2200米 - (40-0),0,1,0,0.0
董明朗,第四班 - 1000米 - (60-40),0,11,0,0.0
董明朗,第四班 - 1200米 - (60-40),2,66,11,3.0
董明朗,第四班 - 1400米 - (60-40),1,33,8,3.0
董明朗,第四班 - 1600米 - (60-40),0,11,0,0.0
董明朗,第四班 - 1650米 - (60-40),1,20,3,5.0
董明朗,第四班 - 1800米 - (60-40),1,7,1,14.3
董明朗,第四班 - 2000米 - (60-40),0,1,0,0.0
董明朗,第四班（條件限制） - 1200米 - (60-40),0,4,0,0.0
蔡明紹,一級賽 - 1200米,0,1,0,0.0
蔡明紹,一級賽 - 2000米,0,1,0,0.0
蔡明紹,一級賽 - 2400米,0,2,0,0.0
蔡明紹,三級賽 - 1000米,0,2,2,0.0
蔡明紹,三級賽 - 1200米,0,1,0,0.0
蔡明紹,三級賽 - 1400米,0,4,1,0.0
蔡明紹,三級賽 - 1600米,1,1,1,100.0
蔡明紹,三級賽 - 1800米,0,6,2,0.0
蔡明紹,二級賽 - 1200米,0,2,0,0.0
蔡明紹,二級賽 - 1600米,0,5,0,0.0
蔡明紹,二級賽 - 2000米,0,2,0,0.0
蔡明紹,四歲 - 1600米,0,2,0,0.0
蔡明紹,新馬賽 - 1000米,0,1,0,0.0
蔡明紹,新馬賽 - 1200米,1,2,2,50.0
蔡明紹,第一班 - 1000米 - (110-80),0,1,0,0.0
蔡明紹,第一班 - 1200米 - (110-85),1,2,2,50.0
蔡明紹,第一班 - 1200米 - (80+),0,2,0,0.0
蔡明紹,第一班 - 1200米 - (85+),0,1,0,0.0
蔡明紹,第一班 - 1600米 - (85+),0,1,0,0.0
蔡明紹,第三班 - 1000米 - (80-60),6,28,8,21.4
蔡明紹,第三班 - 1000米 - (85-60),1,3,1,33.3
蔡明紹,第三班 - 1200米 - (80-55),0,7,0,0.0
蔡明紹,第三班 - 1200米 - (80-60),1,93,17,1.1
蔡明紹,第三班 - 1200米 - (85-60),0,6,1,0.0
蔡明紹,第三班 - 1400米 - (80-60),2,48,8,4.2
蔡明紹,第三班 - 1400米 - (85-60),0,2,0,0.0
蔡明紹,第三班 - 1600米 - (80-60),2,19,2,10.5
蔡明紹,第三班 - 1600米 - (85-60),0,4,0,0.0
蔡明紹,第三班 - 1650米 - (80-55),0,1,0,0.0
蔡明紹,第三班 - 1650米 - (80-60),3,30,6,10.0
蔡明紹,第三班 - 1650米 - (85-60),0,7,2,0.0
蔡明紹,第三班 - 1800米 - (80-60),0,9,1,0.0
蔡明紹,第三班 - 1800米 - (85-60),0,5,2,0.0
蔡明紹,第三班 - 2000米 - (80-60),0,2,1,0.0
蔡明紹,第三班 - 2000米 - (85-60),0,6,2,0.0
蔡明紹,第三班 - 2200米 - (80-55),0,1,1,0.0
蔡明紹,第三班（條件限制） - 1600米 - (85-60),0,1,0,0.0
蔡明紹,第二班 - 1000米 - (100-75),0,3,2,0.0
蔡明紹,第二班 - 1000米 - (100-80),1,2,1,50.0
蔡明紹,第二班 - 1000米 - (105-75),0,1,0,0.0
蔡明紹,第二班 - 1000米 - (105-80),0,2,0,0.0
蔡明紹,第二班 - 1200米 - (100-75),0,2,1,0.0
蔡明紹,第二班 - 1200米 - (100-80),1,16,3,6.2
蔡明紹,第二班 - 1200米 - (105-80),0,7,3,0.0
蔡明紹,第二班 - 1400米 - (100-75),0,1,0,0.0
蔡明紹,第二班 - 1400米 - (100-80),0,2,1,0.0
蔡明紹,第二班 - 1400米 - (105-80),0,6,2,0.0
蔡明紹,第二班 - 1400米 - (90-70),0,1,0,0.0
蔡明紹,第二班 - 1600米 - (100-75),0,1,0,0.0
蔡明紹,第二班 - 1600米 - (100-80),0,2,1,0.0
蔡明紹,第二班 - 1600米 - (105-75),0,1,0,0.0
蔡明紹,第二班 - 1600米 - (105-80),0,2,0,0.0
蔡明紹,第二班 - 1650米 - (100-75),0,2,0,0.0
蔡明紹,第二班 - 1650米 - (100-80),0,4,1,0.0
蔡明紹,第二班 - 1650米 - (105-80),0,1,0,0.0
蔡明紹,第二班 - 1800米 - (100-75),0,1,1,0.0
蔡明紹,第二班 - 1800米 - (100-80),0,3,1,0.0
蔡明紹,第二班 - 1800米 - (90-60),0,1,0,0.0
蔡明紹,第二班 - 2000米 - (100-75),0,2,1,0.0
蔡明紹,第二班 - 2000米 - (95-70),0,1,1,0.0
蔡明紹,第五班 - 1000米 - (40-0),0,13,3,0.0
蔡明紹,第五班 - 1200米 - (40-0),2,43,11,4.7
蔡明紹,第五班 - 1400米 - (40-0),0,22,0,0.0
蔡明紹,第五班 - 1600米 - (40-0),0,11,3,0.0
蔡明紹,第五班 - 1650米 - (40-0),3,23,4,13.0
蔡明紹,第五班 - 1800米 - (40-0),0,14,3,0.0
蔡明紹,第五班 - 2000米 - (40-0),0,3,0,0.0
蔡明紹,第五班 - 2200米 - (40-0),0,3,2,0.0
蔡明紹,第四班 - 1000米 - (60-40),1,31,8,3.2
蔡明紹,第四班 - 1200米 - (60-40),12,197,45,6.1
蔡明紹,第四班 - 1400米 - (60-40),3,62,8,4.8
蔡明紹,第四班 - 1600米 - (60-40),0,18,0,0.0
蔡明紹,第四班 - 1650米 - (60-40),5,65,18,7.7
蔡明紹,第四班 - 1800米 - (60-35),0,1,0,0.0
蔡明紹,第四班 - 1800米 - (60-40),0,22,2,0.0
蔡明紹,第四班 - 2000米 - (60-40),0,4,1,0.0
蔡明紹,第四班 - 2200米 - (60-35),1,2,1,50.0
蔡明紹,第四班 - 2200米 - (60-40),0,4,0,0.0
蔡明紹,第四班（條件限制） - 1200米 - (60-40),0,3,0,0.0
蔡明紹,第四班（條件限制） - 1400米 - (60-40),0,2,0,0.0
薛凱華,一級賽 - 1200米,0,1,0,0.0
薛凱華,一級賽 - 1600米,0,2,1,0.0
薛凱華,一級賽 - 2400米,0,1,0,0.0
薛凱華,第三班 - 1600米 - (80-60),0,1,0,0.0
薛凱華,第四班 - 1200米 - (60-40),0,1,0,0.0
薛恩,一級賽 - 1200米,0,2,0,0.0
薛恩,一級賽 - 1400米,0,1,0,0.0
薛恩,一級賽 - 1600米,0,2,1,0.0
薛恩,一級賽 - 2000米,0,1,0,0.0
薛恩,四歲 - 1600米,0,1,1,0.0
薛恩,四歲 - 1800米,0,1,0,0.0
薛恩,第三班 - 1200米 - (80-60),0,1,0,0.0
薛恩,第三班 - 1400米 - (80-60),0,2,0,0.0
薛恩,第三班 - 1800米 - (80-60),0,1,0,0.0
薛恩,第三班 - 2000米 - (80-60),0,1,0,0.0
薛恩,第二班 - 1000米 - (100-75),1,1,1,100.0
薛恩,第二班 - 2000米 - (95-70),0,1,0,0.0
薛恩,第四班 - 1000米 - (60-40),0,1,0,0.0
薛恩,第四班 - 1200米 - (60-40),1,4,1,25.0
薛恩,第四班 - 1400米 - (60-40),0,4,1,0.0
薛恩,第四班 - 1600米 - (60-40),0,3,2,0.0
蘇銘倫,一級賽 - 1200米,0,1,0,0.0
蘇銘倫,一級賽 - 1600米,0,2,1,0.0
蘇銘倫,一級賽 - 2000米,0,2,1,0.0
蘇銘倫,一級賽 - 2400米,0,1,1,0.0
蘇銘倫,四歲 - 1600米,0,1,0,0.0
蘇銘倫,四歲 - 2000米,0,1,0,0.0
蘇銘倫,第三班 - 1200米 - (80-60),0,3,1,0.0
蘇銘倫,第三班 - 1400米 - (80-60),0,1,0,0.0
蘇銘倫,第三班 - 1600米 - (80-60),0,1,0,0.0
蘇銘倫,第三班 - 1800米 - (80-60),0,1,0,0.0
蘇銘倫,第三班 - 1800米 - (85-60),0,1,0,0.0
蘇銘倫,第四班 - 1200米 - (60-40),0,2,0,0.0
蘇銘倫,第四班 - 1400米 - (60-40),0,2,1,0.0
蘇銘倫,第四班 - 1600米 - (60-40),0,2,0,0.0
蘇銘倫,第四班 - 1800米 - (60-35),0,1,0,0.0
袁幸堯,新馬賽 - 1000米,0,1,1,0.0
袁幸堯,第三班 - 1000米 - (80-60),1,2,1,50.0
袁幸堯,第三班 - 1200米 - (80-60),0,2,0,0.0
袁幸堯,第三班 - 1200米 - (85-60),0,1,1,0.0
袁幸堯,第三班 - 1400米 - (80-60),1,4,1,25.0
袁幸堯,第三班 - 1600米 - (80-60),0,2,0,0.0
袁幸堯,第三班 - 1650米 - (85-60),0,2,0,0.0
袁幸堯,第三班 - 2000米 - (80-60),0,1,1,0.0
袁幸堯,第二班 - 1200米 - (105-80),0,1,0,0.0
袁幸堯,第二班 - 1400米 - (100-80),0,1,0,0.0
袁幸堯,第五班 - 1200米 - (40-0),1,5,1,20.0
袁幸堯,第五班 - 1400米 - (40-0),0,1,0,0.0
袁幸堯,第五班 - 1650米 - (40-0),0,1,0,0.0
袁幸堯,第四班 - 1000米 - (60-40),0,3,1,0.0
袁幸堯,第四班 - 1200米 - (60-40),3,15,9,20.0
袁幸堯,第四班 - 1400米 - (60-40),0,5,2,0.0
袁幸堯,第四班 - 1600米 - (60-40),0,2,0,0.0
袁幸堯,第四班 - 1650米 - (60-40),0,2,1,0.0
袁幸堯,第四班 - 1800米 - (60-35),1,1,1,100.0
袁幸堯,第四班 - 1800米 - (60-40),0,1,0,0.0
西村淳也,一級賽 - 1200米,0,1,0,0.0
貝知仁,一級賽 - 1600米,0,1,0,0.0
貝知仁,三級賽 - 1800米,0,1,0,0.0
貝知仁,第三班 - 1000米 - (80-60),1,4,1,25.0
貝知仁,第三班 - 1200米 - (80-60),0,12,3,0.0
貝知仁,第三班 - 1400米 - (80-60),0,7,0,0.0
貝知仁,第三班 - 1600米 - (80-60),0,2,0,0.0
貝知仁,第三班 - 1650米 - (80-60),0,1,0,0.0
貝知仁,第三班 - 1650米 - (85-60),0,1,0,0.0
貝知仁,第三班 - 1800米 - (80-60),0,2,0,0.0
貝知仁,第三班（條件限制） - 1600米 - (85-60),0,1,0,0.0
貝知仁,第二班 - 1000米 - (100-75),0,1,0,0.0
貝知仁,第二班 - 1200米 - (100-80),0,2,1,0.0
貝知仁,第二班 - 1200米 - (105-80),0,1,1,0.0
貝知仁,第二班 - 1400米 - (100-80),0,1,0,0.0
貝知仁,第二班 - 1400米 - (105-80),0,1,0,0.0
貝知仁,第二班 - 2000米 - (100-75),0,1,1,0.0
貝知仁,第五班 - 1000米 - (40-0),0,1,1,0.0
貝知仁,第五班 - 1200米 - (40-0),0,5,0,0.0
貝知仁,第五班 - 1400米 - (40-0),1,2,1,50.0
貝知仁,第五班 - 1600米 - (40-0),0,1,0,0.0
貝知仁,第五班 - 1650米 - (40-0),0,3,1,0.0
貝知仁,第五班 - 1800米 - (40-0),0,2,0,0.0
貝知仁,第五班 - 2200米 - (40-0),0,1,0,0.0
貝知仁,第四班 - 1000米 - (60-40),0,4,0,0.0
貝知仁,第四班 - 1200米 - (60-40),0,23,4,0.0
貝知仁,第四班 - 1400米 - (60-40),0,9,1,0.0
貝知仁,第四班 - 1600米 - (60-40),0,3,0,0.0
貝知仁,第四班 - 1650米 - (60-40),0,8,0,0.0
貝知仁,第四班 - 1800米 - (60-40),0,2,0,0.0
貝知仁,第四班 - 2000米 - (60-40),0,2,0,0.0
貝知仁,第四班（條件限制） - 1400米 - (60-40),0,1,0,0.0
賀銘年,三級賽 - 1800米,0,1,0,0.0
賀銘年,新馬賽 - 1000米,0,1,0,0.0
賀銘年,新馬賽 - 1200米,0,1,0,0.0
賀銘年,第三班 - 1000米 - (80-60),0,7,0,0.0
賀銘年,第三班 - 1200米 - (80-55),1,3,2,33.3
賀銘年,第三班 - 1200米 - (80-60),2,30,9,6.7
賀銘年,第三班 - 1200米 - (85-60),0,1,0,0.0
賀銘年,第三班 - 1400米 - (80-60),1,13,4,7.7
賀銘年,第三班 - 1600米 - (80-60),0,5,0,0.0
賀銘年,第三班 - 1650米 - (80-60),0,10,0,0.0
賀銘年,第三班 - 1650米 - (85-60),0,2,0,0.0
賀銘年,第三班 - 1800米 - (80-60),0,2,0,0.0
賀銘年,第三班 - 1800米 - (85-60),0,1,0,0.0
賀銘年,第三班 - 2000米 - (85-60),0,1,0,0.0
賀銘年,第三班 - 2200米 - (80-60),0,1,0,0.0
賀銘年,第三班 - 2200米 - (85-60),0,1,0,0.0
賀銘年,第二班 - 1000米 - (100-80),0,1,0,0.0
賀銘年,第二班 - 1200米 - (100-75),0,1,0,0.0
賀銘年,第二班 - 1200米 - (100-80),1,2,1,50.0
賀銘年,第二班 - 1400米 - (105-80),0,1,0,0.0
賀銘年,第二班 - 1600米 - (100-80),0,1,0,0.0
賀銘年,第二班 - 1600米 - (105-80),0,1,1,0.0
賀銘年,第二班 - 1650米 - (100-80),0,1,0,0.0
賀銘年,第二班 - 1800米 - (100-80),0,1,0,0.0
賀銘年,第二班 - 2000米 - (95-70),0,1,0,0.0
賀銘年,第五班 - 1000米 - (40-0),1,2,1,50.0
賀銘年,第五班 - 1200米 - (40-0),0,16,4,0.0
賀銘年,第五班 - 1400米 - (40-0),1,8,2,12.5
賀銘年,第五班 - 1600米 - (40-0),0,4,1,0.0
賀銘年,第五班 - 1650米 - (40-0),0,5,2,0.0
賀銘年,第五班 - 1800米 - (40-0),0,6,1,0.0
賀銘年,第五班 - 2000米 - (40-0),0,1,0,0.0
賀銘年,第四班 - 1000米 - (60-40),1,13,3,7.7
賀銘年,第四班 - 1200米 - (60-40),1,59,8,1.7
賀銘年,第四班 - 1400米 - (60-40),2,22,5,9.1
賀銘年,第四班 - 1600米 - (60-40),0,8,0,0.0
賀銘年,第四班 - 1650米 - (60-40),1,27,5,3.7
賀銘年,第四班 - 1800米 - (60-40),0,7,0,0.0
賀銘年,第四班 - 2000米 - (60-40),0,2,0,0.0
賀銘年,第四班 - 2200米 - (60-40),0,1,0,0.0
賀銘年,第四班（條件限制） - 1200米 - (60-40),0,2,0,0.0
連達文,一級賽 - 1200米,0,1,0,0.0
連達文,一級賽 - 2000米,1,2,2,50.0
郭立基,一級賽 - 1600米,0,1,0,0.0
金美琪,第三班 - 1200米 - (80-60),0,2,0,0.0
金美琪,第三班 - 1650米 - (80-60),0,2,0,0.0
金美琪,第四班 - 1000米 - (60-40),0,2,0,0.0
金美琪,第四班 - 1650米 - (60-40),0,2,1,0.0
金誠剛,三級賽 - 1400米,0,1,0,0.0
金誠剛,三級賽 - 1800米,0,1,1,0.0
金誠剛,二級賽 - 1600米,0,3,0,0.0
金誠剛,第一班 - 1200米 - (85+),0,1,0,0.0
金誠剛,第三班 - 1000米 - (80-60),1,8,1,12.5
金誠剛,第三班 - 1000米 - (85-60),0,1,0,0.0
金誠剛,第三班 - 1200米 - (80-55),0,1,1,0.0
金誠剛,第三班 - 1200米 - (80-60),2,37,7,5.4
金誠剛,第三班 - 1200米 - (85-60),0,5,0,0.0
金誠剛,第三班 - 1400米 - (80-60),0,18,2,0.0
金誠剛,第三班 - 1400米 - (85-60),0,1,0,0.0
金誠剛,第三班 - 1600米 - (80-60),0,10,0,0.0
金誠剛,第三班 - 1600米 - (85-60),0,1,0,0.0
金誠剛,第三班 - 1650米 - (80-55),0,2,0,0.0
金誠剛,第三班 - 1650米 - (80-60),0,15,1,0.0
金誠剛,第三班 - 1650米 - (85-60),1,4,1,25.0
金誠剛,第三班 - 1800米 - (80-60),0,3,0,0.0
金誠剛,第三班 - 2000米 - (80-60),0,1,0,0.0
金誠剛,第三班 - 2000米 - (85-60),0,2,1,0.0
金誠剛,第三班（條件限制） - 1600米 - (85-60),0,1,0,0.0
金誠剛,第二班 - 1000米 - (105-80),0,1,0,0.0
金誠剛,第二班 - 1200米 - (100-80),0,3,1,0.0
金誠剛,第二班 - 1400米 - (100-75),0,1,0,0.0
金誠剛,第二班 - 1400米 - (100-80),0,1,0,0.0
金誠剛,第二班 - 1400米 - (105-80),0,3,0,0.0
金誠剛,第二班 - 1600米 - (105-80),0,1,0,0.0
金誠剛,第二班 - 1650米 - (100-75),0,1,0,0.0
金誠剛,第二班 - 1650米 - (100-80),0,1,0,0.0
金誠剛,第二班 - 1800米 - (100-75),0,1,0,0.0
金誠剛,第二班 - 2000米 - (95-70),0,1,1,0.0
金誠剛,第五班 - 1000米 - (40-0),0,2,1,0.0
金誠剛,第五班 - 1200米 - (40-0),2,21,6,9.5
金誠剛,第五班 - 1400米 - (40-0),0,13,1,0.0
金誠剛,第五班 - 1600米 - (40-0),0,3,1,0.0
金誠剛,第五班 - 1650米 - (40-0),1,11,2,9.1
金誠剛,第五班 - 1800米 - (40-0),0,10,3,0.0
金誠剛,第五班 - 2200米 - (40-0),0,4,1,0.0
金誠剛,第四班 - 1000米 - (60-40),1,16,1,6.2
金誠剛,第四班 - 1200米 - (60-40),5,87,15,5.7
金誠剛,第四班 - 1400米 - (60-40),0,50,7,0.0
金誠剛,第四班 - 1600米 - (60-40),0,14,7,0.0
金誠剛,第四班 - 1650米 - (60-40),3,29,9,10.3
金誠剛,第四班 - 1800米 - (60-40),0,9,2,0.0
金誠剛,第四班 - 2000米 - (60-40),0,3,1,0.0
金誠剛,第四班 - 2200米 - (60-40),0,1,0,0.0
金誠剛,第四班（條件限制） - 1200米 - (60-40),0,3,0,0.0
金誠剛,第四班（條件限制） - 1400米 - (60-40),0,1,0,0.0
鍾易禮,三級賽 - 1000米,0,1,0,0.0
鍾易禮,三級賽 - 1200米,0,1,0,0.0
鍾易禮,三級賽 - 1400米,0,1,0,0.0
鍾易禮,三級賽 - 1600米,0,1,0,0.0
鍾易禮,三級賽 - 1800米,0,1,0,0.0
鍾易禮,三級賽 - 2400米,0,1,0,0.0
鍾易禮,二級賽 - 1200米,0,1,0,0.0
鍾易禮,二級賽 - 1600米,0,3,0,0.0
鍾易禮,第一班 - 1200米 - (110-85),0,1,0,0.0
鍾易禮,第一班 - 1200米 - (80+),0,2,2,0.0
鍾易禮,第一班 - 1400米 - (85+),1,1,1,100.0
鍾易禮,第三班 - 1000米 - (80-55),0,2,0,0.0
鍾易禮,第三班 - 1000米 - (80-60),0,19,1,0.0
鍾易禮,第三班 - 1000米 - (85-60),0,3,0,0.0
鍾易禮,第三班 - 1200米 - (80-55),0,5,0,0.0
鍾易禮,第三班 - 1200米 - (80-60),5,85,15,5.9
鍾易禮,第三班 - 1200米 - (85-60),0,8,0,0.0
鍾易禮,第三班 - 1400米 - (80-60),3,39,4,7.7
鍾易禮,第三班 - 1400米 - (85-60),0,2,0,0.0
鍾易禮,第三班 - 1600米 - (80-60),0,15,1,0.0
鍾易禮,第三班 - 1600米 - (85-60),0,3,0,0.0
鍾易禮,第三班 - 1650米 - (80-55),0,1,0,0.0
鍾易禮,第三班 - 1650米 - (80-60),1,35,4,2.9
鍾易禮,第三班 - 1650米 - (85-60),2,6,2,33.3
鍾易禮,第三班 - 1800米 - (80-60),0,10,2,0.0
鍾易禮,第三班 - 1800米 - (85-60),0,2,0,0.0
鍾易禮,第三班 - 2000米 - (80-60),1,2,1,50.0
鍾易禮,第三班 - 2000米 - (85-60),0,4,1,0.0
鍾易禮,第三班（條件限制） - 1600米 - (85-60),0,1,0,0.0
鍾易禮,第二班 - 1000米 - (105-75),0,1,0,0.0
鍾易禮,第二班 - 1000米 - (105-80),0,1,0,0.0
鍾易禮,第二班 - 1200米 - (100-75),1,1,1,100.0
鍾易禮,第二班 - 1200米 - (100-80),0,12,1,0.0
鍾易禮,第二班 - 1200米 - (105-80),0,8,0,0.0
鍾易禮,第二班 - 1400米 - (100-75),0,2,0,0.0
鍾易禮,第二班 - 1400米 - (100-80),0,4,0,0.0
鍾易禮,第二班 - 1400米 - (105-80),1,8,2,12.5
鍾易禮,第二班 - 1400米 - (90-70),0,1,0,0.0
鍾易禮,第二班 - 1600米 - (105-75),0,1,1,0.0
鍾易禮,第二班 - 1600米 - (105-80),1,3,1,33.3
鍾易禮,第二班 - 1650米 - (100-75),0,3,1,0.0
鍾易禮,第二班 - 1650米 - (100-80),0,3,0,0.0
鍾易禮,第二班 - 1650米 - (105-80),0,1,0,0.0
鍾易禮,第二班 - 1800米 - (100-70),1,1,1,100.0
鍾易禮,第二班 - 1800米 - (100-75),0,2,0,0.0
鍾易禮,第二班 - 1800米 - (90-60),0,1,0,0.0
鍾易禮,第二班 - 2000米 - (95-70),0,1,0,0.0
鍾易禮,第五班 - 1000米 - (40-0),2,12,4,16.7
鍾易禮,第五班 - 1200米 - (40-0),1,30,7,3.3
鍾易禮,第五班 - 1400米 - (40-0),0,17,1,0.0
鍾易禮,第五班 - 1600米 - (40-0),2,11,3,18.2
鍾易禮,第五班 - 1650米 - (40-0),0,15,3,0.0
鍾易禮,第五班 - 1800米 - (40-0),0,16,2,0.0
鍾易禮,第五班 - 2000米 - (40-0),0,1,0,0.0
鍾易禮,第五班 - 2200米 - (40-0),0,5,0,0.0
鍾易禮,第四班 - 1000米 - (60-40),5,36,10,13.9
鍾易禮,第四班 - 1200米 - (60-40),4,142,17,2.8
鍾易禮,第四班 - 1400米 - (60-40),3,65,7,4.6
鍾易禮,第四班 - 1600米 - (60-40),0,14,2,0.0
鍾易禮,第四班 - 1650米 - (60-40),5,71,14,7.0
鍾易禮,第四班 - 1800米 - (60-35),0,1,0,0.0
鍾易禮,第四班 - 1800米 - (60-40),0,14,3,0.0
鍾易禮,第四班 - 2000米 - (60-40),0,1,0,0.0
鍾易禮,第四班 - 2200米 - (60-35),0,3,0,0.0
鍾易禮,第四班（條件限制） - 1200米 - (60-40),0,5,1,0.0
鍾易禮,第四班（條件限制） - 1400米 - (60-40),0,2,0,0.0
陳嘉熙,第三班 - 1200米 - (80-60),0,2,0,0.0
陳嘉熙,第三班 - 1650米 - (80-60),0,1,0,0.0
陳嘉熙,第二班 - 1200米 - (105-80),0,1,0,0.0
陳嘉熙,第五班 - 1200米 - (40-0),0,2,0,0.0
陳嘉熙,第五班 - 1400米 - (40-0),0,1,0,0.0
陳嘉熙,第五班 - 1650米 - (40-0),0,1,0,0.0
陳嘉熙,第五班 - 1800米 - (40-0),0,1,0,0.0
陳嘉熙,第四班 - 1000米 - (60-40),0,2,1,0.0
陳嘉熙,第四班 - 1200米 - (60-40),1,6,3,16.7
陳嘉熙,第四班 - 1400米 - (60-40),0,1,0,0.0
霍宏聲,一級賽 - 1200米,0,3,0,0.0
霍宏聲,一級賽 - 1400米,0,1,0,0.0
霍宏聲,一級賽 - 1600米,0,2,0,0.0
霍宏聲,一級賽 - 2000米,0,1,0,0.0
霍宏聲,一級賽 - 2400米,0,1,0,0.0
霍宏聲,三級賽 - 1200米,0,1,0,0.0
霍宏聲,三級賽 - 1400米,1,1,1,100.0
霍宏聲,三級賽 - 1600米,0,1,1,0.0
霍宏聲,三級賽 - 1800米,0,3,0,0.0
霍宏聲,二級賽 - 1200米,0,4,1,0.0
霍宏聲,二級賽 - 1600米,0,1,0,0.0
霍宏聲,二級賽 - 2000米,0,2,1,0.0
霍宏聲,四歲 - 1600米,1,2,1,50.0
霍宏聲,四歲 - 1800米,0,2,1,0.0
霍宏聲,四歲 - 2000米,0,2,1,0.0
霍宏聲,新馬賽 - 1000米,0,1,0,0.0
霍宏聲,新馬賽 - 1200米,0,2,0,0.0
霍宏聲,第一班 - 1200米 - (110-85),1,1,1,100.0
霍宏聲,第一班 - 1200米 - (85+),1,1,1,100.0
霍宏聲,第一班 - 1400米 - (85+),0,1,0,0.0
霍宏聲,第一班 - 1600米 - (85+),0,1,0,0.0
霍宏聲,第一班 - 1650米 - (110-85),0,1,0,0.0
霍宏聲,第三班 - 1000米 - (80-55),0,1,1,0.0
霍宏聲,第三班 - 1000米 - (80-60),0,21,6,0.0
霍宏聲,第三班 - 1000米 - (85-60),0,3,2,0.0
霍宏聲,第三班 - 1200米 - (80-55),0,5,3,0.0
霍宏聲,第三班 - 1200米 - (80-60),6,77,19,7.8
霍宏聲,第三班 - 1200米 - (85-60),0,4,1,0.0
霍宏聲,第三班 - 1400米 - (80-60),5,34,9,14.7
霍宏聲,第三班 - 1400米 - (85-60),0,2,1,0.0
霍宏聲,第三班 - 1600米 - (80-60),1,15,4,6.7
霍宏聲,第三班 - 1600米 - (85-60),0,2,1,0.0
霍宏聲,第三班 - 1650米 - (80-55),0,3,2,0.0
霍宏聲,第三班 - 1650米 - (80-60),2,32,9,6.2
霍宏聲,第三班 - 1650米 - (85-60),0,2,0,0.0
霍宏聲,第三班 - 1800米 - (80-60),0,9,3,0.0
霍宏聲,第三班 - 1800米 - (85-60),0,4,0,0.0
霍宏聲,第三班 - 2000米 - (85-60),0,1,0,0.0
霍宏聲,第三班 - 2200米 - (80-60),0,1,0,0.0
霍宏聲,第三班 - 2200米 - (85-60),0,1,0,0.0
霍宏聲,第三班（條件限制） - 1600米 - (85-60),0,2,0,0.0
霍宏聲,第二班 - 1000米 - (100-75),1,2,1,50.0
霍宏聲,第二班 - 1000米 - (105-75),1,1,1,100.0
霍宏聲,第二班 - 1200米 - (100-80),0,10,1,0.0
霍宏聲,第二班 - 1200米 - (105-80),0,5,2,0.0
霍宏聲,第二班 - 1400米 - (100-80),0,2,0,0.0
霍宏聲,第二班 - 1400米 - (105-80),0,3,0,0.0
霍宏聲,第二班 - 1600米 - (100-75),0,1,1,0.0
霍宏聲,第二班 - 1600米 - (100-80),0,3,1,0.0
霍宏聲,第二班 - 1650米 - (100-75),0,2,0,0.0
霍宏聲,第二班 - 1650米 - (100-80),1,3,1,33.3
霍宏聲,第二班 - 1800米 - (100-75),0,1,1,0.0
霍宏聲,第二班 - 1800米 - (100-80),0,1,0,0.0
霍宏聲,第二班 - 1800米 - (90-60),0,1,0,0.0
霍宏聲,第二班 - 2000米 - (100-75),0,1,0,0.0
霍宏聲,第五班 - 1000米 - (40-0),1,17,6,5.9
霍宏聲,第五班 - 1200米 - (40-0),7,37,10,18.9
霍宏聲,第五班 - 1400米 - (40-0),1,23,6,4.3
霍宏聲,第五班 - 1600米 - (40-0),0,8,1,0.0
霍宏聲,第五班 - 1650米 - (40-0),5,22,9,22.7
霍宏聲,第五班 - 1800米 - (40-0),4,11,4,36.4
霍宏聲,第五班 - 2000米 - (40-0),0,1,0,0.0
霍宏聲,第五班 - 2200米 - (40-0),0,1,0,0.0
霍宏聲,第四班 - 1000米 - (60-40),4,35,7,11.4
霍宏聲,第四班 - 1200米 - (60-40),19,199,40,9.5
霍宏聲,第四班 - 1400米 - (60-40),7,73,15,9.6
霍宏聲,第四班 - 1600米 - (60-40),1,22,3,4.5
霍宏聲,第四班 - 1650米 - (60-40),6,65,18,9.2
霍宏聲,第四班 - 1800米 - (60-40),0,22,2,0.0
霍宏聲,第四班 - 2000米 - (60-40),0,5,0,0.0
霍宏聲,第四班 - 2200米 - (60-40),0,2,0,0.0
霍宏聲,第四班（條件限制） - 1200米 - (60-40),2,4,2,50.0
霍宏聲,第四班（條件限制） - 1400米 - (60-40),0,1,0,0.0
韋紀力,一級賽 - 1200米,0,3,0,0.0
韋紀力,一級賽 - 1600米,0,3,1,0.0
韋紀力,一級賽 - 2000米,0,2,0,0.0
韋紀力,一級賽 - 2400米,0,2,1,0.0
韋紀力,四歲 - 1800米,0,1,0,0.0
韋紀力,四歲 - 2000米,1,1,1,100.0
韋紀力,第三班 - 1200米 - (80-60),0,2,1,0.0
韋紀力,第三班 - 1400米 - (80-60),1,6,2,16.7
韋紀力,第三班 - 1600米 - (80-60),0,2,2,0.0
韋紀力,第三班 - 1650米 - (85-60),0,1,0,0.0
韋紀力,第三班 - 1800米 - (80-60),0,1,0,0.0
韋紀力,第三班 - 2000米 - (80-60),0,1,0,0.0
韋紀力,第二班 - 1400米 - (100-80),0,1,0,0.0
韋紀力,第二班 - 1400米 - (105-80),1,3,2,33.3
韋紀力,第二班 - 2000米 - (95-70),0,1,0,0.0
韋紀力,第五班 - 1200米 - (40-0),0,1,0,0.0
韋紀力,第四班 - 1200米 - (60-40),0,2,0,0.0
韋紀力,第四班 - 1400米 - (60-40),1,3,2,33.3
韋紀力,第四班 - 1600米 - (60-40),0,2,0,0.0
馬昆,一級賽 - 1600米,0,1,0,0.0
馬昆,一級賽 - 2400米,0,2,1,0.0
馬昆,四歲 - 1800米,0,1,0,0.0
馬昆,第三班 - 1200米 - (85-60),1,1,1,100.0
馬昆,第三班 - 1600米 - (80-60),0,1,0,0.0
馬昆,第三班 - 1650米 - (80-60),1,1,1,100.0
馬昆,第三班 - 1800米 - (80-60),0,1,0,0.0
馬昆,第三班 - 1800米 - (85-60),0,1,0,0.0
馬昆,第三班 - 2000米 - (80-60),0,1,0,0.0
馬昆,第二班 - 1600米 - (100-80),0,1,0,0.0
馬昆,第五班 - 1200米 - (40-0),0,2,0,0.0
馬昆,第四班 - 1000米 - (60-40),0,2,0,0.0
馬昆,第四班 - 1200米 - (60-40),0,7,0,0.0
馬昆,第四班 - 1400米 - (60-40),0,4,0,0.0
高力德,一級賽 - 2000米,0,1,0,0.0
麥文堅,一級賽 - 1400米,0,1,0,0.0
麥文堅,一級賽 - 1600米,0,1,0,0.0
麥文堅,一級賽 - 2000米,0,2,1,0.0
麥文堅,一級賽 - 2400米,0,1,0,0.0
麥文堅,三級賽 - 1800米,0,1,0,0.0
麥文堅,四歲 - 1600米,0,1,0,0.0
麥文堅,四歲 - 1800米,0,1,1,0.0
麥文堅,四歲 - 2000米,0,1,0,0.0
麥文堅,第一班 - 1200米 - (85+),0,1,0,0.0
麥文堅,第三班 - 1200米 - (80-55),1,2,1,50.0
麥文堅,第三班 - 1200米 - (80-60),1,19,4,5.3
麥文堅,第三班 - 1200米 - (85-60),1,3,1,33.3
麥文堅,第三班 - 1400米 - (80-60),1,6,2,16.7
麥文堅,第三班 - 1400米 - (85-60),0,1,0,0.0
麥文堅,第三班 - 1600米 - (80-60),0,2,0,0.0
麥文堅,第三班 - 1600米 - (85-60),0,2,0,0.0
麥文堅,第三班 - 1650米 - (80-60),2,5,2,40.0
麥文堅,第三班 - 1650米 - (85-60),0,2,1,0.0
麥文堅,第三班 - 1800米 - (80-60),0,2,0,0.0
麥文堅,第三班 - 1800米 - (85-60),0,2,1,0.0
麥文堅,第三班 - 2000米 - (85-60),0,2,0,0.0
麥文堅,第三班（條件限制） - 1600米 - (85-60),0,1,0,0.0
麥文堅,第二班 - 1400米 - (105-80),0,1,0,0.0
麥文堅,第二班 - 1600米 - (105-80),0,1,0,0.0
麥文堅,第五班 - 1000米 - (40-0),0,2,0,0.0
麥文堅,第五班 - 1200米 - (40-0),0,6,1,0.0
麥文堅,第五班 - 1400米 - (40-0),0,3,1,0.0
麥文堅,第五班 - 1650米 - (40-0),0,4,0,0.0
麥文堅,第五班 - 1800米 - (40-0),0,3,0,0.0
麥文堅,第五班 - 2000米 - (40-0),0,1,0,0.0
麥文堅,第五班 - 2200米 - (40-0),0,1,0,0.0
麥文堅,第四班 - 1000米 - (60-40),1,4,2,25.0
麥文堅,第四班 - 1200米 - (60-40),0,25,4,0.0
麥文堅,第四班 - 1400米 - (60-40),1,13,3,7.7
麥文堅,第四班 - 1600米 - (60-40),2,6,2,33.3
麥文堅,第四班 - 1650米 - (60-40),0,8,2,0.0
麥文堅,第四班 - 1800米 - (60-40),0,3,0,0.0
麥文堅,第四班 - 2000米 - (60-40),0,1,1,0.0
麥文堅,第四班 - 2200米 - (60-40),0,1,1,0.0
麥當能,第三班 - 1000米 - (80-60),0,1,0,0.0
麥當能,第三班 - 1200米 - (80-60),0,2,0,0.0
麥當能,第三班 - 1400米 - (80-60),0,5,0,0.0
麥當能,第三班 - 1600米 - (80-60),0,1,0,0.0
麥當能,第三班 - 1650米 - (85-60),0,2,0,0.0
麥當能,第三班 - 1800米 - (80-60),0,1,0,0.0
麥當能,第三班 - 1800米 - (85-60),0,1,1,0.0
麥當能,第三班 - 2200米 - (85-60),0,1,0,0.0
麥當能,第二班 - 1800米 - (100-75),0,1,0,0.0
麥當能,第五班 - 1400米 - (40-0),0,1,0,0.0
麥當能,第五班 - 1800米 - (40-0),0,1,0,0.0
麥當能,第五班 - 2200米 - (40-0),1,1,1,100.0
麥當能,第四班 - 1000米 - (60-40),0,1,0,0.0
麥當能,第四班 - 1200米 - (60-40),0,3,0,0.0
麥當能,第四班 - 1400米 - (60-40),0,5,0,0.0
麥當能,第四班 - 1600米 - (60-40),0,2,0,0.0
麥當能,第四班 - 1650米 - (60-40),0,4,0,0.0
麥當能,第四班 - 2000米 - (60-40),0,1,0,0.0
麥當能,第四班 - 2200米 - (60-40),0,1,0,0.0
麥道朗,一級賽 - 1200米,0,6,3,0.0
麥道朗,一級賽 - 1600米,3,6,4,50.0
麥道朗,一級賽 - 2000米,5,6,6,83.3
麥道朗,一級賽 - 2400米,1,3,1,33.3
麥道朗,二級賽 - 1200米,0,2,2,0.0
麥道朗,二級賽 - 1600米,2,2,2,100.0
麥道朗,二級賽 - 2000米,2,2,2,100.0
麥道朗,四歲 - 1600米,0,1,1,0.0
麥道朗,四歲 - 1800米,0,2,0,0.0
麥道朗,第一班 - 1400米 - (110-85),0,1,1,0.0
麥道朗,第三班 - 1000米 - (80-60),0,4,1,0.0
麥道朗,第三班 - 1000米 - (85-60),0,1,0,0.0
麥道朗,第三班 - 1200米 - (80-60),7,22,13,31.8
麥道朗,第三班 - 1200米 - (85-60),1,1,1,100.0
麥道朗,第三班 - 1400米 - (80-60),2,15,5,13.3
麥道朗,第三班 - 1600米 - (80-60),1,5,1,20.0
麥道朗,第三班 - 1600米 - (85-60),0,1,1,0.0
麥道朗,第三班 - 1650米 - (80-60),1,7,2,14.3
麥道朗,第三班 - 1800米 - (80-60),1,5,2,20.0
麥道朗,第三班 - 2000米 - (80-60),0,2,1,0.0
麥道朗,第三班 - 2000米 - (85-60),0,1,0,0.0
麥道朗,第二班 - 1000米 - (105-80),0,1,0,0.0
麥道朗,第二班 - 1000米 - (90-65),0,1,1,0.0
麥道朗,第二班 - 1200米 - (100-80),0,5,1,0.0
麥道朗,第二班 - 1400米 - (105-80),0,1,0,0.0
麥道朗,第二班 - 1600米 - (105-80),0,1,0,0.0
麥道朗,第二班 - 1650米 - (100-80),0,1,0,0.0
麥道朗,第二班 - 1800米 - (100-80),1,2,1,50.0
麥道朗,第二班 - 2000米 - (95-70),0,1,0,0.0
麥道朗,第五班 - 1000米 - (40-0),0,3,1,0.0
麥道朗,第五班 - 1200米 - (40-0),1,9,3,11.1
麥道朗,第五班 - 1400米 - (40-0),0,4,1,0.0
麥道朗,第五班 - 1600米 - (40-0),0,1,0,0.0
麥道朗,第五班 - 1650米 - (40-0),0,5,0,0.0
麥道朗,第五班 - 1800米 - (40-0),0,3,0,0.0
麥道朗,第五班 - 2200米 - (40-0),0,2,1,0.0
麥道朗,第四班 - 1000米 - (60-40),2,8,3,25.0
麥道朗,第四班 - 1200米 - (60-40),6,37,17,16.2
麥道朗,第四班 - 1400米 - (60-40),3,18,9,16.7
麥道朗,第四班 - 1600米 - (60-40),1,6,3,16.7
麥道朗,第四班 - 1650米 - (60-40),1,14,3,7.1
麥道朗,第四班 - 1800米 - (60-35),0,1,0,0.0
麥道朗,第四班 - 1800米 - (60-40),1,4,1,25.0
麥道朗,第四班 - 2000米 - (60-40),0,2,1,0.0
麥道朗,第四班 - 2200米 - (60-40),1,2,1,50.0
麥道朗,第四班（條件限制） - 1200米 - (60-40),0,1,1,0.0
黃寶妮,第一班 - 1200米 - (80+),0,1,0,0.0
黃寶妮,第一班 - 1200米 - (85+),0,1,0,0.0
黃寶妮,第一班 - 1400米 - (85+),0,1,0,0.0
黃寶妮,第三班 - 1000米 - (80-60),1,16,5,6.2
黃寶妮,第三班 - 1000米 - (85-60),0,1,0,0.0
黃寶妮,第三班 - 1200米 - (80-60),3,35,3,8.6
黃寶妮,第三班 - 1200米 - (85-60),0,7,1,0.0
黃寶妮,第三班 - 1400米 - (80-60),0,16,0,0.0
黃寶妮,第三班 - 1600米 - (80-60),0,4,0,0.0
黃寶妮,第三班 - 1600米 - (85-60),0,2,0,0.0
黃寶妮,第三班 - 1650米 - (80-55),0,1,0,0.0
黃寶妮,第三班 - 1650米 - (80-60),0,5,0,0.0
黃寶妮,第三班 - 1650米 - (85-60),1,6,1,16.7
黃寶妮,第三班 - 1800米 - (80-60),0,2,0,0.0
黃寶妮,第三班 - 2000米 - (80-60),0,2,0,0.0
黃寶妮,第三班 - 2000米 - (85-60),0,1,0,0.0
黃寶妮,第二班 - 1000米 - (105-75),0,1,1,0.0
黃寶妮,第二班 - 1000米 - (90-65),0,1,0,0.0
黃寶妮,第二班 - 1200米 - (100-80),0,6,0,0.0
黃寶妮,第二班 - 1200米 - (105-80),0,3,0,0.0
黃寶妮,第二班 - 1400米 - (100-75),0,1,0,0.0
黃寶妮,第二班 - 1400米 - (100-80),0,2,0,0.0
黃寶妮,第二班 - 1400米 - (105-80),0,4,0,0.0
黃寶妮,第二班 - 1600米 - (100-80),0,1,0,0.0
黃寶妮,第二班 - 1600米 - (105-75),1,1,1,100.0
黃寶妮,第二班 - 1600米 - (105-80),0,1,0,0.0
黃寶妮,第二班 - 1650米 - (100-75),0,1,0,0.0
黃寶妮,第五班 - 1000米 - (40-0),0,2,1,0.0
黃寶妮,第五班 - 1200米 - (40-0),5,18,9,27.8
黃寶妮,第五班 - 1400米 - (40-0),3,19,5,15.8
黃寶妮,第五班 - 1600米 - (40-0),1,6,1,16.7
黃寶妮,第五班 - 1650米 - (40-0),1,8,2,12.5
黃寶妮,第五班 - 1800米 - (40-0),1,4,2,25.0
黃寶妮,第五班 - 2000米 - (40-0),0,1,0,0.0
黃寶妮,第四班 - 1000米 - (60-40),3,18,6,16.7
黃寶妮,第四班 - 1200米 - (60-40),8,81,19,9.9
黃寶妮,第四班 - 1400米 - (60-40),0,28,3,0.0
黃寶妮,第四班 - 1600米 - (60-40),0,8,1,0.0
黃寶妮,第四班 - 1650米 - (60-40),0,17,3,0.0
黃寶妮,第四班 - 1800米 - (60-40),0,7,0,0.0
黃寶妮,第四班 - 2000米 - (60-40),0,1,0,0.0
黃寶妮,第四班（條件限制） - 1200米 - (60-40),0,1,0,0.0
黃智弘,三級賽 - 1000米,0,2,0,0.0
黃智弘,三級賽 - 1800米,0,1,0,0.0
黃智弘,三級賽 - 2400米,0,1,0,0.0
黃智弘,二級賽 - 1200米,0,1,0,0.0
黃智弘,二級賽 - 1600米,0,1,0,0.0
黃智弘,第一班 - 1000米 - (110-80),0,1,1,0.0
黃智弘,第一班 - 1200米 - (85+),0,1,1,0.0
黃智弘,第一班 - 1650米 - (110-85),0,1,0,0.0
黃智弘,第三班 - 1000米 - (80-55),0,2,1,0.0
黃智弘,第三班 - 1000米 - (80-60),1,18,4,5.6
黃智弘,第三班 - 1000米 - (85-60),0,4,3,0.0
黃智弘,第三班 - 1200米 - (80-60),6,64,9,9.4
黃智弘,第三班 - 1200米 - (85-60),0,2,0,0.0
黃智弘,第三班 - 1400米 - (80-60),1,21,2,4.8
黃智弘,第三班 - 1400米 - (85-60),0,1,0,0.0
黃智弘,第三班 - 1600米 - (80-60),1,9,2,11.1
黃智弘,第三班 - 1650米 - (80-60),2,26,5,7.7
黃智弘,第三班 - 1650米 - (85-60),1,4,2,25.0
黃智弘,第三班 - 1800米 - (80-60),3,6,3,50.0
黃智弘,第三班 - 1800米 - (85-60),0,2,1,0.0
黃智弘,第三班 - 2000米 - (80-60),0,2,0,0.0
黃智弘,第三班 - 2000米 - (85-60),0,4,0,0.0
黃智弘,第二班 - 1200米 - (100-75),0,1,0,0.0
黃智弘,第二班 - 1200米 - (100-80),2,8,2,25.0
黃智弘,第二班 - 1200米 - (105-80),1,2,1,50.0
黃智弘,第二班 - 1400米 - (100-75),0,2,1,0.0
黃智弘,第二班 - 1400米 - (100-80),0,4,1,0.0
黃智弘,第二班 - 1400米 - (105-80),0,6,0,0.0
黃智弘,第二班 - 1600米 - (100-80),0,1,1,0.0
黃智弘,第二班 - 1600米 - (105-80),0,1,0,0.0
黃智弘,第二班 - 1650米 - (100-75),1,2,1,50.0
黃智弘,第二班 - 1650米 - (100-80),0,3,0,0.0
黃智弘,第二班 - 1650米 - (105-80),0,1,0,0.0
黃智弘,第二班 - 1800米 - (100-75),0,2,1,0.0
黃智弘,第二班 - 1800米 - (100-80),0,1,0,0.0
黃智弘,第五班 - 1000米 - (40-0),1,11,3,9.1
黃智弘,第五班 - 1200米 - (40-0),3,34,7,8.8
黃智弘,第五班 - 1400米 - (40-0),0,17,7,0.0
黃智弘,第五班 - 1600米 - (40-0),0,3,0,0.0
黃智弘,第五班 - 1650米 - (40-0),1,13,4,7.7
黃智弘,第五班 - 1800米 - (40-0),0,11,3,0.0
黃智弘,第五班 - 2200米 - (40-0),0,1,1,0.0
黃智弘,第四班 - 1000米 - (60-40),3,24,6,12.5
黃智弘,第四班 - 1200米 - (60-40),11,115,35,9.6
黃智弘,第四班 - 1400米 - (60-40),0,40,3,0.0
黃智弘,第四班 - 1600米 - (60-40),0,8,0,0.0
黃智弘,第四班 - 1650米 - (60-40),5,50,16,10.0
黃智弘,第四班 - 1800米 - (60-40),1,14,3,7.1
黃智弘,第四班 - 2000米 - (60-40),1,2,1,50.0
黃智弘,第四班 - 2200米 - (60-35),0,1,0,0.0
黃智弘,第四班（條件限制） - 1200米 - (60-40),0,1,0,0.0
黎應揚,一級賽 - 1200米,0,1,0,0.0
