Trainer,Going,Wins,Starts,Places,WinRate
丁冠豪,一級賽 - 1600米,0,1,0,0.0
丁冠豪,三級賽 - 1800米,0,1,1,0.0
丁冠豪,四歲 - 1600米,1,2,1,50.0
丁冠豪,四歲 - 1800米,0,1,0,0.0
丁冠豪,四歲 - 2000米,0,1,0,0.0
丁冠豪,第三班 - 1200米 - (80-60),2,29,9,6.9
丁冠豪,第三班 - 1200米 - (85-60),0,3,2,0.0
丁冠豪,第三班 - 1400米 - (80-60),1,29,7,3.4
丁冠豪,第三班 - 1600米 - (80-60),0,8,2,0.0
丁冠豪,第三班 - 1600米 - (85-60),2,2,2,100.0
丁冠豪,第三班 - 1650米 - (80-60),0,5,0,0.0
丁冠豪,第三班 - 1650米 - (85-60),0,1,0,0.0
丁冠豪,第三班 - 1800米 - (80-60),0,2,0,0.0
丁冠豪,第二班 - 1000米 - (100-80),1,1,1,100.0
丁冠豪,第二班 - 1200米 - (100-75),0,1,0,0.0
丁冠豪,第二班 - 1200米 - (100-80),0,2,0,0.0
丁冠豪,第二班 - 1400米 - (100-80),1,3,1,33.3
丁冠豪,第二班 - 1650米 - (100-75),0,1,1,0.0
丁冠豪,第二班 - 1650米 - (100-80),1,1,1,100.0
丁冠豪,第二班 - 1650米 - (105-80),0,1,1,0.0
丁冠豪,第二班 - 1800米 - (100-75),0,1,1,0.0
丁冠豪,第二班 - 1800米 - (100-80),0,1,0,0.0
丁冠豪,第五班 - 1000米 - (40-0),1,8,3,12.5
丁冠豪,第五班 - 1200米 - (40-0),2,27,8,7.4
丁冠豪,第五班 - 1400米 - (40-0),0,14,0,0.0
丁冠豪,第五班 - 1600米 - (40-0),0,6,0,0.0
丁冠豪,第五班 - 1650米 - (40-0),1,23,7,4.3
丁冠豪,第五班 - 1800米 - (40-0),0,17,3,0.0
丁冠豪,第五班 - 2000米 - (40-0),1,4,1,25.0
丁冠豪,第五班 - 2200米 - (40-0),0,4,0,0.0
丁冠豪,第四班 - 1000米 - (60-40),3,25,4,12.0
丁冠豪,第四班 - 1200米 - (60-40),7,107,20,6.5
丁冠豪,第四班 - 1400米 - (60-40),4,57,10,7.0
丁冠豪,第四班 - 1600米 - (60-40),1,29,10,3.4
丁冠豪,第四班 - 1650米 - (60-40),2,44,6,4.5
丁冠豪,第四班 - 1800米 - (60-35),0,3,0,0.0
丁冠豪,第四班 - 1800米 - (60-40),2,17,3,11.8
丁冠豪,第四班 - 2000米 - (60-40),0,6,1,0.0
丁冠豪,第四班 - 2200米 - (60-40),0,3,0,0.0
丁冠豪,第四班（條件限制） - 1200米 - (60-40),0,1,0,0.0
丁冠豪,第四班（條件限制） - 1400米 - (60-40),0,1,0,0.0
上村洋行,一級賽 - 2000米,0,1,1,0.0
中內田充正,一級賽 - 2000米,0,3,2,0.0
伊比軒,一級賽 - 1600米,0,1,0,0.0
伍鵬志,一級賽 - 1200米,0,3,0,0.0
伍鵬志,一級賽 - 1400米,0,2,0,0.0
伍鵬志,一級賽 - 1600米,0,7,1,0.0
伍鵬志,一級賽 - 2000米,0,1,0,0.0
伍鵬志,一級賽 - 2400米,0,2,0,0.0
伍鵬志,三級賽 - 1000米,1,3,2,33.3
伍鵬志,三級賽 - 1200米,0,2,0,0.0
伍鵬志,三級賽 - 1400米,0,7,2,0.0
伍鵬志,三級賽 - 1600米,0,2,0,0.0
伍鵬志,三級賽 - 1800米,0,1,0,0.0
伍鵬志,二級賽 - 1200米,0,5,0,0.0
伍鵬志,二級賽 - 1600米,2,7,4,28.6
伍鵬志,二級賽 - 2000米,0,2,2,0.0
伍鵬志,四歲 - 1600米,0,2,0,0.0
伍鵬志,四歲 - 1800米,0,2,1,0.0
伍鵬志,四歲 - 2000米,0,2,0,0.0
伍鵬志,第一班 - 1000米 - (110-80),0,1,0,0.0
伍鵬志,第一班 - 1200米 - (110-85),0,2,0,0.0
伍鵬志,第一班 - 1200米 - (80+),0,1,1,0.0
伍鵬志,第一班 - 1200米 - (85+),0,4,1,0.0
伍鵬志,第一班 - 1400米 - (110-85),0,1,1,0.0
伍鵬志,第一班 - 1400米 - (85+),0,3,1,0.0
伍鵬志,第三班 - 1000米 - (80-55),0,2,0,0.0
伍鵬志,第三班 - 1000米 - (80-60),3,38,6,7.9
伍鵬志,第三班 - 1000米 - (85-60),0,2,0,0.0
伍鵬志,第三班 - 1200米 - (80-55),0,2,1,0.0
伍鵬志,第三班 - 1200米 - (80-60),2,83,13,2.4
伍鵬志,第三班 - 1200米 - (85-60),1,5,1,20.0
伍鵬志,第三班 - 1400米 - (80-60),3,38,5,7.9
伍鵬志,第三班 - 1600米 - (80-60),1,18,2,5.6
伍鵬志,第三班 - 1600米 - (85-60),0,1,0,0.0
伍鵬志,第三班 - 1650米 - (80-55),0,3,1,0.0
伍鵬志,第三班 - 1650米 - (80-60),5,55,15,9.1
伍鵬志,第三班 - 1650米 - (85-60),0,17,3,0.0
伍鵬志,第三班 - 1800米 - (80-60),2,22,6,9.1
伍鵬志,第三班 - 1800米 - (85-60),1,9,2,11.1
伍鵬志,第三班 - 2000米 - (80-60),0,7,0,0.0
伍鵬志,第三班 - 2000米 - (85-60),0,4,0,0.0
伍鵬志,第三班 - 2200米 - (80-55),0,2,0,0.0
伍鵬志,第三班 - 2200米 - (80-60),0,2,0,0.0
伍鵬志,第三班 - 2200米 - (85-60),0,1,0,0.0
伍鵬志,第三班（條件限制） - 1600米 - (85-60),0,2,0,0.0
伍鵬志,第二班 - 1000米 - (100-75),0,3,0,0.0
伍鵬志,第二班 - 1000米 - (100-80),0,2,1,0.0
伍鵬志,第二班 - 1000米 - (105-80),0,2,0,0.0
伍鵬志,第二班 - 1000米 - (90-65),0,2,1,0.0
伍鵬志,第二班 - 1200米 - (100-80),0,10,2,0.0
伍鵬志,第二班 - 1200米 - (105-80),0,4,2,0.0
伍鵬志,第二班 - 1400米 - (100-80),1,7,2,14.3
伍鵬志,第二班 - 1400米 - (105-80),0,12,2,0.0
伍鵬志,第二班 - 1400米 - (90-70),0,1,0,0.0
伍鵬志,第二班 - 1600米 - (100-75),1,1,1,100.0
伍鵬志,第二班 - 1600米 - (100-80),1,1,1,100.0
伍鵬志,第二班 - 1600米 - (105-75),1,2,1,50.0
伍鵬志,第二班 - 1600米 - (105-80),0,1,0,0.0
伍鵬志,第二班 - 1650米 - (100-75),0,4,1,0.0
伍鵬志,第二班 - 1650米 - (100-80),0,2,0,0.0
伍鵬志,第二班 - 1650米 - (105-80),0,1,0,0.0
伍鵬志,第二班 - 1800米 - (100-70),0,1,1,0.0
伍鵬志,第二班 - 1800米 - (100-75),0,2,1,0.0
伍鵬志,第二班 - 1800米 - (100-80),0,2,0,0.0
伍鵬志,第二班 - 1800米 - (90-60),0,1,1,0.0
伍鵬志,第二班 - 2000米 - (100-75),0,2,0,0.0
伍鵬志,第二班 - 2000米 - (95-70),0,5,0,0.0
伍鵬志,第五班 - 1000米 - (40-0),2,12,4,16.7
伍鵬志,第五班 - 1200米 - (40-0),0,16,0,0.0
伍鵬志,第五班 - 1400米 - (40-0),1,28,8,3.6
伍鵬志,第五班 - 1600米 - (40-0),1,11,3,9.1
伍鵬志,第五班 - 1650米 - (40-0),1,22,4,4.5
伍鵬志,第五班 - 1800米 - (40-0),3,24,9,12.5
伍鵬志,第五班 - 2000米 - (40-0),0,3,1,0.0
伍鵬志,第五班 - 2200米 - (40-0),0,10,4,0.0
伍鵬志,第四班 - 1000米 - (60-40),1,43,7,2.3
伍鵬志,第四班 - 1200米 - (60-40),13,182,36,7.1
伍鵬志,第四班 - 1400米 - (60-40),7,88,20,8.0
伍鵬志,第四班 - 1600米 - (60-40),0,26,2,0.0
伍鵬志,第四班 - 1650米 - (60-40),4,88,18,4.5
伍鵬志,第四班 - 1800米 - (60-35),1,2,2,50.0
伍鵬志,第四班 - 1800米 - (60-40),2,39,10,5.1
伍鵬志,第四班 - 2000米 - (60-40),0,8,3,0.0
伍鵬志,第四班 - 2200米 - (60-35),0,1,0,0.0
伍鵬志,第四班 - 2200米 - (60-40),0,5,1,0.0
伍鵬志,第四班（條件限制） - 1200米 - (60-40),0,3,1,0.0
伍鵬志,第四班（條件限制） - 1400米 - (60-40),0,1,0,0.0
伯特,一級賽 - 2000米,0,1,0,0.0
侯耀誠,一級賽 - 1200米,0,1,0,0.0
包義定,一級賽 - 2000米,0,1,0,0.0
包義定,一級賽 - 2400米,0,1,0,0.0
吉村圭司,一級賽 - 1200米,0,1,0,0.0
呂健威,一級賽 - 1200米,0,2,0,0.0
呂健威,一級賽 - 1400米,0,4,0,0.0
呂健威,一級賽 - 1600米,0,9,1,0.0
呂健威,一級賽 - 2000米,0,4,2,0.0
呂健威,一級賽 - 2400米,0,1,1,0.0
呂健威,三級賽 - 1000米,0,3,0,0.0
呂健威,三級賽 - 1200米,0,2,1,0.0
呂健威,三級賽 - 1400米,2,12,5,16.7
呂健威,三級賽 - 1600米,0,2,1,0.0
呂健威,三級賽 - 1800米,2,11,5,18.2
呂健威,三級賽 - 2400米,0,1,1,0.0
呂健威,二級賽 - 1200米,0,7,1,0.0
呂健威,二級賽 - 1600米,0,11,3,0.0
呂健威,四歲 - 1600米,0,4,2,0.0
呂健威,四歲 - 1800米,0,5,0,0.0
呂健威,四歲 - 2000米,1,3,2,33.3
呂健威,新馬賽 - 1000米,0,2,0,0.0
呂健威,新馬賽 - 1200米,0,2,0,0.0
呂健威,第一班 - 1200米 - (110-85),0,3,2,0.0
呂健威,第一班 - 1200米 - (80+),0,4,1,0.0
呂健威,第一班 - 1200米 - (85+),0,3,2,0.0
呂健威,第一班 - 1400米 - (110-85),1,1,1,100.0
呂健威,第一班 - 1400米 - (85+),1,2,2,50.0
呂健威,第一班 - 1600米 - (85+),0,2,0,0.0
呂健威,第三班 - 1000米 - (80-60),2,16,2,12.5
呂健威,第三班 - 1000米 - (85-60),1,3,1,33.3
呂健威,第三班 - 1200米 - (80-55),0,5,1,0.0
呂健威,第三班 - 1200米 - (80-60),21,108,36,19.4
呂健威,第三班 - 1200米 - (85-60),1,6,1,16.7
呂健威,第三班 - 1400米 - (80-60),5,56,14,8.9
呂健威,第三班 - 1400米 - (85-60),0,1,1,0.0
呂健威,第三班 - 1600米 - (80-60),2,23,5,8.7
呂健威,第三班 - 1600米 - (85-60),0,4,1,0.0
呂健威,第三班 - 1650米 - (80-55),0,2,1,0.0
呂健威,第三班 - 1650米 - (80-60),4,36,12,11.1
呂健威,第三班 - 1650米 - (85-60),0,6,0,0.0
呂健威,第三班 - 1800米 - (80-60),3,15,4,20.0
呂健威,第三班 - 1800米 - (85-60),0,3,0,0.0
呂健威,第三班 - 2000米 - (80-60),1,2,2,50.0
呂健威,第三班 - 2000米 - (85-60),1,3,1,33.3
呂健威,第三班（條件限制） - 1600米 - (85-60),0,4,0,0.0
呂健威,第二班 - 1000米 - (100-75),0,1,0,0.0
呂健威,第二班 - 1000米 - (100-80),0,4,0,0.0
呂健威,第二班 - 1000米 - (105-75),0,1,0,0.0
呂健威,第二班 - 1000米 - (90-65),0,1,0,0.0
呂健威,第二班 - 1200米 - (100-75),1,3,1,33.3
呂健威,第二班 - 1200米 - (100-80),1,27,10,3.7
呂健威,第二班 - 1200米 - (105-80),0,8,3,0.0
呂健威,第二班 - 1400米 - (100-80),2,13,5,15.4
呂健威,第二班 - 1400米 - (105-80),2,11,4,18.2
呂健威,第二班 - 1400米 - (90-70),0,1,1,0.0
呂健威,第二班 - 1600米 - (100-75),0,2,2,0.0
呂健威,第二班 - 1600米 - (100-80),0,3,2,0.0
呂健威,第二班 - 1600米 - (105-75),0,1,1,0.0
呂健威,第二班 - 1600米 - (105-80),1,4,3,25.0
呂健威,第二班 - 1650米 - (100-75),0,2,0,0.0
呂健威,第二班 - 1650米 - (100-80),0,5,1,0.0
呂健威,第二班 - 1650米 - (105-80),0,2,0,0.0
呂健威,第二班 - 1800米 - (100-70),0,1,0,0.0
呂健威,第二班 - 1800米 - (100-75),0,2,1,0.0
呂健威,第二班 - 1800米 - (100-80),1,3,1,33.3
呂健威,第二班 - 1800米 - (90-60),0,1,0,0.0
呂健威,第二班 - 2000米 - (100-75),0,1,1,0.0
呂健威,第二班 - 2000米 - (95-70),1,1,1,100.0
呂健威,第五班 - 1000米 - (40-0),0,3,1,0.0
呂健威,第五班 - 1200米 - (40-0),0,17,0,0.0
呂健威,第五班 - 1400米 - (40-0),0,13,1,0.0
呂健威,第五班 - 1600米 - (40-0),0,2,0,0.0
呂健威,第五班 - 1650米 - (40-0),0,7,2,0.0
呂健威,第五班 - 1800米 - (40-0),0,1,0,0.0
呂健威,第四班 - 1000米 - (60-40),3,26,5,11.5
呂健威,第四班 - 1200米 - (60-40),14,178,55,7.9
呂健威,第四班 - 1400米 - (60-40),14,97,32,14.4
呂健威,第四班 - 1600米 - (60-40),2,23,6,8.7
呂健威,第四班 - 1650米 - (60-40),5,43,15,11.6
呂健威,第四班 - 1800米 - (60-35),0,1,0,0.0
呂健威,第四班 - 1800米 - (60-40),1,5,2,20.0
呂健威,第四班（條件限制） - 1200米 - (60-40),0,3,0,0.0
呂健威,第四班（條件限制） - 1400米 - (60-40),0,2,0,0.0
告東尼,一級賽 - 1200米,0,4,0,0.0
告東尼,一級賽 - 1400米,0,1,0,0.0
告東尼,一級賽 - 1600米,0,6,1,0.0
告東尼,一級賽 - 2000米,0,4,0,0.0
告東尼,一級賽 - 2400米,0,5,0,0.0
告東尼,三級賽 - 1000米,0,4,1,0.0
告東尼,三級賽 - 1400米,1,4,1,25.0
告東尼,三級賽 - 1600米,0,1,0,0.0
告東尼,三級賽 - 1800米,1,16,4,6.2
告東尼,三級賽 - 2400米,0,5,2,0.0
告東尼,二級賽 - 1200米,0,6,1,0.0
告東尼,二級賽 - 1600米,0,9,1,0.0
告東尼,二級賽 - 2000米,0,5,0,0.0
告東尼,四歲 - 1600米,0,1,1,0.0
告東尼,四歲 - 1800米,0,3,0,0.0
告東尼,四歲 - 2000米,0,3,0,0.0
告東尼,第一班 - 1000米 - (110-80),1,1,1,100.0
告東尼,第一班 - 1200米 - (110-85),1,2,1,50.0
告東尼,第一班 - 1200米 - (80+),0,3,1,0.0
告東尼,第一班 - 1200米 - (85+),0,2,0,0.0
告東尼,第一班 - 1400米 - (85+),0,1,0,0.0
告東尼,第一班 - 1600米 - (85+),0,2,1,0.0
告東尼,第一班 - 1650米 - (110-85),0,1,0,0.0
告東尼,第三班 - 1000米 - (80-55),0,2,0,0.0
告東尼,第三班 - 1000米 - (80-60),4,30,8,13.3
告東尼,第三班 - 1000米 - (85-60),0,5,0,0.0
告東尼,第三班 - 1200米 - (80-55),0,8,1,0.0
告東尼,第三班 - 1200米 - (80-60),6,103,23,5.8
告東尼,第三班 - 1200米 - (85-60),0,8,0,0.0
告東尼,第三班 - 1400米 - (80-60),6,62,14,9.7
告東尼,第三班 - 1400米 - (85-60),0,1,0,0.0
告東尼,第三班 - 1600米 - (80-60),0,25,4,0.0
告東尼,第三班 - 1600米 - (85-60),0,6,0,0.0
告東尼,第三班 - 1650米 - (80-55),0,2,0,0.0
告東尼,第三班 - 1650米 - (80-60),2,44,6,4.5
告東尼,第三班 - 1650米 - (85-60),0,4,0,0.0
告東尼,第三班 - 1800米 - (80-60),3,20,10,15.0
告東尼,第三班 - 1800米 - (85-60),2,9,5,22.2
告東尼,第三班 - 2000米 - (80-60),1,6,1,16.7
告東尼,第三班 - 2000米 - (85-60),4,13,7,30.8
告東尼,第三班 - 2200米 - (80-55),0,1,1,0.0
告東尼,第三班 - 2200米 - (80-60),0,1,0,0.0
告東尼,第三班 - 2200米 - (85-60),0,1,1,0.0
告東尼,第三班（條件限制） - 1600米 - (85-60),0,1,1,0.0
告東尼,第二班 - 1000米 - (100-75),0,5,1,0.0
告東尼,第二班 - 1000米 - (100-80),0,3,1,0.0
告東尼,第二班 - 1000米 - (105-75),0,1,0,0.0
告東尼,第二班 - 1000米 - (105-80),0,2,0,0.0
告東尼,第二班 - 1200米 - (100-75),1,4,2,25.0
告東尼,第二班 - 1200米 - (100-80),1,30,2,3.3
告東尼,第二班 - 1200米 - (105-80),2,13,3,15.4
告東尼,第二班 - 1400米 - (100-75),0,4,0,0.0
告東尼,第二班 - 1400米 - (100-80),0,7,1,0.0
告東尼,第二班 - 1400米 - (105-80),2,10,3,20.0
告東尼,第二班 - 1400米 - (90-70),0,1,0,0.0
告東尼,第二班 - 1600米 - (100-75),0,2,0,0.0
告東尼,第二班 - 1600米 - (100-80),0,6,1,0.0
告東尼,第二班 - 1600米 - (105-75),0,1,1,0.0
告東尼,第二班 - 1600米 - (105-80),1,6,1,16.7
告東尼,第二班 - 1650米 - (100-75),0,6,0,0.0
告東尼,第二班 - 1650米 - (100-80),0,9,1,0.0
告東尼,第二班 - 1650米 - (105-80),1,1,1,100.0
告東尼,第二班 - 1800米 - (100-70),1,2,1,50.0
告東尼,第二班 - 1800米 - (100-75),1,8,1,12.5
告東尼,第二班 - 1800米 - (100-80),0,6,2,0.0
告東尼,第二班 - 2000米 - (100-75),0,3,2,0.0
告東尼,第二班 - 2000米 - (95-70),0,4,3,0.0
告東尼,第五班 - 1000米 - (40-0),1,9,3,11.1
告東尼,第五班 - 1200米 - (40-0),3,37,11,8.1
告東尼,第五班 - 1400米 - (40-0),2,19,4,10.5
告東尼,第五班 - 1600米 - (40-0),2,11,2,18.2
告東尼,第五班 - 1650米 - (40-0),2,25,6,8.0
告東尼,第五班 - 1800米 - (40-0),3,18,5,16.7
告東尼,第五班 - 2000米 - (40-0),0,2,0,0.0
告東尼,第五班 - 2200米 - (40-0),1,5,1,20.0
告東尼,第四班 - 1000米 - (60-40),5,34,10,14.7
告東尼,第四班 - 1200米 - (60-40),9,135,28,6.7
告東尼,第四班 - 1400米 - (60-40),2,78,12,2.6
告東尼,第四班 - 1600米 - (60-40),1,28,3,3.6
告東尼,第四班 - 1650米 - (60-40),9,89,28,10.1
告東尼,第四班 - 1800米 - (60-35),0,2,0,0.0
告東尼,第四班 - 1800米 - (60-40),2,39,14,5.1
告東尼,第四班 - 2000米 - (60-40),0,9,2,0.0
告東尼,第四班 - 2200米 - (60-35),0,5,1,0.0
告東尼,第四班 - 2200米 - (60-40),1,6,1,16.7
告東尼,第四班（條件限制） - 1200米 - (60-40),0,1,0,0.0
告東尼,第四班（條件限制） - 1400米 - (60-40),0,1,0,0.0
國枝榮,一級賽 - 2400米,0,1,1,0.0
堀宣行,一級賽 - 1200米,0,4,3,0.0
堀宣行,一級賽 - 2000米,1,2,2,50.0
大衛希斯,一級賽 - 1200米,6,9,6,66.7
大衛希斯,一級賽 - 1400米,2,2,2,100.0
大衛希斯,一級賽 - 1600米,0,1,0,0.0
大衛希斯,一級賽 - 2000米,0,3,0,0.0
大衛希斯,一級賽 - 2400米,0,1,1,0.0
大衛希斯,三級賽 - 1000米,0,4,0,0.0
大衛希斯,三級賽 - 1400米,1,5,1,20.0
大衛希斯,三級賽 - 1800米,0,3,0,0.0
大衛希斯,三級賽 - 2400米,0,1,0,0.0
大衛希斯,二級賽 - 1200米,6,9,6,66.7
大衛希斯,二級賽 - 1600米,0,2,0,0.0
大衛希斯,二級賽 - 2000米,0,1,0,0.0
大衛希斯,四歲 - 1600米,0,3,0,0.0
大衛希斯,四歲 - 1800米,1,3,1,33.3
大衛希斯,四歲 - 2000米,0,1,0,0.0
大衛希斯,新馬賽 - 1000米,0,8,2,0.0
大衛希斯,新馬賽 - 1200米,0,2,1,0.0
大衛希斯,第一班 - 1200米 - (110-85),0,1,0,0.0
大衛希斯,第一班 - 1200米 - (80+),2,4,2,50.0
大衛希斯,第一班 - 1200米 - (85+),0,2,0,0.0
大衛希斯,第一班 - 1400米 - (110-85),0,1,0,0.0
大衛希斯,第一班 - 1400米 - (85+),0,1,0,0.0
大衛希斯,第一班 - 1600米 - (85+),0,1,0,0.0
大衛希斯,第三班 - 1000米 - (80-55),0,1,0,0.0
大衛希斯,第三班 - 1000米 - (80-60),2,34,7,5.9
大衛希斯,第三班 - 1000米 - (85-60),0,6,1,0.0
大衛希斯,第三班 - 1200米 - (80-55),2,11,5,18.2
大衛希斯,第三班 - 1200米 - (80-60),12,126,30,9.5
大衛希斯,第三班 - 1200米 - (85-60),0,10,1,0.0
大衛希斯,第三班 - 1400米 - (80-60),1,51,4,2.0
大衛希斯,第三班 - 1400米 - (85-60),0,2,0,0.0
大衛希斯,第三班 - 1600米 - (80-60),1,26,9,3.8
大衛希斯,第三班 - 1600米 - (85-60),0,4,0,0.0
大衛希斯,第三班 - 1650米 - (80-55),1,3,1,33.3
大衛希斯,第三班 - 1650米 - (80-60),4,54,15,7.4
大衛希斯,第三班 - 1650米 - (85-60),2,10,4,20.0
大衛希斯,第三班 - 1800米 - (80-60),2,22,7,9.1
大衛希斯,第三班 - 1800米 - (85-60),1,10,3,10.0
大衛希斯,第三班 - 2000米 - (80-60),0,2,0,0.0
大衛希斯,第三班 - 2000米 - (85-60),0,6,2,0.0
大衛希斯,第三班 - 2200米 - (85-60),0,1,0,0.0
大衛希斯,第三班（條件限制） - 1600米 - (85-60),0,2,0,0.0
大衛希斯,第二班 - 1000米 - (100-75),0,3,0,0.0
大衛希斯,第二班 - 1000米 - (100-80),0,1,0,0.0
大衛希斯,第二班 - 1000米 - (105-75),0,1,0,0.0
大衛希斯,第二班 - 1000米 - (105-80),0,1,0,0.0
大衛希斯,第二班 - 1000米 - (90-65),0,1,0,0.0
大衛希斯,第二班 - 1200米 - (100-75),0,2,0,0.0
大衛希斯,第二班 - 1200米 - (100-80),5,28,9,17.9
大衛希斯,第二班 - 1200米 - (105-80),0,8,3,0.0
大衛希斯,第二班 - 1400米 - (100-80),1,4,1,25.0
大衛希斯,第二班 - 1400米 - (105-80),0,8,3,0.0
大衛希斯,第二班 - 1600米 - (100-75),0,1,1,0.0
大衛希斯,第二班 - 1600米 - (100-80),0,2,0,0.0
大衛希斯,第二班 - 1600米 - (105-75),0,1,0,0.0
大衛希斯,第二班 - 1600米 - (105-80),0,3,1,0.0
大衛希斯,第二班 - 1650米 - (100-75),0,4,1,0.0
大衛希斯,第二班 - 1650米 - (100-80),0,4,3,0.0
大衛希斯,第二班 - 1650米 - (105-80),0,3,2,0.0
大衛希斯,第二班 - 1800米 - (100-70),0,2,0,0.0
大衛希斯,第二班 - 1800米 - (100-75),1,1,1,100.0
大衛希斯,第二班 - 1800米 - (100-80),0,1,0,0.0
大衛希斯,第二班 - 1800米 - (90-60),0,1,0,0.0
大衛希斯,第二班 - 2000米 - (100-75),0,1,0,0.0
大衛希斯,第二班 - 2000米 - (95-70),0,1,0,0.0
大衛希斯,第五班 - 1000米 - (40-0),0,6,2,0.0
大衛希斯,第五班 - 1200米 - (40-0),2,30,5,6.7
大衛希斯,第五班 - 1400米 - (40-0),4,23,7,17.4
大衛希斯,第五班 - 1600米 - (40-0),2,9,3,22.2
大衛希斯,第五班 - 1650米 - (40-0),4,21,11,19.0
大衛希斯,第五班 - 1800米 - (40-0),1,15,4,6.7
大衛希斯,第五班 - 2000米 - (40-0),0,1,0,0.0
大衛希斯,第五班 - 2200米 - (40-0),1,2,1,50.0
大衛希斯,第四班 - 1000米 - (60-40),1,39,5,2.6
大衛希斯,第四班 - 1200米 - (60-40),15,218,47,6.9
大衛希斯,第四班 - 1400米 - (60-40),10,105,25,9.5
大衛希斯,第四班 - 1600米 - (60-40),1,31,10,3.2
大衛希斯,第四班 - 1650米 - (60-40),8,108,26,7.4
大衛希斯,第四班 - 1800米 - (60-35),1,3,3,33.3
大衛希斯,第四班 - 1800米 - (60-40),5,35,9,14.3
大衛希斯,第四班 - 2000米 - (60-40),0,10,2,0.0
大衛希斯,第四班 - 2200米 - (60-40),1,5,2,20.0
大衛希斯,第四班（條件限制） - 1200米 - (60-40),0,7,1,0.0
大衛希斯,第四班（條件限制） - 1400米 - (60-40),0,2,1,0.0
姚本輝,一級賽 - 1400米,0,1,0,0.0
姚本輝,一級賽 - 1600米,3,10,6,30.0
姚本輝,一級賽 - 2000米,1,6,1,16.7
姚本輝,一級賽 - 2400米,1,1,1,100.0
姚本輝,三級賽 - 1400米,0,2,1,0.0
姚本輝,三級賽 - 1600米,0,1,0,0.0
姚本輝,三級賽 - 1800米,0,7,0,0.0
姚本輝,二級賽 - 1600米,2,12,5,16.7
姚本輝,二級賽 - 2000米,0,3,2,0.0
姚本輝,新馬賽 - 1000米,0,1,1,0.0
姚本輝,第一班 - 1400米 - (85+),0,1,0,0.0
姚本輝,第一班 - 1650米 - (110-85),0,3,1,0.0
姚本輝,第三班 - 1000米 - (80-60),0,20,1,0.0
姚本輝,第三班 - 1000米 - (85-60),0,3,1,0.0
姚本輝,第三班 - 1200米 - (80-55),1,6,2,16.7
姚本輝,第三班 - 1200米 - (80-60),6,108,32,5.6
姚本輝,第三班 - 1200米 - (85-60),2,10,6,20.0
姚本輝,第三班 - 1400米 - (80-60),4,47,11,8.5
姚本輝,第三班 - 1400米 - (85-60),0,1,0,0.0
姚本輝,第三班 - 1600米 - (80-60),1,24,4,4.2
姚本輝,第三班 - 1600米 - (85-60),0,3,0,0.0
姚本輝,第三班 - 1650米 - (80-60),4,40,8,10.0
姚本輝,第三班 - 1650米 - (85-60),0,8,1,0.0
姚本輝,第三班 - 1800米 - (80-60),2,11,2,18.2
姚本輝,第三班 - 1800米 - (85-60),1,6,1,16.7
姚本輝,第三班 - 2000米 - (80-60),0,5,1,0.0
姚本輝,第三班 - 2000米 - (85-60),0,5,2,0.0
姚本輝,第三班 - 2200米 - (80-60),0,1,0,0.0
姚本輝,第三班（條件限制） - 1600米 - (85-60),1,3,1,33.3
姚本輝,第二班 - 1200米 - (100-80),0,2,1,0.0
姚本輝,第二班 - 1400米 - (100-75),0,1,0,0.0
姚本輝,第二班 - 1400米 - (100-80),0,3,1,0.0
姚本輝,第二班 - 1400米 - (105-80),2,5,3,40.0
姚本輝,第二班 - 1600米 - (100-75),1,1,1,100.0
姚本輝,第二班 - 1600米 - (100-80),0,5,1,0.0
姚本輝,第二班 - 1600米 - (105-80),1,6,3,16.7
姚本輝,第二班 - 1650米 - (100-75),0,3,1,0.0
姚本輝,第二班 - 1650米 - (100-80),1,7,1,14.3
姚本輝,第二班 - 1650米 - (105-80),1,4,2,25.0
姚本輝,第二班 - 1800米 - (100-70),0,1,0,0.0
姚本輝,第二班 - 1800米 - (100-75),0,5,0,0.0
姚本輝,第二班 - 1800米 - (100-80),0,2,1,0.0
姚本輝,第二班 - 2000米 - (100-75),0,2,0,0.0
姚本輝,第二班 - 2000米 - (95-70),0,2,1,0.0
姚本輝,第五班 - 1000米 - (40-0),0,7,1,0.0
姚本輝,第五班 - 1200米 - (40-0),2,35,9,5.7
姚本輝,第五班 - 1400米 - (40-0),3,23,10,13.0
姚本輝,第五班 - 1600米 - (40-0),0,13,2,0.0
姚本輝,第五班 - 1650米 - (40-0),1,18,5,5.6
姚本輝,第五班 - 1800米 - (40-0),1,12,1,8.3
姚本輝,第五班 - 2000米 - (40-0),0,1,0,0.0
姚本輝,第五班 - 2200米 - (40-0),0,1,0,0.0
姚本輝,第四班 - 1000米 - (60-40),2,21,4,9.5
姚本輝,第四班 - 1200米 - (60-40),22,169,58,13.0
姚本輝,第四班 - 1400米 - (60-40),5,67,24,7.5
姚本輝,第四班 - 1600米 - (60-40),1,28,8,3.6
姚本輝,第四班 - 1650米 - (60-40),7,62,21,11.3
姚本輝,第四班 - 1800米 - (60-35),0,1,0,0.0
姚本輝,第四班 - 1800米 - (60-40),1,20,6,5.0
姚本輝,第四班 - 2000米 - (60-40),1,6,3,16.7
姚本輝,第四班 - 2200米 - (60-35),0,1,0,0.0
姚本輝,第四班 - 2200米 - (60-40),0,3,0,0.0
姚本輝,第四班（條件限制） - 1200米 - (60-40),0,4,2,0.0
姚本輝,第四班（條件限制） - 1400米 - (60-40),0,2,1,0.0
容天鵬,新馬賽 - 1000米,0,1,0,0.0
容天鵬,新馬賽 - 1200米,0,1,0,0.0
容天鵬,第三班 - 1000米 - (80-60),0,4,0,0.0
容天鵬,第三班 - 1200米 - (80-55),0,1,0,0.0
容天鵬,第三班 - 1200米 - (80-60),3,42,12,7.1
容天鵬,第三班 - 1200米 - (85-60),0,2,1,0.0
容天鵬,第三班 - 1400米 - (80-60),3,27,6,11.1
容天鵬,第三班 - 1600米 - (80-60),1,9,2,11.1
容天鵬,第三班 - 1600米 - (85-60),0,1,0,0.0
容天鵬,第三班 - 1650米 - (80-60),0,4,0,0.0
容天鵬,第三班 - 1650米 - (85-60),0,3,0,0.0
容天鵬,第二班 - 1000米 - (100-75),0,1,1,0.0
容天鵬,第二班 - 1000米 - (90-65),0,1,1,0.0
容天鵬,第二班 - 1200米 - (100-80),0,3,0,0.0
容天鵬,第二班 - 1200米 - (105-80),0,2,0,0.0
容天鵬,第二班 - 1400米 - (100-75),0,1,0,0.0
容天鵬,第二班 - 1400米 - (100-80),0,1,0,0.0
容天鵬,第二班 - 1400米 - (105-80),0,2,0,0.0
容天鵬,第二班 - 1600米 - (100-80),0,1,0,0.0
容天鵬,第二班 - 1600米 - (105-80),0,1,0,0.0
容天鵬,第五班 - 1000米 - (40-0),2,6,3,33.3
容天鵬,第五班 - 1200米 - (40-0),3,29,9,10.3
容天鵬,第五班 - 1400米 - (40-0),1,12,2,8.3
容天鵬,第五班 - 1600米 - (40-0),1,5,1,20.0
容天鵬,第五班 - 1650米 - (40-0),0,11,1,0.0
容天鵬,第五班 - 1800米 - (40-0),0,9,1,0.0
容天鵬,第五班 - 2000米 - (40-0),0,1,0,0.0
容天鵬,第四班 - 1000米 - (60-40),0,13,5,0.0
容天鵬,第四班 - 1200米 - (60-40),3,86,11,3.5
容天鵬,第四班 - 1400米 - (60-40),4,52,13,7.7
容天鵬,第四班 - 1600米 - (60-40),0,17,4,0.0
容天鵬,第四班 - 1650米 - (60-40),0,34,2,0.0
容天鵬,第四班 - 1800米 - (60-40),0,9,1,0.0
容天鵬,第四班 - 2000米 - (60-40),0,2,0,0.0
容天鵬,第四班 - 2200米 - (60-35),0,1,0,0.0
容天鵬,第四班 - 2200米 - (60-40),0,2,0,0.0
容天鵬,第四班（條件限制） - 1400米 - (60-40),0,1,0,0.0
岳伯仁,一級賽 - 1600米,0,1,0,0.0
岳伯仁,一級賽 - 2000米,0,2,0,0.0
岳伯仁,一級賽 - 2400米,0,3,0,0.0
岳品賢,一級賽 - 1200米,0,1,0,0.0
岳本賢,一級賽 - 2000米,0,1,0,0.0
岳本賢,一級賽 - 2400米,0,1,0,0.0
巫偉傑,一級賽 - 1200米,0,2,0,0.0
巫偉傑,一級賽 - 1600米,0,1,0,0.0
巫偉傑,三級賽 - 1000米,0,4,3,0.0
巫偉傑,三級賽 - 1200米,0,1,0,0.0
巫偉傑,三級賽 - 1400米,0,3,0,0.0
巫偉傑,三級賽 - 1600米,1,1,1,100.0
巫偉傑,三級賽 - 1800米,0,3,0,0.0
巫偉傑,二級賽 - 1200米,0,2,0,0.0
巫偉傑,二級賽 - 1600米,0,1,0,0.0
巫偉傑,四歲 - 1600米,0,2,0,0.0
巫偉傑,四歲 - 1800米,0,1,0,0.0
巫偉傑,四歲 - 2000米,0,2,0,0.0
巫偉傑,新馬賽 - 1000米,0,4,2,0.0
巫偉傑,新馬賽 - 1200米,1,4,2,25.0
巫偉傑,第一班 - 1000米 - (110-80),0,1,1,0.0
巫偉傑,第一班 - 1200米 - (110-85),0,1,1,0.0
巫偉傑,第一班 - 1200米 - (80+),0,1,0,0.0
巫偉傑,第一班 - 1200米 - (85+),0,1,0,0.0
巫偉傑,第三班 - 1000米 - (80-60),3,10,6,30.0
巫偉傑,第三班 - 1000米 - (85-60),0,1,0,0.0
巫偉傑,第三班 - 1200米 - (80-55),1,6,3,16.7
巫偉傑,第三班 - 1200米 - (80-60),4,79,17,5.1
巫偉傑,第三班 - 1200米 - (85-60),0,5,0,0.0
巫偉傑,第三班 - 1400米 - (80-60),4,52,11,7.7
巫偉傑,第三班 - 1400米 - (85-60),0,1,0,0.0
巫偉傑,第三班 - 1600米 - (80-60),2,18,3,11.1
巫偉傑,第三班 - 1600米 - (85-60),0,1,0,0.0
巫偉傑,第三班 - 1650米 - (80-55),0,1,0,0.0
巫偉傑,第三班 - 1650米 - (80-60),3,39,10,7.7
巫偉傑,第三班 - 1650米 - (85-60),0,2,1,0.0
巫偉傑,第三班 - 1800米 - (80-60),0,13,2,0.0
巫偉傑,第三班 - 1800米 - (85-60),0,4,1,0.0
巫偉傑,第三班 - 2000米 - (80-60),0,2,1,0.0
巫偉傑,第三班（條件限制） - 1600米 - (85-60),0,3,1,0.0
巫偉傑,第二班 - 1000米 - (100-75),1,1,1,100.0
巫偉傑,第二班 - 1000米 - (100-80),1,1,1,100.0
巫偉傑,第二班 - 1000米 - (105-75),0,1,0,0.0
巫偉傑,第二班 - 1000米 - (105-80),0,2,0,0.0
巫偉傑,第二班 - 1200米 - (100-80),0,6,2,0.0
巫偉傑,第二班 - 1200米 - (105-80),0,2,0,0.0
巫偉傑,第二班 - 1400米 - (100-75),1,1,1,100.0
巫偉傑,第二班 - 1400米 - (100-80),0,1,0,0.0
巫偉傑,第二班 - 1400米 - (105-80),2,7,5,28.6
巫偉傑,第二班 - 1600米 - (100-75),0,2,1,0.0
巫偉傑,第二班 - 1600米 - (105-75),0,1,0,0.0
巫偉傑,第二班 - 1600米 - (105-80),0,1,0,0.0
巫偉傑,第二班 - 1650米 - (100-80),0,2,0,0.0
巫偉傑,第二班 - 1800米 - (100-75),0,2,2,0.0
巫偉傑,第二班 - 1800米 - (90-60),0,1,0,0.0
巫偉傑,第五班 - 1000米 - (40-0),1,12,2,8.3
巫偉傑,第五班 - 1200米 - (40-0),2,45,9,4.4
巫偉傑,第五班 - 1400米 - (40-0),4,28,7,14.3
巫偉傑,第五班 - 1600米 - (40-0),0,7,2,0.0
巫偉傑,第五班 - 1650米 - (40-0),3,18,3,16.7
巫偉傑,第五班 - 1800米 - (40-0),0,6,0,0.0
巫偉傑,第四班 - 1000米 - (60-40),5,49,15,10.2
巫偉傑,第四班 - 1200米 - (60-40),19,215,53,8.8
巫偉傑,第四班 - 1400米 - (60-40),7,89,22,7.9
巫偉傑,第四班 - 1600米 - (60-40),0,25,4,0.0
巫偉傑,第四班 - 1650米 - (60-40),7,69,15,10.1
巫偉傑,第四班 - 1800米 - (60-35),0,1,0,0.0
巫偉傑,第四班 - 1800米 - (60-40),0,9,0,0.0
巫偉傑,第四班 - 2000米 - (60-40),0,4,0,0.0
巫偉傑,第四班 - 2200米 - (60-35),0,1,0,0.0
巫偉傑,第四班 - 2200米 - (60-40),1,3,1,33.3
巫偉傑,第四班（條件限制） - 1200米 - (60-40),1,3,2,33.3
巫偉傑,第四班（條件限制） - 1400米 - (60-40),0,1,0,0.0
巴伯樂,一級賽 - 1600米,0,1,0,0.0
布銘球,一級賽 - 2400米,1,2,2,50.0
廖康銘,一級賽 - 1600米,1,5,1,20.0
廖康銘,一級賽 - 2000米,0,1,0,0.0
廖康銘,三級賽 - 1400米,1,1,1,100.0
廖康銘,三級賽 - 2400米,0,1,0,0.0
廖康銘,二級賽 - 1600米,1,3,2,33.3
廖康銘,四歲 - 1600米,1,6,2,16.7
廖康銘,四歲 - 1800米,0,4,2,0.0
廖康銘,四歲 - 2000米,1,2,2,50.0
廖康銘,新馬賽 - 1000米,0,1,0,0.0
廖康銘,新馬賽 - 1200米,0,1,0,0.0
廖康銘,第一班 - 1000米 - (110-80),0,1,0,0.0
廖康銘,第三班 - 1000米 - (80-55),0,1,1,0.0
廖康銘,第三班 - 1000米 - (80-60),1,33,9,3.0
廖康銘,第三班 - 1000米 - (85-60),0,3,2,0.0
廖康銘,第三班 - 1200米 - (80-55),3,6,4,50.0
廖康銘,第三班 - 1200米 - (80-60),4,124,37,3.2
廖康銘,第三班 - 1200米 - (85-60),1,10,3,10.0
廖康銘,第三班 - 1400米 - (80-60),6,54,11,11.1
廖康銘,第三班 - 1400米 - (85-60),0,1,0,0.0
廖康銘,第三班 - 1600米 - (80-60),2,19,6,10.5
廖康銘,第三班 - 1600米 - (85-60),1,2,2,50.0
廖康銘,第三班 - 1650米 - (80-55),1,3,2,33.3
廖康銘,第三班 - 1650米 - (80-60),5,46,22,10.9
廖康銘,第三班 - 1650米 - (85-60),2,10,6,20.0
廖康銘,第三班 - 1800米 - (80-60),1,15,5,6.7
廖康銘,第三班 - 1800米 - (85-60),0,5,0,0.0
廖康銘,第三班 - 2000米 - (80-60),1,6,3,16.7
廖康銘,第三班 - 2000米 - (85-60),1,8,3,12.5
廖康銘,第三班 - 2200米 - (80-55),0,1,0,0.0
廖康銘,第三班（條件限制） - 1600米 - (85-60),1,5,1,20.0
廖康銘,第二班 - 1000米 - (100-75),1,3,3,33.3
廖康銘,第二班 - 1000米 - (105-75),0,1,0,0.0
廖康銘,第二班 - 1000米 - (105-80),0,3,1,0.0
廖康銘,第二班 - 1200米 - (100-80),3,23,7,13.0
廖康銘,第二班 - 1200米 - (105-80),0,8,4,0.0
廖康銘,第二班 - 1400米 - (100-75),0,3,0,0.0
廖康銘,第二班 - 1400米 - (100-80),0,6,2,0.0
廖康銘,第二班 - 1400米 - (105-80),0,6,1,0.0
廖康銘,第二班 - 1600米 - (100-75),0,2,0,0.0
廖康銘,第二班 - 1600米 - (100-80),1,3,1,33.3
廖康銘,第二班 - 1600米 - (105-75),0,1,0,0.0
廖康銘,第二班 - 1600米 - (105-80),0,4,0,0.0
廖康銘,第二班 - 1650米 - (100-75),2,5,4,40.0
廖康銘,第二班 - 1650米 - (100-80),0,2,0,0.0
廖康銘,第二班 - 1650米 - (105-80),1,3,2,33.3
廖康銘,第二班 - 1800米 - (100-75),0,2,0,0.0
廖康銘,第二班 - 1800米 - (100-80),0,1,0,0.0
廖康銘,第二班 - 1800米 - (90-60),0,1,0,0.0
廖康銘,第二班 - 2000米 - (100-75),1,2,1,50.0
廖康銘,第二班 - 2000米 - (95-70),0,2,0,0.0
廖康銘,第五班 - 1000米 - (40-0),1,7,2,14.3
廖康銘,第五班 - 1200米 - (40-0),5,24,8,20.8
廖康銘,第五班 - 1400米 - (40-0),1,7,2,14.3
廖康銘,第五班 - 1650米 - (40-0),2,9,4,22.2
廖康銘,第五班 - 1800米 - (40-0),0,1,1,0.0
廖康銘,第四班 - 1000米 - (60-40),2,33,5,6.1
廖康銘,第四班 - 1200米 - (60-40),25,215,61,11.6
廖康銘,第四班 - 1400米 - (60-40),6,67,16,9.0
廖康銘,第四班 - 1600米 - (60-40),1,25,3,4.0
廖康銘,第四班 - 1650米 - (60-40),5,60,14,8.3
廖康銘,第四班 - 1800米 - (60-40),2,17,4,11.8
廖康銘,第四班 - 2000米 - (60-40),0,3,0,0.0
廖康銘,第四班 - 2200米 - (60-35),0,2,0,0.0
廖康銘,第四班 - 2200米 - (60-40),1,4,1,25.0
廖康銘,第四班（條件限制） - 1200米 - (60-40),1,2,2,50.0
廖康銘,第四班（條件限制） - 1400米 - (60-40),0,2,0,0.0
徐雨石,四歲 - 1600米,0,1,0,0.0
徐雨石,四歲 - 1800米,0,1,0,0.0
徐雨石,四歲 - 2000米,0,1,0,0.0
徐雨石,第三班 - 1000米 - (80-55),0,1,0,0.0
徐雨石,第三班 - 1000米 - (80-60),2,24,5,8.3
徐雨石,第三班 - 1000米 - (85-60),1,5,2,20.0
徐雨石,第三班 - 1200米 - (80-55),0,4,0,0.0
徐雨石,第三班 - 1200米 - (80-60),1,72,4,1.4
徐雨石,第三班 - 1200米 - (85-60),0,6,0,0.0
徐雨石,第三班 - 1400米 - (80-60),1,21,2,4.8
徐雨石,第三班 - 1400米 - (85-60),0,1,0,0.0
徐雨石,第三班 - 1600米 - (80-60),1,11,3,9.1
徐雨石,第三班 - 1600米 - (85-60),0,3,1,0.0
徐雨石,第三班 - 1650米 - (80-55),0,2,0,0.0
徐雨石,第三班 - 1650米 - (80-60),1,15,4,6.7
徐雨石,第三班 - 1650米 - (85-60),1,4,1,25.0
徐雨石,第三班 - 1800米 - (80-60),1,4,2,25.0
徐雨石,第三班 - 1800米 - (85-60),0,3,1,0.0
徐雨石,第三班 - 2000米 - (80-60),0,1,0,0.0
徐雨石,第三班 - 2000米 - (85-60),0,3,0,0.0
徐雨石,第三班 - 2200米 - (80-55),1,1,1,100.0
徐雨石,第三班（條件限制） - 1600米 - (85-60),0,3,0,0.0
徐雨石,第二班 - 1000米 - (105-75),0,1,0,0.0
徐雨石,第二班 - 1000米 - (105-80),0,1,0,0.0
徐雨石,第二班 - 1200米 - (100-80),0,2,0,0.0
徐雨石,第二班 - 1400米 - (100-75),0,1,0,0.0
徐雨石,第二班 - 1400米 - (105-80),0,1,0,0.0
徐雨石,第二班 - 1600米 - (100-75),0,1,0,0.0
徐雨石,第二班 - 1600米 - (105-80),0,1,0,0.0
徐雨石,第二班 - 1650米 - (100-75),0,4,1,0.0
徐雨石,第二班 - 1650米 - (100-80),0,6,2,0.0
徐雨石,第二班 - 1650米 - (105-80),0,2,0,0.0
徐雨石,第二班 - 1800米 - (100-80),0,1,0,0.0
徐雨石,第五班 - 1000米 - (40-0),3,18,7,16.7
徐雨石,第五班 - 1200米 - (40-0),4,56,17,7.1
徐雨石,第五班 - 1400米 - (40-0),0,20,0,0.0
徐雨石,第五班 - 1600米 - (40-0),0,6,1,0.0
徐雨石,第五班 - 1650米 - (40-0),0,25,4,0.0
徐雨石,第五班 - 1800米 - (40-0),1,11,2,9.1
徐雨石,第五班 - 2000米 - (40-0),0,1,0,0.0
徐雨石,第五班 - 2200米 - (40-0),0,1,0,0.0
徐雨石,第四班 - 1000米 - (60-40),4,30,6,13.3
徐雨石,第四班 - 1200米 - (60-40),7,125,24,5.6
徐雨石,第四班 - 1400米 - (60-40),3,26,7,11.5
徐雨石,第四班 - 1600米 - (60-40),1,4,1,25.0
徐雨石,第四班 - 1650米 - (60-40),3,37,11,8.1
徐雨石,第四班 - 1800米 - (60-40),0,8,1,0.0
徐雨石,第四班 - 2000米 - (60-40),0,3,0,0.0
徐雨石,第四班 - 2200米 - (60-35),0,1,0,0.0
徐雨石,第四班 - 2200米 - (60-40),0,3,0,0.0
徐雨石,第四班（條件限制） - 1200米 - (60-40),0,3,0,0.0
徐雨石,第四班（條件限制） - 1400米 - (60-40),0,1,0,0.0
手塚貴久,一級賽 - 2000米,0,1,1,0.0
文家良,一級賽 - 1200米,0,2,0,0.0
文家良,一級賽 - 1400米,0,1,1,0.0
文家良,一級賽 - 1600米,0,2,1,0.0
文家良,三級賽 - 1000米,0,1,0,0.0
文家良,三級賽 - 1200米,0,1,0,0.0
文家良,三級賽 - 1400米,0,2,0,0.0
文家良,二級賽 - 1200米,0,1,0,0.0
文家良,二級賽 - 1600米,1,1,1,100.0
文家良,四歲 - 1600米,0,2,0,0.0
文家良,四歲 - 1800米,0,2,1,0.0
文家良,四歲 - 2000米,0,1,0,0.0
文家良,第一班 - 1200米 - (80+),0,1,1,0.0
文家良,第三班 - 1000米 - (80-55),0,1,0,0.0
文家良,第三班 - 1000米 - (80-60),2,22,5,9.1
文家良,第三班 - 1000米 - (85-60),1,3,2,33.3
文家良,第三班 - 1200米 - (80-60),9,68,22,13.2
文家良,第三班 - 1200米 - (85-60),1,10,4,10.0
文家良,第三班 - 1400米 - (80-60),2,37,8,5.4
文家良,第三班 - 1400米 - (85-60),0,2,1,0.0
文家良,第三班 - 1600米 - (80-60),3,10,3,30.0
文家良,第三班 - 1600米 - (85-60),0,3,0,0.0
文家良,第三班 - 1650米 - (80-60),0,11,1,0.0
文家良,第三班 - 1650米 - (85-60),0,3,0,0.0
文家良,第三班 - 1800米 - (80-60),0,3,1,0.0
文家良,第三班 - 2000米 - (80-60),0,1,1,0.0
文家良,第三班 - 2000米 - (85-60),1,1,1,100.0
文家良,第三班 - 2200米 - (80-55),0,1,0,0.0
文家良,第二班 - 1000米 - (105-80),0,1,0,0.0
文家良,第二班 - 1200米 - (100-75),0,1,1,0.0
文家良,第二班 - 1200米 - (100-80),1,7,2,14.3
文家良,第二班 - 1200米 - (105-80),1,4,1,25.0
文家良,第二班 - 1400米 - (100-75),0,1,0,0.0
文家良,第二班 - 1400米 - (100-80),0,3,0,0.0
文家良,第二班 - 1400米 - (105-80),0,8,2,0.0
文家良,第二班 - 1400米 - (90-70),1,1,1,100.0
文家良,第二班 - 1600米 - (100-75),0,1,0,0.0
文家良,第二班 - 1600米 - (100-80),0,1,0,0.0
文家良,第二班 - 1600米 - (105-80),0,1,0,0.0
文家良,第二班 - 1650米 - (100-75),0,1,0,0.0
文家良,第二班 - 1800米 - (100-75),0,1,0,0.0
文家良,第五班 - 1000米 - (40-0),0,12,2,0.0
文家良,第五班 - 1200米 - (40-0),8,47,13,17.0
文家良,第五班 - 1400米 - (40-0),3,31,10,9.7
文家良,第五班 - 1600米 - (40-0),1,11,2,9.1
文家良,第五班 - 1650米 - (40-0),1,21,6,4.8
文家良,第五班 - 1800米 - (40-0),1,11,2,9.1
文家良,第五班 - 2000米 - (40-0),0,3,0,0.0
文家良,第五班 - 2200米 - (40-0),1,3,1,33.3
文家良,第四班 - 1000米 - (60-40),6,40,11,15.0
文家良,第四班 - 1200米 - (60-40),15,192,38,7.8
文家良,第四班 - 1400米 - (60-40),5,92,13,5.4
文家良,第四班 - 1600米 - (60-40),2,21,8,9.5
文家良,第四班 - 1650米 - (60-40),9,68,18,13.2
文家良,第四班 - 1800米 - (60-40),1,8,2,12.5
文家良,第四班 - 2000米 - (60-40),1,3,1,33.3
文家良,第四班 - 2200米 - (60-40),1,3,3,33.3
文家良,第四班（條件限制） - 1200米 - (60-40),2,4,2,50.0
文家良,第四班（條件限制） - 1400米 - (60-40),0,1,0,0.0
方嘉柏,三級賽 - 1400米,0,3,1,0.0
方嘉柏,三級賽 - 1800米,0,3,0,0.0
方嘉柏,三級賽 - 2400米,0,1,0,0.0
方嘉柏,四歲 - 1800米,0,1,0,0.0
方嘉柏,四歲 - 2000米,0,1,0,0.0
方嘉柏,新馬賽 - 1000米,0,1,1,0.0
方嘉柏,新馬賽 - 1200米,0,2,0,0.0
方嘉柏,第一班 - 1200米 - (85+),0,1,1,0.0
方嘉柏,第三班 - 1000米 - (80-60),1,23,6,4.3
方嘉柏,第三班 - 1000米 - (85-60),1,2,1,50.0
方嘉柏,第三班 - 1200米 - (80-55),0,6,1,0.0
方嘉柏,第三班 - 1200米 - (80-60),9,79,17,11.4
方嘉柏,第三班 - 1200米 - (85-60),0,4,0,0.0
方嘉柏,第三班 - 1400米 - (80-60),2,45,10,4.4
方嘉柏,第三班 - 1400米 - (85-60),0,3,0,0.0
方嘉柏,第三班 - 1600米 - (80-60),4,27,6,14.8
方嘉柏,第三班 - 1600米 - (85-60),0,3,0,0.0
方嘉柏,第三班 - 1650米 - (80-55),0,3,1,0.0
方嘉柏,第三班 - 1650米 - (80-60),8,54,16,14.8
方嘉柏,第三班 - 1650米 - (85-60),2,10,3,20.0
方嘉柏,第三班 - 1800米 - (80-60),4,27,8,14.8
方嘉柏,第三班 - 1800米 - (85-60),0,7,1,0.0
方嘉柏,第三班 - 2000米 - (80-60),0,4,1,0.0
方嘉柏,第三班 - 2000米 - (85-60),0,8,0,0.0
方嘉柏,第三班 - 2200米 - (80-60),0,1,0,0.0
方嘉柏,第三班 - 2200米 - (85-60),1,1,1,100.0
方嘉柏,第三班（條件限制） - 1600米 - (85-60),0,1,0,0.0
方嘉柏,第二班 - 1000米 - (100-80),0,1,0,0.0
方嘉柏,第二班 - 1000米 - (105-80),0,1,0,0.0
方嘉柏,第二班 - 1200米 - (100-75),0,1,0,0.0
方嘉柏,第二班 - 1200米 - (100-80),3,15,4,20.0
方嘉柏,第二班 - 1200米 - (105-80),2,6,2,33.3
方嘉柏,第二班 - 1400米 - (100-75),0,1,1,0.0
方嘉柏,第二班 - 1400米 - (100-80),0,8,2,0.0
方嘉柏,第二班 - 1400米 - (105-80),0,7,1,0.0
方嘉柏,第二班 - 1400米 - (90-70),0,1,1,0.0
方嘉柏,第二班 - 1600米 - (100-75),0,3,1,0.0
方嘉柏,第二班 - 1600米 - (100-80),1,4,3,25.0
方嘉柏,第二班 - 1600米 - (105-75),0,1,0,0.0
方嘉柏,第二班 - 1600米 - (105-80),0,5,0,0.0
方嘉柏,第二班 - 1650米 - (100-75),1,5,1,20.0
方嘉柏,第二班 - 1650米 - (100-80),1,5,2,20.0
方嘉柏,第二班 - 1650米 - (105-80),0,3,1,0.0
方嘉柏,第二班 - 1800米 - (100-75),0,6,2,0.0
方嘉柏,第二班 - 1800米 - (100-80),0,6,0,0.0
方嘉柏,第二班 - 1800米 - (90-60),1,1,1,100.0
方嘉柏,第二班 - 2000米 - (100-75),0,2,0,0.0
方嘉柏,第二班 - 2000米 - (95-70),0,2,0,0.0
方嘉柏,第五班 - 1000米 - (40-0),2,16,8,12.5
方嘉柏,第五班 - 1200米 - (40-0),7,49,14,14.3
方嘉柏,第五班 - 1400米 - (40-0),2,28,9,7.1
方嘉柏,第五班 - 1600米 - (40-0),0,9,1,0.0
方嘉柏,第五班 - 1650米 - (40-0),4,27,9,14.8
方嘉柏,第五班 - 1800米 - (40-0),1,11,5,9.1
方嘉柏,第五班 - 2200米 - (40-0),0,2,0,0.0
方嘉柏,第四班 - 1000米 - (60-40),4,40,11,10.0
方嘉柏,第四班 - 1200米 - (60-40),21,181,52,11.6
方嘉柏,第四班 - 1400米 - (60-40),5,65,22,7.7
方嘉柏,第四班 - 1600米 - (60-40),4,21,9,19.0
方嘉柏,第四班 - 1650米 - (60-40),11,83,27,13.3
方嘉柏,第四班 - 1800米 - (60-35),0,1,0,0.0
方嘉柏,第四班 - 1800米 - (60-40),1,18,5,5.6
方嘉柏,第四班 - 2000米 - (60-40),0,1,0,0.0
方嘉柏,第四班 - 2200米 - (60-35),0,2,0,0.0
方嘉柏,第四班 - 2200米 - (60-40),0,2,1,0.0
方嘉柏,第四班（條件限制） - 1200米 - (60-40),0,2,0,0.0
方嘉柏,第四班（條件限制） - 1400米 - (60-40),0,2,0,0.0
杉山晴紀,一級賽 - 1200米,0,2,0,0.0
杉山晴紀,一級賽 - 1600米,0,1,0,0.0
杉山晴紀,一級賽 - 2000米,0,1,0,0.0
桂福特,三級賽 - 1000米,0,1,0,0.0
桂福特,三級賽 - 1800米,1,3,2,33.3
桂福特,二級賽 - 1600米,0,1,0,0.0
桂福特,第三班 - 1000米 - (80-60),0,3,1,0.0
桂福特,第三班 - 1000米 - (85-60),0,1,0,0.0
桂福特,第三班 - 1200米 - (80-55),0,1,1,0.0
桂福特,第三班 - 1200米 - (80-60),1,20,2,5.0
桂福特,第三班 - 1400米 - (80-60),0,13,1,0.0
桂福特,第三班 - 1600米 - (80-60),1,8,5,12.5
桂福特,第三班 - 1600米 - (85-60),0,1,0,0.0
桂福特,第三班 - 1650米 - (80-60),0,1,0,0.0
桂福特,第三班 - 1650米 - (85-60),0,2,0,0.0
桂福特,第三班 - 1800米 - (80-60),0,1,0,0.0
桂福特,第三班 - 2000米 - (80-60),0,1,0,0.0
桂福特,第三班 - 2000米 - (85-60),0,1,0,0.0
桂福特,第三班（條件限制） - 1600米 - (85-60),0,1,0,0.0
桂福特,第二班 - 1000米 - (105-80),0,1,1,0.0
桂福特,第二班 - 1200米 - (100-75),0,1,0,0.0
桂福特,第二班 - 1200米 - (100-80),0,1,0,0.0
桂福特,第二班 - 1200米 - (105-80),0,3,1,0.0
桂福特,第二班 - 1400米 - (100-75),0,1,1,0.0
桂福特,第二班 - 1400米 - (100-80),1,1,1,100.0
桂福特,第二班 - 1400米 - (105-80),0,2,0,0.0
桂福特,第二班 - 1600米 - (105-80),0,1,0,0.0
桂福特,第二班 - 1650米 - (100-80),0,1,1,0.0
桂福特,第二班 - 1800米 - (100-70),0,1,0,0.0
桂福特,第二班 - 1800米 - (100-80),0,1,1,0.0
桂福特,第五班 - 1000米 - (40-0),1,1,1,100.0
桂福特,第五班 - 1200米 - (40-0),1,17,6,5.9
桂福特,第五班 - 1400米 - (40-0),2,14,6,14.3
桂福特,第五班 - 1600米 - (40-0),1,4,2,25.0
桂福特,第五班 - 1650米 - (40-0),1,12,3,8.3
桂福特,第五班 - 1800米 - (40-0),2,8,6,25.0
桂福特,第五班 - 2000米 - (40-0),0,1,1,0.0
桂福特,第五班 - 2200米 - (40-0),0,1,0,0.0
桂福特,第四班 - 1000米 - (60-40),0,11,1,0.0
桂福特,第四班 - 1200米 - (60-40),8,62,19,12.9
桂福特,第四班 - 1400米 - (60-40),0,30,7,0.0
桂福特,第四班 - 1600米 - (60-40),0,7,0,0.0
桂福特,第四班 - 1650米 - (60-40),0,6,0,0.0
桂福特,第四班 - 1800米 - (60-40),0,8,0,0.0
桂福特,第四班 - 2000米 - (60-40),0,2,0,0.0
桂福特,第四班（條件限制） - 1200米 - (60-40),0,3,0,0.0
桂福特,第四班（條件限制） - 1400米 - (60-40),0,1,0,0.0
森一誠,一級賽 - 1600米,0,1,0,0.0
武井亮,一級賽 - 1600米,0,1,0,0.0
武井亮,一級賽 - 2400米,0,1,0,0.0
武英智,一級賽 - 2000米,0,1,0,0.0
比安威詹 希斯,一級賽 - 1600米,0,1,0,0.0
池江泰壽,一級賽 - 1600米,0,2,2,0.0
池添學,一級賽 - 2400米,0,1,0,0.0
沈集成,一級賽 - 1200米,0,1,0,0.0
沈集成,一級賽 - 1600米,1,1,1,100.0
沈集成,一級賽 - 2000米,4,5,4,80.0
沈集成,一級賽 - 2400米,0,2,0,0.0
沈集成,三級賽 - 1400米,0,1,0,0.0
沈集成,三級賽 - 1800米,1,7,3,14.3
沈集成,三級賽 - 2400米,1,1,1,100.0
沈集成,二級賽 - 1200米,0,2,0,0.0
沈集成,二級賽 - 1600米,0,3,1,0.0
沈集成,二級賽 - 2000米,2,2,2,100.0
沈集成,新馬賽 - 1000米,0,3,1,0.0
沈集成,新馬賽 - 1200米,0,3,0,0.0
沈集成,第一班 - 1200米 - (110-85),0,1,1,0.0
沈集成,第一班 - 1200米 - (80+),0,1,0,0.0
沈集成,第一班 - 1650米 - (110-85),1,2,2,50.0
沈集成,第三班 - 1000米 - (80-55),0,2,1,0.0
沈集成,第三班 - 1000米 - (80-60),0,24,6,0.0
沈集成,第三班 - 1000米 - (85-60),0,4,1,0.0
沈集成,第三班 - 1200米 - (80-55),0,7,3,0.0
沈集成,第三班 - 1200米 - (80-60),13,112,26,11.6
沈集成,第三班 - 1200米 - (85-60),1,10,4,10.0
沈集成,第三班 - 1400米 - (80-60),1,34,4,2.9
沈集成,第三班 - 1400米 - (85-60),0,1,0,0.0
沈集成,第三班 - 1600米 - (80-60),0,10,0,0.0
沈集成,第三班 - 1650米 - (80-55),0,2,2,0.0
沈集成,第三班 - 1650米 - (80-60),3,41,8,7.3
沈集成,第三班 - 1650米 - (85-60),0,9,2,0.0
沈集成,第三班 - 1800米 - (80-60),0,9,2,0.0
沈集成,第三班 - 1800米 - (85-60),0,4,0,0.0
沈集成,第三班 - 2000米 - (80-60),0,2,0,0.0
沈集成,第三班 - 2000米 - (85-60),0,4,1,0.0
沈集成,第三班 - 2200米 - (80-55),0,2,0,0.0
沈集成,第三班 - 2200米 - (85-60),0,1,0,0.0
沈集成,第三班（條件限制） - 1600米 - (85-60),0,2,1,0.0
沈集成,第二班 - 1200米 - (100-75),0,1,0,0.0
沈集成,第二班 - 1200米 - (100-80),2,14,4,14.3
沈集成,第二班 - 1200米 - (105-80),0,3,1,0.0
沈集成,第二班 - 1400米 - (100-80),0,1,0,0.0
沈集成,第二班 - 1400米 - (105-80),0,8,0,0.0
沈集成,第二班 - 1400米 - (90-70),0,1,0,0.0
沈集成,第二班 - 1600米 - (100-80),0,4,2,0.0
沈集成,第二班 - 1600米 - (105-80),0,5,0,0.0
沈集成,第二班 - 1650米 - (100-75),1,6,1,16.7
沈集成,第二班 - 1650米 - (100-80),1,7,2,14.3
沈集成,第二班 - 1650米 - (105-80),0,4,1,0.0
沈集成,第二班 - 1800米 - (100-75),0,3,1,0.0
沈集成,第二班 - 1800米 - (100-80),2,5,3,40.0
沈集成,第二班 - 2000米 - (100-75),0,1,1,0.0
沈集成,第二班 - 2000米 - (95-70),0,1,0,0.0
沈集成,第五班 - 1000米 - (40-0),1,6,2,16.7
沈集成,第五班 - 1200米 - (40-0),2,23,4,8.7
沈集成,第五班 - 1400米 - (40-0),0,10,1,0.0
沈集成,第五班 - 1600米 - (40-0),0,5,1,0.0
沈集成,第五班 - 1650米 - (40-0),3,18,5,16.7
沈集成,第五班 - 1800米 - (40-0),5,12,5,41.7
沈集成,第五班 - 2000米 - (40-0),0,1,0,0.0
沈集成,第五班 - 2200米 - (40-0),2,5,3,40.0
沈集成,第四班 - 1000米 - (60-40),3,23,8,13.0
沈集成,第四班 - 1200米 - (60-40),19,220,59,8.6
沈集成,第四班 - 1400米 - (60-40),1,63,2,1.6
沈集成,第四班 - 1600米 - (60-40),0,12,1,0.0
沈集成,第四班 - 1650米 - (60-40),11,90,27,12.2
沈集成,第四班 - 1800米 - (60-35),0,2,0,0.0
沈集成,第四班 - 1800米 - (60-40),8,32,10,25.0
沈集成,第四班 - 2000米 - (60-40),2,7,2,28.6
沈集成,第四班 - 2200米 - (60-35),0,4,2,0.0
沈集成,第四班 - 2200米 - (60-40),0,5,2,0.0
沈集成,第四班（條件限制） - 1200米 - (60-40),0,3,1,0.0
沈集成,第四班（條件限制） - 1400米 - (60-40),0,1,0,0.0
活侯夫人及布特,一級賽 - 1600米,0,1,0,0.0
游孝廉,一級賽 - 1600米,0,3,1,0.0
游達榮,一級賽 - 1200米,0,2,0,0.0
游達榮,三級賽 - 1000米,0,1,1,0.0
游達榮,三級賽 - 1200米,0,1,0,0.0
游達榮,三級賽 - 1400米,0,4,0,0.0
游達榮,三級賽 - 1800米,0,1,0,0.0
游達榮,二級賽 - 1600米,0,2,0,0.0
游達榮,四歲 - 1800米,0,1,0,0.0
游達榮,四歲 - 2000米,0,2,0,0.0
游達榮,新馬賽 - 1000米,0,1,0,0.0
游達榮,新馬賽 - 1200米,0,1,0,0.0
游達榮,第一班 - 1200米 - (80+),0,1,0,0.0
游達榮,第一班 - 1200米 - (85+),0,1,0,0.0
游達榮,第一班 - 1400米 - (110-85),0,1,1,0.0
游達榮,第一班 - 1600米 - (85+),0,1,0,0.0
游達榮,第三班 - 1000米 - (80-55),1,1,1,100.0
游達榮,第三班 - 1000米 - (80-60),1,9,1,11.1
游達榮,第三班 - 1000米 - (85-60),0,2,0,0.0
游達榮,第三班 - 1200米 - (80-55),0,2,0,0.0
游達榮,第三班 - 1200米 - (80-60),7,55,14,12.7
游達榮,第三班 - 1200米 - (85-60),0,3,1,0.0
游達榮,第三班 - 1400米 - (80-60),5,53,13,9.4
游達榮,第三班 - 1400米 - (85-60),0,3,0,0.0
游達榮,第三班 - 1600米 - (80-60),1,23,6,4.3
游達榮,第三班 - 1600米 - (85-60),0,4,2,0.0
游達榮,第三班 - 1650米 - (80-55),0,4,0,0.0
游達榮,第三班 - 1650米 - (80-60),5,39,11,12.8
游達榮,第三班 - 1650米 - (85-60),1,9,4,11.1
游達榮,第三班 - 1800米 - (80-60),0,15,2,0.0
游達榮,第三班 - 1800米 - (85-60),0,7,2,0.0
游達榮,第三班 - 2000米 - (80-60),0,3,0,0.0
游達榮,第三班 - 2000米 - (85-60),0,5,0,0.0
游達榮,第三班 - 2200米 - (80-55),0,1,0,0.0
游達榮,第三班 - 2200米 - (80-60),0,1,0,0.0
游達榮,第三班 - 2200米 - (85-60),0,1,1,0.0
游達榮,第三班（條件限制） - 1600米 - (85-60),0,3,0,0.0
游達榮,第二班 - 1000米 - (100-75),0,1,1,0.0
游達榮,第二班 - 1000米 - (100-80),0,1,1,0.0
游達榮,第二班 - 1000米 - (105-75),0,1,1,0.0
游達榮,第二班 - 1000米 - (105-80),1,2,2,50.0
游達榮,第二班 - 1200米 - (100-75),0,1,0,0.0
游達榮,第二班 - 1200米 - (100-80),0,8,3,0.0
游達榮,第二班 - 1200米 - (105-80),0,2,0,0.0
游達榮,第二班 - 1400米 - (100-80),1,2,1,50.0
游達榮,第二班 - 1400米 - (105-80),2,8,2,25.0
游達榮,第二班 - 1600米 - (105-75),0,1,0,0.0
游達榮,第二班 - 1650米 - (100-75),0,1,0,0.0
游達榮,第二班 - 1650米 - (105-80),0,1,0,0.0
游達榮,第二班 - 1800米 - (100-75),0,1,0,0.0
游達榮,第二班 - 1800米 - (90-60),0,1,0,0.0
游達榮,第五班 - 1000米 - (40-0),0,5,2,0.0
游達榮,第五班 - 1200米 - (40-0),3,29,7,10.3
游達榮,第五班 - 1400米 - (40-0),3,18,5,16.7
游達榮,第五班 - 1600米 - (40-0),0,8,2,0.0
游達榮,第五班 - 1650米 - (40-0),5,19,10,26.3
游達榮,第五班 - 1800米 - (40-0),0,7,0,0.0
游達榮,第四班 - 1000米 - (60-40),0,11,0,0.0
游達榮,第四班 - 1200米 - (60-40),6,114,23,5.3
游達榮,第四班 - 1400米 - (60-40),6,73,15,8.2
游達榮,第四班 - 1600米 - (60-40),4,29,8,13.8
游達榮,第四班 - 1650米 - (60-40),6,96,27,6.2
游達榮,第四班 - 1800米 - (60-35),0,1,0,0.0
游達榮,第四班 - 1800米 - (60-40),2,25,3,8.0
游達榮,第四班 - 2000米 - (60-40),1,8,2,12.5
游達榮,第四班 - 2200米 - (60-40),0,1,1,0.0
游達榮,第四班（條件限制） - 1200米 - (60-40),0,1,0,0.0
田中博康,一級賽 - 2000米,0,1,0,0.0
白祈達,一級賽 - 1200米,0,1,0,0.0
納斯,一級賽 - 2000米,0,1,1,0.0
羅富全,一級賽 - 1200米,0,5,0,0.0
羅富全,一級賽 - 1600米,0,2,0,0.0
羅富全,一級賽 - 2000米,0,3,0,0.0
羅富全,三級賽 - 1000米,0,1,0,0.0
羅富全,三級賽 - 1200米,0,1,0,0.0
羅富全,三級賽 - 1400米,0,4,3,0.0
羅富全,三級賽 - 1600米,0,1,0,0.0
羅富全,三級賽 - 1800米,1,11,3,9.1
羅富全,二級賽 - 1200米,0,7,1,0.0
羅富全,二級賽 - 1600米,0,5,1,0.0
羅富全,二級賽 - 2000米,0,3,0,0.0
羅富全,四歲 - 1600米,0,1,0,0.0
羅富全,四歲 - 1800米,1,2,1,50.0
羅富全,四歲 - 2000米,0,3,2,0.0
羅富全,新馬賽 - 1000米,0,1,0,0.0
羅富全,第一班 - 1000米 - (110-80),0,1,0,0.0
羅富全,第一班 - 1200米 - (110-85),1,1,1,100.0
羅富全,第一班 - 1200米 - (80+),0,3,0,0.0
羅富全,第一班 - 1200米 - (85+),1,1,1,100.0
羅富全,第一班 - 1400米 - (110-85),0,1,0,0.0
羅富全,第一班 - 1600米 - (85+),0,2,1,0.0
羅富全,第三班 - 1000米 - (80-55),0,1,0,0.0
羅富全,第三班 - 1000米 - (80-60),4,28,12,14.3
羅富全,第三班 - 1000米 - (85-60),0,4,0,0.0
羅富全,第三班 - 1200米 - (80-55),0,2,0,0.0
羅富全,第三班 - 1200米 - (80-60),13,100,24,13.0
羅富全,第三班 - 1200米 - (85-60),0,5,1,0.0
羅富全,第三班 - 1400米 - (80-60),4,50,15,8.0
羅富全,第三班 - 1400米 - (85-60),1,2,1,50.0
羅富全,第三班 - 1600米 - (80-60),1,26,5,3.8
羅富全,第三班 - 1600米 - (85-60),0,4,1,0.0
羅富全,第三班 - 1650米 - (80-55),0,2,0,0.0
羅富全,第三班 - 1650米 - (80-60),3,33,8,9.1
羅富全,第三班 - 1650米 - (85-60),1,10,2,10.0
羅富全,第三班 - 1800米 - (80-60),0,16,3,0.0
羅富全,第三班 - 1800米 - (85-60),1,9,2,11.1
羅富全,第三班 - 2000米 - (80-60),0,2,1,0.0
羅富全,第三班 - 2000米 - (85-60),0,6,1,0.0
羅富全,第三班 - 2200米 - (80-55),0,1,1,0.0
羅富全,第三班 - 2200米 - (85-60),0,1,0,0.0
羅富全,第三班（條件限制） - 1600米 - (85-60),1,3,2,33.3
羅富全,第二班 - 1000米 - (100-75),1,3,1,33.3
羅富全,第二班 - 1000米 - (105-75),1,1,1,100.0
羅富全,第二班 - 1200米 - (100-75),0,1,0,0.0
羅富全,第二班 - 1200米 - (100-80),1,12,5,8.3
羅富全,第二班 - 1200米 - (105-80),1,6,2,16.7
羅富全,第二班 - 1400米 - (100-75),0,2,1,0.0
羅富全,第二班 - 1400米 - (100-80),1,6,1,16.7
羅富全,第二班 - 1400米 - (105-80),0,9,0,0.0
羅富全,第二班 - 1400米 - (90-70),0,1,0,0.0
羅富全,第二班 - 1600米 - (100-75),0,2,0,0.0
羅富全,第二班 - 1600米 - (100-80),1,6,1,16.7
羅富全,第二班 - 1600米 - (105-75),0,1,0,0.0
羅富全,第二班 - 1600米 - (105-80),0,8,3,0.0
羅富全,第二班 - 1650米 - (100-75),1,4,1,25.0
羅富全,第二班 - 1650米 - (100-80),0,8,2,0.0
羅富全,第二班 - 1650米 - (105-80),1,2,1,50.0
羅富全,第二班 - 1800米 - (100-70),0,1,0,0.0
羅富全,第二班 - 1800米 - (100-75),0,6,0,0.0
羅富全,第二班 - 1800米 - (100-80),0,3,1,0.0
羅富全,第二班 - 1800米 - (90-60),0,1,0,0.0
羅富全,第二班 - 2000米 - (100-75),1,3,1,33.3
羅富全,第五班 - 1000米 - (40-0),1,8,3,12.5
羅富全,第五班 - 1200米 - (40-0),2,45,13,4.4
羅富全,第五班 - 1400米 - (40-0),1,16,2,6.2
羅富全,第五班 - 1600米 - (40-0),0,3,0,0.0
羅富全,第五班 - 1650米 - (40-0),1,7,1,14.3
羅富全,第五班 - 1800米 - (40-0),0,2,0,0.0
羅富全,第四班 - 1000米 - (60-40),2,35,11,5.7
羅富全,第四班 - 1200米 - (60-40),14,210,54,6.7
羅富全,第四班 - 1400米 - (60-40),3,88,15,3.4
羅富全,第四班 - 1600米 - (60-40),3,24,6,12.5
羅富全,第四班 - 1650米 - (60-40),8,84,21,9.5
羅富全,第四班 - 1800米 - (60-35),0,2,0,0.0
羅富全,第四班 - 1800米 - (60-40),1,26,7,3.8
羅富全,第四班 - 2000米 - (60-40),0,3,0,0.0
羅富全,第四班 - 2200米 - (60-35),0,1,0,0.0
羅富全,第四班（條件限制） - 1200米 - (60-40),1,5,1,20.0
羅富全,第四班（條件限制） - 1400米 - (60-40),1,1,1,100.0
范景新,一級賽 - 1600米,0,1,0,0.0
范鴻禧,一級賽 - 2000米,0,1,0,0.0
菲德文及菲敦盟,一級賽 - 2400米,0,1,0,0.0
葉楚航,一級賽 - 1200米,0,3,2,0.0
葉楚航,三級賽 - 1000米,1,1,1,100.0
葉楚航,三級賽 - 1800米,0,1,0,0.0
葉楚航,三級賽 - 2400米,0,1,1,0.0
葉楚航,二級賽 - 1200米,0,2,1,0.0
葉楚航,二級賽 - 1600米,0,1,0,0.0
葉楚航,四歲 - 1600米,0,1,0,0.0
葉楚航,四歲 - 1800米,0,1,0,0.0
葉楚航,四歲 - 2000米,0,1,0,0.0
葉楚航,新馬賽 - 1000米,2,7,3,28.6
葉楚航,新馬賽 - 1200米,0,3,1,0.0
葉楚航,第一班 - 1200米 - (85+),1,1,1,100.0
葉楚航,第一班 - 1650米 - (110-85),0,1,0,0.0
葉楚航,第三班 - 1000米 - (80-60),1,13,3,7.7
葉楚航,第三班 - 1000米 - (85-60),0,2,0,0.0
葉楚航,第三班 - 1200米 - (80-55),0,2,0,0.0
葉楚航,第三班 - 1200米 - (80-60),1,33,4,3.0
葉楚航,第三班 - 1200米 - (85-60),1,3,1,33.3
葉楚航,第三班 - 1400米 - (80-60),2,16,3,12.5
葉楚航,第三班 - 1400米 - (85-60),0,1,0,0.0
葉楚航,第三班 - 1600米 - (80-60),1,6,2,16.7
葉楚航,第三班 - 1600米 - (85-60),0,1,1,0.0
葉楚航,第三班 - 1650米 - (80-60),1,16,2,6.2
葉楚航,第三班 - 1650米 - (85-60),1,9,2,11.1
葉楚航,第三班 - 1800米 - (80-60),0,8,1,0.0
葉楚航,第三班 - 1800米 - (85-60),0,3,0,0.0
葉楚航,第三班 - 2000米 - (80-60),0,3,0,0.0
葉楚航,第三班 - 2000米 - (85-60),0,6,0,0.0
葉楚航,第三班 - 2200米 - (80-60),1,1,1,100.0
葉楚航,第三班 - 2200米 - (85-60),0,1,0,0.0
葉楚航,第三班（條件限制） - 1600米 - (85-60),0,1,1,0.0
葉楚航,第二班 - 1000米 - (90-65),0,1,0,0.0
葉楚航,第二班 - 1200米 - (100-80),1,2,1,50.0
葉楚航,第二班 - 1200米 - (105-80),0,1,0,0.0
葉楚航,第二班 - 1400米 - (105-80),0,1,0,0.0
葉楚航,第二班 - 1650米 - (100-75),0,2,0,0.0
葉楚航,第二班 - 1650米 - (100-80),0,1,0,0.0
葉楚航,第二班 - 1800米 - (90-60),0,1,0,0.0
葉楚航,第二班 - 2000米 - (100-75),0,1,0,0.0
葉楚航,第二班 - 2000米 - (95-70),1,3,1,33.3
葉楚航,第五班 - 1000米 - (40-0),0,16,4,0.0
葉楚航,第五班 - 1200米 - (40-0),2,47,9,4.3
葉楚航,第五班 - 1400米 - (40-0),0,28,2,0.0
葉楚航,第五班 - 1600米 - (40-0),1,13,1,7.7
葉楚航,第五班 - 1650米 - (40-0),1,28,7,3.6
葉楚航,第五班 - 1800米 - (40-0),1,24,4,4.2
葉楚航,第五班 - 2000米 - (40-0),1,5,2,20.0
葉楚航,第五班 - 2200米 - (40-0),2,11,4,18.2
葉楚航,第四班 - 1000米 - (60-40),2,45,8,4.4
葉楚航,第四班 - 1200米 - (60-40),12,184,31,6.5
葉楚航,第四班 - 1400米 - (60-40),3,71,8,4.2
葉楚航,第四班 - 1600米 - (60-40),1,17,3,5.9
葉楚航,第四班 - 1650米 - (60-40),2,32,5,6.2
葉楚航,第四班 - 1800米 - (60-40),2,17,2,11.8
葉楚航,第四班 - 2000米 - (60-40),2,4,2,50.0
葉楚航,第四班 - 2200米 - (60-35),0,1,0,0.0
葉楚航,第四班 - 2200米 - (60-40),0,2,0,0.0
葉楚航,第四班（條件限制） - 1200米 - (60-40),0,9,1,0.0
葉楚航,第四班（條件限制） - 1400米 - (60-40),0,1,0,0.0
葛威法,一級賽 - 2000米,0,2,1,0.0
葛威法,一級賽 - 2400米,0,1,1,0.0
蔡約翰,一級賽 - 1200米,0,12,7,0.0
蔡約翰,一級賽 - 1400米,0,7,3,0.0
蔡約翰,一級賽 - 1600米,1,9,3,11.1
蔡約翰,一級賽 - 2000米,0,3,2,0.0
蔡約翰,一級賽 - 2400米,0,5,0,0.0
蔡約翰,三級賽 - 1000米,2,5,3,40.0
蔡約翰,三級賽 - 1200米,1,1,1,100.0
蔡約翰,三級賽 - 1400米,0,3,0,0.0
蔡約翰,三級賽 - 1600米,0,2,1,0.0
蔡約翰,三級賽 - 1800米,1,8,3,12.5
蔡約翰,三級賽 - 2400米,1,2,1,50.0
蔡約翰,二級賽 - 1200米,0,14,8,0.0
蔡約翰,二級賽 - 1600米,0,13,0,0.0
蔡約翰,二級賽 - 2000米,0,3,0,0.0
蔡約翰,四歲 - 1600米,0,1,0,0.0
蔡約翰,四歲 - 1800米,0,1,0,0.0
蔡約翰,四歲 - 2000米,0,4,0,0.0
蔡約翰,新馬賽 - 1000米,0,3,0,0.0
蔡約翰,新馬賽 - 1200米,1,1,1,100.0
蔡約翰,第一班 - 1000米 - (110-80),0,2,1,0.0
蔡約翰,第一班 - 1200米 - (110-85),0,2,0,0.0
蔡約翰,第一班 - 1200米 - (80+),0,1,0,0.0
蔡約翰,第一班 - 1200米 - (85+),0,2,0,0.0
蔡約翰,第一班 - 1400米 - (110-85),0,1,0,0.0
蔡約翰,第一班 - 1600米 - (85+),1,3,1,33.3
蔡約翰,第三班 - 1000米 - (80-55),0,1,1,0.0
蔡約翰,第三班 - 1000米 - (80-60),2,21,7,9.5
蔡約翰,第三班 - 1000米 - (85-60),1,5,1,20.0
蔡約翰,第三班 - 1200米 - (80-55),2,7,3,28.6
蔡約翰,第三班 - 1200米 - (80-60),10,125,45,8.0
蔡約翰,第三班 - 1200米 - (85-60),2,12,5,16.7
蔡約翰,第三班 - 1400米 - (80-60),8,60,33,13.3
蔡約翰,第三班 - 1400米 - (85-60),1,2,1,50.0
蔡約翰,第三班 - 1600米 - (80-60),2,25,7,8.0
蔡約翰,第三班 - 1600米 - (85-60),1,4,1,25.0
蔡約翰,第三班 - 1650米 - (80-55),1,1,1,100.0
蔡約翰,第三班 - 1650米 - (80-60),4,30,10,13.3
蔡約翰,第三班 - 1650米 - (85-60),0,8,2,0.0
蔡約翰,第三班 - 1800米 - (80-60),1,13,1,7.7
蔡約翰,第三班 - 1800米 - (85-60),1,6,2,16.7
蔡約翰,第三班 - 2000米 - (80-60),2,5,2,40.0
蔡約翰,第三班 - 2000米 - (85-60),0,5,3,0.0
蔡約翰,第三班 - 2200米 - (80-55),0,1,0,0.0
蔡約翰,第三班 - 2200米 - (80-60),0,1,1,0.0
蔡約翰,第三班（條件限制） - 1600米 - (85-60),0,5,1,0.0
蔡約翰,第二班 - 1000米 - (100-75),0,3,1,0.0
蔡約翰,第二班 - 1000米 - (100-80),0,2,1,0.0
蔡約翰,第二班 - 1000米 - (105-75),0,1,0,0.0
蔡約翰,第二班 - 1000米 - (105-80),1,1,1,100.0
蔡約翰,第二班 - 1000米 - (90-65),1,2,1,50.0
蔡約翰,第二班 - 1200米 - (100-75),0,3,1,0.0
蔡約翰,第二班 - 1200米 - (100-80),3,30,9,10.0
蔡約翰,第二班 - 1200米 - (105-80),2,13,4,15.4
蔡約翰,第二班 - 1400米 - (100-75),1,3,2,33.3
蔡約翰,第二班 - 1400米 - (100-80),0,9,4,0.0
蔡約翰,第二班 - 1400米 - (105-80),0,15,1,0.0
蔡約翰,第二班 - 1600米 - (100-75),0,2,0,0.0
蔡約翰,第二班 - 1600米 - (100-80),0,2,0,0.0
蔡約翰,第二班 - 1600米 - (105-75),0,2,0,0.0
蔡約翰,第二班 - 1600米 - (105-80),1,6,2,16.7
蔡約翰,第二班 - 1650米 - (100-75),0,1,0,0.0
蔡約翰,第二班 - 1650米 - (105-80),0,1,1,0.0
蔡約翰,第二班 - 1800米 - (100-70),0,1,1,0.0
蔡約翰,第二班 - 1800米 - (100-75),2,3,2,66.7
蔡約翰,第二班 - 1800米 - (90-60),0,1,0,0.0
蔡約翰,第二班 - 2000米 - (95-70),0,1,0,0.0
蔡約翰,第五班 - 1000米 - (40-0),1,9,2,11.1
蔡約翰,第五班 - 1200米 - (40-0),4,32,13,12.5
蔡約翰,第五班 - 1400米 - (40-0),2,18,3,11.1
蔡約翰,第五班 - 1600米 - (40-0),0,8,3,0.0
蔡約翰,第五班 - 1650米 - (40-0),2,13,4,15.4
蔡約翰,第五班 - 1800米 - (40-0),0,12,4,0.0
蔡約翰,第五班 - 2000米 - (40-0),0,4,0,0.0
蔡約翰,第五班 - 2200米 - (40-0),0,4,1,0.0
蔡約翰,第四班 - 1000米 - (60-40),4,38,11,10.5
蔡約翰,第四班 - 1200米 - (60-40),15,190,54,7.9
蔡約翰,第四班 - 1400米 - (60-40),13,86,26,15.1
蔡約翰,第四班 - 1600米 - (60-40),6,22,6,27.3
蔡約翰,第四班 - 1650米 - (60-40),5,74,14,6.8
蔡約翰,第四班 - 1800米 - (60-35),0,2,0,0.0
蔡約翰,第四班 - 1800米 - (60-40),1,29,5,3.4
蔡約翰,第四班 - 2000米 - (60-40),1,7,1,14.3
蔡約翰,第四班 - 2200米 - (60-35),2,4,4,50.0
蔡約翰,第四班 - 2200米 - (60-40),0,5,1,0.0
蔡約翰,第四班（條件限制） - 1200米 - (60-40),0,4,2,0.0
蔡約翰,第四班（條件限制） - 1400米 - (60-40),0,2,2,0.0
藤原英昭,一級賽 - 1200米,0,1,0,0.0
蘇偉賢,三級賽 - 1800米,0,1,0,0.0
蘇偉賢,四歲 - 1600米,0,1,0,0.0
蘇偉賢,四歲 - 2000米,0,1,0,0.0
蘇偉賢,第三班 - 1000米 - (80-60),0,27,1,0.0
蘇偉賢,第三班 - 1000米 - (85-60),0,2,0,0.0
蘇偉賢,第三班 - 1200米 - (80-55),0,1,0,0.0
蘇偉賢,第三班 - 1200米 - (80-60),5,81,17,6.2
蘇偉賢,第三班 - 1200米 - (85-60),0,2,0,0.0
蘇偉賢,第三班 - 1400米 - (80-60),8,55,21,14.5
蘇偉賢,第三班 - 1400米 - (85-60),0,2,1,0.0
蘇偉賢,第三班 - 1600米 - (80-60),1,19,2,5.3
蘇偉賢,第三班 - 1600米 - (85-60),0,2,0,0.0
蘇偉賢,第三班 - 1650米 - (80-55),0,2,0,0.0
蘇偉賢,第三班 - 1650米 - (80-60),1,10,1,10.0
蘇偉賢,第三班 - 1650米 - (85-60),0,1,0,0.0
蘇偉賢,第三班 - 1800米 - (80-60),0,6,0,0.0
蘇偉賢,第三班 - 1800米 - (85-60),0,3,1,0.0
蘇偉賢,第三班 - 2000米 - (80-60),0,1,0,0.0
蘇偉賢,第三班 - 2000米 - (85-60),0,1,0,0.0
蘇偉賢,第三班（條件限制） - 1600米 - (85-60),0,1,0,0.0
蘇偉賢,第二班 - 1000米 - (90-65),0,1,0,0.0
蘇偉賢,第二班 - 1200米 - (100-80),0,1,0,0.0
蘇偉賢,第二班 - 1400米 - (100-80),0,1,1,0.0
蘇偉賢,第二班 - 1400米 - (105-80),0,1,1,0.0
蘇偉賢,第二班 - 1600米 - (100-75),1,2,2,50.0
蘇偉賢,第二班 - 1600米 - (105-75),0,1,0,0.0
蘇偉賢,第二班 - 1600米 - (105-80),1,2,2,50.0
蘇偉賢,第二班 - 1650米 - (100-80),1,1,1,100.0
蘇偉賢,第二班 - 1800米 - (100-80),0,1,0,0.0
蘇偉賢,第二班 - 2000米 - (95-70),0,1,0,0.0
蘇偉賢,第五班 - 1000米 - (40-0),0,14,0,0.0
蘇偉賢,第五班 - 1200米 - (40-0),1,48,10,2.1
蘇偉賢,第五班 - 1400米 - (40-0),3,31,10,9.7
蘇偉賢,第五班 - 1600米 - (40-0),1,16,6,6.2
蘇偉賢,第五班 - 1650米 - (40-0),3,33,6,9.1
蘇偉賢,第五班 - 1800米 - (40-0),1,25,6,4.0
蘇偉賢,第五班 - 2000米 - (40-0),1,6,2,16.7
蘇偉賢,第五班 - 2200米 - (40-0),0,7,1,0.0
蘇偉賢,第四班 - 1000米 - (60-40),1,28,3,3.6
蘇偉賢,第四班 - 1200米 - (60-40),18,178,42,10.1
蘇偉賢,第四班 - 1400米 - (60-40),13,95,29,13.7
蘇偉賢,第四班 - 1600米 - (60-40),0,16,0,0.0
蘇偉賢,第四班 - 1650米 - (60-40),2,55,11,3.6
蘇偉賢,第四班 - 1800米 - (60-35),0,1,1,0.0
蘇偉賢,第四班 - 1800米 - (60-40),0,18,7,0.0
蘇偉賢,第四班 - 2000米 - (60-40),0,6,1,0.0
蘇偉賢,第四班（條件限制） - 1200米 - (60-40),0,3,0,0.0
費伯華,一級賽 - 2000米,0,1,1,0.0
費伯華,一級賽 - 2400米,1,2,1,50.0
賀賢,一級賽 - 1200米,0,4,0,0.0
賀賢,一級賽 - 1400米,0,1,0,0.0
賀賢,一級賽 - 2000米,0,1,0,0.0
賀賢,三級賽 - 1000米,0,3,1,0.0
賀賢,三級賽 - 1200米,0,1,1,0.0
賀賢,三級賽 - 1400米,0,2,0,0.0
賀賢,三級賽 - 1600米,0,1,0,0.0
賀賢,三級賽 - 1800米,0,4,0,0.0
賀賢,二級賽 - 1200米,0,6,0,0.0
賀賢,二級賽 - 2000米,0,1,0,0.0
賀賢,新馬賽 - 1000米,1,1,1,100.0
賀賢,第一班 - 1200米 - (80+),0,1,0,0.0
賀賢,第一班 - 1200米 - (85+),0,2,0,0.0
賀賢,第一班 - 1400米 - (85+),0,1,0,0.0
賀賢,第一班 - 1650米 - (110-85),0,1,0,0.0
賀賢,第三班 - 1000米 - (80-60),1,20,6,5.0
賀賢,第三班 - 1000米 - (85-60),0,3,0,0.0
賀賢,第三班 - 1200米 - (80-55),0,3,0,0.0
賀賢,第三班 - 1200米 - (80-60),8,69,24,11.6
賀賢,第三班 - 1200米 - (85-60),1,7,3,14.3
賀賢,第三班 - 1400米 - (80-60),1,46,7,2.2
賀賢,第三班 - 1400米 - (85-60),0,2,0,0.0
賀賢,第三班 - 1600米 - (80-60),1,12,2,8.3
賀賢,第三班 - 1600米 - (85-60),0,2,1,0.0
賀賢,第三班 - 1650米 - (80-60),0,6,0,0.0
賀賢,第三班 - 1650米 - (85-60),1,6,1,16.7
賀賢,第三班 - 1800米 - (80-60),1,11,3,9.1
賀賢,第三班 - 1800米 - (85-60),0,2,0,0.0
賀賢,第三班 - 2000米 - (80-60),0,5,2,0.0
賀賢,第三班 - 2000米 - (85-60),0,5,0,0.0
賀賢,第三班 - 2200米 - (80-55),0,1,0,0.0
賀賢,第三班 - 2200米 - (80-60),0,1,1,0.0
賀賢,第三班 - 2200米 - (85-60),0,2,0,0.0
賀賢,第二班 - 1000米 - (105-80),0,2,1,0.0
賀賢,第二班 - 1200米 - (100-80),0,2,0,0.0
賀賢,第二班 - 1200米 - (105-80),0,5,0,0.0
賀賢,第二班 - 1400米 - (100-80),0,1,0,0.0
賀賢,第二班 - 1400米 - (105-80),0,1,0,0.0
賀賢,第二班 - 1600米 - (100-75),0,1,0,0.0
賀賢,第二班 - 1600米 - (105-80),0,1,0,0.0
賀賢,第二班 - 1800米 - (100-75),0,1,0,0.0
賀賢,第二班 - 1800米 - (100-80),0,1,0,0.0
賀賢,第二班 - 1800米 - (90-60),0,1,0,0.0
賀賢,第二班 - 2000米 - (100-75),0,1,0,0.0
賀賢,第五班 - 1000米 - (40-0),0,9,1,0.0
賀賢,第五班 - 1200米 - (40-0),4,44,13,9.1
賀賢,第五班 - 1400米 - (40-0),3,31,7,9.7
賀賢,第五班 - 1600米 - (40-0),1,11,2,9.1
賀賢,第五班 - 1650米 - (40-0),1,16,4,6.2
賀賢,第五班 - 1800米 - (40-0),1,14,3,7.1
賀賢,第五班 - 2000米 - (40-0),0,2,0,0.0
賀賢,第五班 - 2200米 - (40-0),0,4,2,0.0
賀賢,第四班 - 1000米 - (60-40),2,34,10,5.9
賀賢,第四班 - 1200米 - (60-40),11,186,49,5.9
賀賢,第四班 - 1400米 - (60-40),5,82,17,6.1
賀賢,第四班 - 1600米 - (60-40),2,23,4,8.7
賀賢,第四班 - 1650米 - (60-40),1,42,9,2.4
賀賢,第四班 - 1800米 - (60-40),2,17,6,11.8
賀賢,第四班 - 2000米 - (60-40),0,8,3,0.0
賀賢,第四班 - 2200米 - (60-35),1,3,2,33.3
賀賢,第四班 - 2200米 - (60-40),0,5,1,0.0
賀賢,第四班（條件限制） - 1200米 - (60-40),1,2,1,50.0
賀賢,第四班（條件限制） - 1400米 - (60-40),1,1,1,100.0
郗國思,一級賽 - 2400米,0,2,1,0.0
鄭俊偉,三級賽 - 1000米,0,1,0,0.0
鄭俊偉,三級賽 - 1200米,0,1,0,0.0
鄭俊偉,三級賽 - 1800米,0,1,0,0.0
鄭俊偉,新馬賽 - 1000米,0,3,2,0.0
鄭俊偉,新馬賽 - 1200米,0,3,1,0.0
鄭俊偉,第一班 - 1650米 - (110-85),0,1,0,0.0
鄭俊偉,第三班 - 1000米 - (80-55),0,1,1,0.0
鄭俊偉,第三班 - 1000米 - (80-60),3,15,5,20.0
鄭俊偉,第三班 - 1000米 - (85-60),0,2,1,0.0
鄭俊偉,第三班 - 1200米 - (80-60),4,59,17,6.8
鄭俊偉,第三班 - 1200米 - (85-60),1,7,1,14.3
鄭俊偉,第三班 - 1400米 - (80-60),1,35,4,2.9
鄭俊偉,第三班 - 1600米 - (80-60),1,14,1,7.1
鄭俊偉,第三班 - 1600米 - (85-60),0,1,0,0.0
鄭俊偉,第三班 - 1650米 - (80-60),0,12,0,0.0
鄭俊偉,第三班 - 1650米 - (85-60),0,4,0,0.0
鄭俊偉,第三班 - 1800米 - (80-60),0,4,1,0.0
鄭俊偉,第三班 - 1800米 - (85-60),0,1,0,0.0
鄭俊偉,第三班 - 2000米 - (80-60),0,1,0,0.0
鄭俊偉,第二班 - 1000米 - (105-75),0,1,1,0.0
鄭俊偉,第二班 - 1000米 - (105-80),0,1,0,0.0
鄭俊偉,第二班 - 1200米 - (100-75),0,2,1,0.0
鄭俊偉,第二班 - 1200米 - (100-80),0,7,2,0.0
鄭俊偉,第二班 - 1200米 - (105-80),1,4,1,25.0
鄭俊偉,第二班 - 1400米 - (100-75),0,2,0,0.0
鄭俊偉,第二班 - 1400米 - (100-80),0,1,0,0.0
鄭俊偉,第二班 - 1400米 - (90-70),0,1,0,0.0
鄭俊偉,第二班 - 1600米 - (100-75),0,1,0,0.0
鄭俊偉,第二班 - 1600米 - (100-80),0,2,0,0.0
鄭俊偉,第二班 - 1600米 - (105-80),0,1,0,0.0
鄭俊偉,第二班 - 1650米 - (100-80),1,3,1,33.3
鄭俊偉,第二班 - 1650米 - (105-80),0,1,0,0.0
鄭俊偉,第二班 - 1800米 - (90-60),0,1,1,0.0
鄭俊偉,第五班 - 1000米 - (40-0),1,13,1,7.7
鄭俊偉,第五班 - 1200米 - (40-0),5,50,10,10.0
鄭俊偉,第五班 - 1400米 - (40-0),0,22,2,0.0
鄭俊偉,第五班 - 1600米 - (40-0),2,14,5,14.3
鄭俊偉,第五班 - 1650米 - (40-0),0,31,2,0.0
鄭俊偉,第五班 - 1800米 - (40-0),0,21,2,0.0
鄭俊偉,第五班 - 2000米 - (40-0),0,4,1,0.0
鄭俊偉,第五班 - 2200米 - (40-0),0,4,1,0.0
鄭俊偉,第四班 - 1000米 - (60-40),1,28,5,3.6
鄭俊偉,第四班 - 1200米 - (60-40),7,132,28,5.3
鄭俊偉,第四班 - 1400米 - (60-40),1,49,5,2.0
鄭俊偉,第四班 - 1600米 - (60-40),1,15,2,6.7
鄭俊偉,第四班 - 1650米 - (60-40),3,48,9,6.2
鄭俊偉,第四班 - 1800米 - (60-40),1,19,3,5.3
鄭俊偉,第四班 - 2000米 - (60-40),0,1,0,0.0
鄭俊偉,第四班 - 2200米 - (60-40),0,1,0,0.0
鄭俊偉,第四班（條件限制） - 1200米 - (60-40),0,7,1,0.0
鄭俊偉,第四班（條件限制） - 1400米 - (60-40),0,2,0,0.0
雷拿及雷恩,一級賽 - 2000米,0,1,0,0.0
雷里雅,一級賽 - 1600米,0,1,0,0.0
韋達,三級賽 - 1000米,0,1,0,0.0
韋達,三級賽 - 1800米,0,1,0,0.0
韋達,二級賽 - 1200米,0,2,0,0.0
韋達,四歲 - 1600米,0,1,0,0.0
韋達,新馬賽 - 1000米,0,3,0,0.0
韋達,第一班 - 1000米 - (110-80),0,1,0,0.0
韋達,第一班 - 1200米 - (80+),0,1,0,0.0
韋達,第三班 - 1000米 - (80-55),0,1,0,0.0
韋達,第三班 - 1000米 - (80-60),4,38,10,10.5
韋達,第三班 - 1000米 - (85-60),1,6,2,16.7
韋達,第三班 - 1200米 - (80-55),0,6,1,0.0
韋達,第三班 - 1200米 - (80-60),3,80,14,3.8
韋達,第三班 - 1200米 - (85-60),0,2,0,0.0
韋達,第三班 - 1400米 - (80-60),1,32,3,3.1
韋達,第三班 - 1400米 - (85-60),0,2,1,0.0
韋達,第三班 - 1600米 - (80-60),1,22,5,4.5
韋達,第三班 - 1600米 - (85-60),0,3,0,0.0
韋達,第三班 - 1650米 - (80-55),0,1,0,0.0
韋達,第三班 - 1650米 - (80-60),0,25,7,0.0
韋達,第三班 - 1650米 - (85-60),0,2,0,0.0
韋達,第三班 - 1800米 - (80-60),0,5,0,0.0
韋達,第三班 - 1800米 - (85-60),0,3,0,0.0
韋達,第三班 - 2000米 - (80-60),0,1,0,0.0
韋達,第三班 - 2000米 - (85-60),0,2,0,0.0
韋達,第三班（條件限制） - 1600米 - (85-60),0,2,0,0.0
韋達,第二班 - 1000米 - (100-75),0,2,0,0.0
韋達,第二班 - 1000米 - (100-80),0,1,0,0.0
韋達,第二班 - 1000米 - (105-80),0,1,0,0.0
韋達,第二班 - 1000米 - (90-65),0,1,0,0.0
韋達,第二班 - 1200米 - (100-80),0,6,0,0.0
韋達,第二班 - 1200米 - (105-80),0,2,0,0.0
韋達,第二班 - 1400米 - (100-75),0,1,0,0.0
韋達,第二班 - 1400米 - (100-80),0,1,1,0.0
韋達,第二班 - 1400米 - (105-80),0,5,2,0.0
韋達,第二班 - 1600米 - (100-75),0,1,0,0.0
韋達,第二班 - 1600米 - (100-80),0,2,0,0.0
韋達,第二班 - 1600米 - (105-80),0,1,0,0.0
韋達,第二班 - 1650米 - (100-75),0,1,0,0.0
韋達,第二班 - 1650米 - (100-80),0,1,0,0.0
韋達,第二班 - 2000米 - (95-70),0,1,0,0.0
韋達,第五班 - 1000米 - (40-0),1,21,2,4.8
韋達,第五班 - 1200米 - (40-0),5,51,14,9.8
韋達,第五班 - 1400米 - (40-0),0,26,6,0.0
韋達,第五班 - 1600米 - (40-0),1,7,1,14.3
韋達,第五班 - 1650米 - (40-0),2,20,6,10.0
韋達,第五班 - 1800米 - (40-0),2,13,4,15.4
韋達,第五班 - 2000米 - (40-0),0,1,0,0.0
韋達,第五班 - 2200米 - (40-0),0,2,1,0.0
韋達,第四班 - 1000米 - (60-40),4,42,11,9.5
韋達,第四班 - 1200米 - (60-40),19,209,57,9.1
韋達,第四班 - 1400米 - (60-40),2,52,8,3.8
韋達,第四班 - 1600米 - (60-40),1,18,1,5.6
韋達,第四班 - 1650米 - (60-40),3,61,14,4.9
韋達,第四班 - 1800米 - (60-40),1,27,5,3.7
韋達,第四班 - 2000米 - (60-40),0,3,0,0.0
韋達,第四班 - 2200米 - (60-35),0,2,0,0.0
韋達,第四班 - 2200米 - (60-40),0,1,0,0.0
韋達,第四班（條件限制） - 1200米 - (60-40),0,5,0,0.0
韋達,第四班（條件限制） - 1400米 - (60-40),0,2,0,0.0
顧永賢,一級賽 - 2400米,0,1,0,0.0
馬晏殊,一級賽 - 2000米,0,1,0,0.0
馬漢雅,一級賽 - 1200米,0,1,0,0.0
高亮能,一級賽 - 1600米,0,1,0,0.0
高柳瑞樹,一級賽 - 1200米,0,1,0,0.0
高野友和,一級賽 - 1600米,0,2,0,0.0
鹿戶雄一,一級賽 - 1200米,0,1,0,0.0
黎昭昇,新馬賽 - 1000米,2,2,2,100.0
黎昭昇,第三班 - 1000米 - (80-55),1,2,1,50.0
黎昭昇,第三班 - 1000米 - (80-60),2,23,7,8.7
黎昭昇,第三班 - 1000米 - (85-60),0,1,0,0.0
黎昭昇,第三班 - 1200米 - (80-55),0,6,1,0.0
黎昭昇,第三班 - 1200米 - (80-60),8,79,17,10.1
黎昭昇,第三班 - 1200米 - (85-60),0,5,1,0.0
黎昭昇,第三班 - 1400米 - (80-60),0,13,0,0.0
黎昭昇,第三班 - 1600米 - (80-60),0,3,0,0.0
黎昭昇,第三班 - 1600米 - (85-60),0,1,0,0.0
黎昭昇,第三班 - 1650米 - (80-60),0,15,3,0.0
黎昭昇,第三班 - 1650米 - (85-60),0,2,1,0.0
黎昭昇,第二班 - 1200米 - (100-80),0,4,1,0.0
黎昭昇,第二班 - 1200米 - (105-80),0,1,0,0.0
黎昭昇,第五班 - 1000米 - (40-0),0,7,1,0.0
黎昭昇,第五班 - 1200米 - (40-0),1,31,3,3.2
黎昭昇,第五班 - 1400米 - (40-0),0,17,1,0.0
黎昭昇,第五班 - 1600米 - (40-0),0,9,2,0.0
黎昭昇,第五班 - 1650米 - (40-0),0,17,1,0.0
黎昭昇,第五班 - 1800米 - (40-0),0,7,2,0.0
黎昭昇,第五班 - 2000米 - (40-0),0,2,1,0.0
黎昭昇,第五班 - 2200米 - (40-0),0,4,1,0.0
黎昭昇,第四班 - 1000米 - (60-40),1,37,12,2.7
黎昭昇,第四班 - 1200米 - (60-40),18,201,52,9.0
黎昭昇,第四班 - 1400米 - (60-40),0,68,9,0.0
黎昭昇,第四班 - 1600米 - (60-40),3,21,7,14.3
黎昭昇,第四班 - 1650米 - (60-40),7,68,17,10.3
黎昭昇,第四班 - 1800米 - (60-40),0,11,1,0.0
黎昭昇,第四班 - 2000米 - (60-40),0,3,1,0.0
黎昭昇,第四班 - 2200米 - (60-35),0,5,1,0.0
黎昭昇,第四班 - 2200米 - (60-40),0,1,0,0.0
黎昭昇,第四班（條件限制） - 1200米 - (60-40),0,4,1,0.0
