meeting,race_no,miss_type,condition,condition_bucket,race_class_bucket,field_size,field_size_bucket,winner_name,winner_model_rank,winner_market_rank,winner_sp,market_signal_bucket,is_market_signal,top_delta_1,top_delta_1_value,top_delta_2,top_delta_2_value,top_over_1,top_over_1_value,top_over_2,top_over_2_value,winner_in_top6,top2_hits,top3_picks,actual_top3,tags
2025-08-02 Flemington Race 1-9,3,1-hit,Good 4,Good/Firm,BM58-70,16,Field 13+,De Bergerac,1,1,3.3,Favourite,True,race_shape,3.233333333333327,track,3.173333333333332,class_weight,-4.230000000000004,jockey_trainer,-2.8533333333333246,True,1,"[6] De Bergerac (名次 1, SP $3.30) | [15] She's Pretty Rich (名次 11, SP $26.00) | [10] Prevailed (名次 4, SP $19.00)","[6] De Bergerac (名次 1, SP $3.30) | [2] Capper Thirtynine (名次 2, SP $15.00) | [16] Riverina Power (名次 3, SP $26.00)",狀態與穩定性低估 | 段速與引擎低估 | 形勢與走位低估 | 場地適性低估 | 騎練訊號可能過信 | 頭馬仍在前六 | 市場頭號熱門失手
2025-08-02 Flemington Race 1-9,5,0-hit,Good 4,Good/Firm,BM72-84,12,Field 9-12,Vega Magnifico,10,7,21.0,Longer Odds,False,class_weight,4.403333333333329,,0.0,stability,-8.953333333333333,race_shape,-6.866666666666674,False,0,"[1] Aztec State (名次 5, SP $3.90) | [9] Paradise Storm (名次 10, SP $19.00) | [12] Catani Gardens (名次 7, SP $18.00)","[8] Vega Magnifico (名次 1, SP $21.00) | [14] Federer (名次 2, SP $2.40) | [18] Maisy (名次 3, SP $5.50)",級數與負重低估 | 段速與引擎可能過信 | 形勢與走位可能過信 | 騎練訊號可能過信 | 頭馬跌出前六
2025-08-02 Flemington Race 1-9,6,1-hit,Good 4,Good/Firm,BM88+,10,Field 9-12,Zou Sensation,2,1,2.3,Favourite,True,class_weight,2.1999999999999957,sectional,1.7166666666666544,race_shape,-3.066666666666663,track,-2.9866666666666646,True,1,"[9] Green Fly (名次 4, SP $15.00) | [8] Zou Sensation (名次 1, SP $2.30) | [4] Run Harry Run (名次 6, SP $5.00)","[8] Zou Sensation (名次 1, SP $2.30) | [7] Running By (名次 2, SP $13.00) | [6] Fortunate Kiss (名次 3, SP $11.00)",級數與負重低估 | 形勢與走位可能過信 | 頭馬仍在前六 | 市場頭號熱門失手
2025-08-02 Flemington Race 1-9,7,1-hit,Good 4,Good/Firm,Group 2/3,10,Field 9-12,King Of Roseau,4,2,3.4,Short SP<=4,True,sectional,4.766666666666666,class_weight,0.7366666666666646,jockey_trainer,-6.266666666666666,track,-5.693333333333335,True,1,"[9] Bossy Nic (名次 6, SP $19.00) | [2] Marble Nine (名次 3, SP $5.50) | [11] Splash Back (名次 5, SP $2.60)","[10] King Of Roseau (名次 1, SP $3.40) | [4] Bandi's Boy (名次 2, SP $31.00) | [2] Marble Nine (名次 3, SP $5.50)",段速與引擎低估 | 形勢與走位可能過信 | 騎練訊號可能過信 | 頭馬仍在前六 | 市場前列馬失手
2025-08-02 Flemington Race 1-9,8,0-hit,Good 4,Good/Firm,BM72-84,15,Field 13+,Too Darn Discreet,7,10,26.0,Longer Odds,False,track,8.10666666666667,jockey_trainer,3.7333333333333485,stability,-18.25999999999999,class_weight,-11.11999999999999,False,0,"[11] One Long Day (名次 10, SP $3.50) | [7] Whisky On The Hill (名次 8, SP $31.00) | [10] Black Storm (名次 7, SP $8.00)","[15] Too Darn Discreet (名次 1, SP $26.00) | [16] Farhh Flung (名次 2, SP $7.00) | [3] Hard To Cross (名次 3, SP $16.00)",騎練訊號低估 | 場地適性低估 | 段速與引擎可能過信 | 頭馬跌出前六
2025-08-02 Flemington Race 1-9,9,0-hit,Good 4,Good/Firm,BM58-70,13,Field 13+,Stylish,6,2,3.8,Short SP<=4,True,track,9.606666666666676,sectional,1.2600000000000051,class_weight,-11.299999999999997,jockey_trainer,-5.159999999999997,True,0,"[17] Eagle Express (名次 5, SP $13.00) | [9] Illyivy (名次 10, SP $6.50) | [5] Capricorn Star (名次 8, SP $31.00)","[1] Stylish (名次 1, SP $3.80) | [4] Terrestar (名次 2, SP $9.00) | [14] Impending Shadow (名次 3, SP $41.00)",場地適性低估 | 騎練訊號可能過信 | 頭馬仍在前六 | 市場前列馬失手
2025-08-23 Randwick Race 1-10,1,1-hit,Heavy 10,Heavy,BM58-70,13,Field 13+,Signor Tortoni,1,1,3.0,Favourite,True,track,6.86666666666666,jockey_trainer,6.573333333333338,class_weight,-8.556666666666665,sectional,-0.769999999999996,True,1,"[5] Signor Tortoni (名次 1, SP $3.00) | [11] Cryptonic (名次 8, SP $11.00) | [16] Close Encounter (名次 5, SP $16.00)","[5] Signor Tortoni (名次 1, SP $3.00) | [10] Apache Breeze (名次 2, SP $12.00) | [12] Divine Bene (名次 3, SP $4.40)",狀態與穩定性低估 | 騎練訊號低估 | 場地適性低估 | 賽績線低估 | 頭馬仍在前六 | 市場頭號熱門失手
2025-08-23 Randwick Race 1-10,2,1-hit,Heavy 10,Heavy,Other,15,Field 13+,Neil,7,4,11.0,Longer Odds,False,race_shape,3.0333333333333314,jockey_trainer,1.9599999999999937,class_weight,-7.153333333333336,track,-7.059999999999988,False,0,"[2] Exit Fee (名次 6, SP $3.70) | [4] Calido Magic (名次 5, SP $26.00) | [8] Xcessive Force (名次 2, SP $4.60)","[5] Neil (名次 1, SP $11.00) | [8] Xcessive Force (名次 2, SP $4.60) | [9] Beer Baron (名次 3, SP $20.00)",形勢與走位低估 | 頭馬跌出前六
2025-08-23 Randwick Race 1-10,3,1-hit,Heavy 10,Heavy,BM58-70,12,Field 9-12,Wuddzz,5,4,10.0,Longer Odds,False,track,8.559999999999995,class_weight,0.5600000000000023,stability,-5.393333333333331,form_line,-3.826666666666668,True,0,"[6] Piggyback (名次 4, SP $5.00) | [11] Stylebender (名次 9, SP $61.00) | [5] Bluestone (名次 3, SP $3.80)","[9] Wuddzz (名次 1, SP $10.00) | [4] Cormac T (名次 2, SP $19.00) | [5] Bluestone (名次 3, SP $3.80)",場地適性低估 | 段速與引擎可能過信 | 頭馬仍在前六
2025-08-23 Randwick Race 1-10,5,0-hit,Heavy 10,Heavy,Group 2/3,7,Field <=8,Nellie Leylax,6,2,5.5,Market Top3,True,class_weight,0.43333333333333,,0.0,stability,-8.213333333333338,jockey_trainer,-6.106666666666655,True,0,"[2] Saltcoats (名次 4, SP $1.70) | [5] Tajanis (名次 6, SP $12.00) | [9] Hasty Honey (名次 7, SP $8.00)","[7] Nellie Leylax (名次 1, SP $5.50) | [6] Belvedere Boys (名次 2, SP $9.00) | [10] Good Banter (名次 3, SP $12.00)",段速與引擎可能過信 | 騎練訊號可能過信 | 頭馬仍在前六 | 市場前列馬失手
2025-09-21 Flemington Race 1-8,1,1-hit,Good 4,Good/Firm,BM58-70,10,Field 9-12,Highland Bling,10,8,16.0,Longer Odds,False,track,2.233333333333327,race_shape,0.1666666666666714,stability,-18.300000000000004,form_line,-9.519999999999996,False,0,"[9] Thurmond (名次 6, SP $6.00) | [6] Guido (名次 4, SP $41.00) | [11] Haaland (名次 2, SP $14.00)","[7] Highland Bling (名次 1, SP $16.00) | [11] Haaland (名次 2, SP $14.00) | [4] Karburan (名次 3, SP $4.40)",場地適性低估 | 段速與引擎可能過信 | 騎練訊號可能過信 | 頭馬跌出前六
2025-09-21 Flemington Race 1-8,3,1-hit,Good 4,Good/Firm,BM58-70,7,Field <=8,She's A Hustler,1,1,2.4,Favourite,True,jockey_trainer,4.0533333333333275,race_shape,3.433333333333323,class_weight,-3.586666666666666,track,-2.200000000000003,True,1,"[2] She's A Hustler (名次 1, SP $2.40) | [8] Lake Vostok (名次 4, SP $8.50) | [10] Yachiyo (名次 7, SP $3.00)","[2] She's A Hustler (名次 1, SP $2.40) | [5] Morrissette (名次 2, SP $9.50) | [6] Brave Miss (名次 3, SP $20.00)",形勢與走位低估 | 騎練訊號低估 | 頭馬仍在前六 | 市場頭號熱門失手
2025-09-21 Flemington Race 1-8,4,1-hit,Good 4,Good/Firm,BM58-70,13,Field 13+,Gala Queen,9,2,3.7,Short SP<=4,True,class_weight,1.7066666666666634,sectional,0.6266666666666652,stability,-11.89333333333333,form_line,-6.439999999999998,False,1,"[14] Chest Of Gold (名次 3, SP $2.40) | [15] Heed The Omens (名次 11, SP $8.00) | [1] Vivideel (名次 10, SP $51.00)","[4] Gala Queen (名次 1, SP $3.70) | [5] Nearing Liberty (名次 2, SP $18.00) | [14] Chest Of Gold (名次 3, SP $2.40)",形勢與走位可能過信 | 騎練訊號可能過信 | 頭馬跌出前六 | 市場前列馬失手
2025-09-21 Flemington Race 1-8,6,1-hit,Good 4,Good/Firm,BM58-70,13,Field 13+,Per Sempre,7,8,21.0,Longer Odds,False,stability,4.006666666666675,form_line,2.893333333333331,track,-8.853333333333339,class_weight,-5.196666666666665,False,0,"[9] Jennyanydots (名次 4, SP $11.00) | [8] Yes Lulu (名次 6, SP $31.00) | [13] Mckeyla (名次 3, SP $8.50)","[15] Per Sempre (名次 1, SP $21.00) | [12] Sun Setting (名次 2, SP $2.90) | [13] Mckeyla (名次 3, SP $8.50)",狀態與穩定性低估 | 賽績線低估 | 形勢與走位可能過信 | 頭馬跌出前六
2025-09-21 Flemington Race 1-8,7,1-hit,Good 4,Good/Firm,Other,12,Field 9-12,Autumn Mystery,6,2,4.6,Market Top3,True,sectional,0.6866666666666674,,0.0,jockey_trainer,-6.520000000000003,class_weight,-2.86666666666666,True,1,"[3] Options (名次 3, SP $3.10) | [6] Super Paradise (名次 12, SP $101.00) | [4] Senjutsu (名次 10, SP $4.60)","[2] Autumn Mystery (名次 1, SP $4.60) | [1] Engine Of War (名次 2, SP $6.00) | [3] Options (名次 3, SP $3.10)",形勢與走位可能過信 | 騎練訊號可能過信 | 頭馬仍在前六 | 市場前列馬失手
2025-09-21 Flemington Race 1-8,8,1-hit,Good 4,Good/Firm,BM72-84,11,Field 9-12,He'll Rip,5,3,8.0,Market Top3,True,jockey_trainer,3.4266666666666623,sectional,2.1400000000000006,stability,-11.61999999999999,form_line,-6.066666666666677,True,1,"[4] Catoggio (名次 5, SP $15.00) | [10] Impending Link (名次 3, SP $5.50) | [12] Silver Magnate (名次 6, SP $1.65)","[9] He'll Rip (名次 1, SP $8.00) | [6] Freak Of Nature (名次 2, SP $41.00) | [10] Impending Link (名次 3, SP $5.50)",段速與引擎低估 | 騎練訊號低估 | 形勢與走位可能過信 | 頭馬仍在前六 | 市場前列馬失手
2025-10-04 Flemington Race 1-10,2,1-hit,Good 4,Good/Firm,Other,10,Field 9-12,Eurocanto,2,5,8.0,Longer Odds,False,sectional,0.3500000000000014,stability,0.13333333333333286,race_shape,-1.8666666666666742,jockey_trainer,-0.4933333333333252,True,1,"[4] Knightsbridge (名次 5, SP $3.70) | [1] Eurocanto (名次 1, SP $8.00) | [8] Given The Extreme (名次 8, SP $51.00)","[1] Eurocanto (名次 1, SP $8.00) | [12] Streisand (名次 2, SP $5.50) | [9] One Day At A Time (名次 3, SP $4.00)",頭馬仍在前六
2025-10-04 Flemington Race 1-10,5,1-hit,Good 4,Good/Firm,Group 2/3,10,Field 9-12,Miraval Rose,1,2,4.8,Market Top3,True,stability,5.973333333333329,track,3.1466666666666683,class_weight,-2.65333333333335,,0.0,True,1,"[2] Miraval Rose (名次 1, SP $4.80) | [9] Movin Out (名次 9, SP $13.00) | [7] Roll On High (名次 7, SP $11.00)","[2] Miraval Rose (名次 1, SP $4.80) | [10] Tuileries (名次 2, SP $13.00) | [4] On Display (名次 3, SP $2.35)",狀態與穩定性低估 | 形勢與走位低估 | 騎練訊號低估 | 場地適性低估 | 賽績線低估 | 頭馬仍在前六 | 市場前列馬失手
2025-10-04 Flemington Race 1-10,6,1-hit,Good 4,Good/Firm,Group 2/3,9,Field 9-12,Mcgaw,7,8,15.0,Longer Odds,False,,0.0,,0.0,class_weight,-9.800000000000004,race_shape,-6.29999999999999,False,0,"[3] Jimmy Recard (名次 6, SP $12.00) | [9] Inkaruna (名次 7, SP $9.00) | [1] Tentyris (名次 3, SP $7.50)","[7] Mcgaw (名次 1, SP $15.00) | [8] My Gladiola (名次 2, SP $4.00) | [1] Tentyris (名次 3, SP $7.50)",形勢與走位可能過信 | 頭馬跌出前六
2025-10-04 Flemington Race 1-10,7,0-hit,Good 4,Good/Firm,Group 2/3,16,Field 13+,Valiant King,11,14,61.0,Longer Odds,False,class_weight,8.67666666666667,,0.0,stability,-20.08,track,-18.086666666666666,False,0,"[12] Mormona (名次 14, SP $14.00) | [9] Sayedaty Sadaty (名次 12, SP $19.00) | [2] Revelare (名次 7, SP $5.00)","[14] Valiant King (名次 1, SP $61.00) | [10] Torranzino (名次 2, SP $71.00) | [15] Gilded Water (名次 3, SP $2.15)",級數與負重低估 | 形勢與走位可能過信 | 頭馬跌出前六
2025-10-04 Flemington Race 1-10,8,1-hit,Good 4,Good/Firm,Group 1,14,Field 13+,Sir Delius,5,3,7.0,Market Top3,True,sectional,1.9099999999999966,,0.0,race_shape,-9.566666666666656,class_weight,-7.109999999999992,True,1,"[4] Via Sistina (名次 3, SP $2.60) | [7] Aeliana (名次 5, SP $3.70) | [6] Half Yours (名次 4, SP $10.00)","[3] Sir Delius (名次 1, SP $7.00) | [1] Antino (名次 2, SP $9.50) | [4] Via Sistina (名次 3, SP $2.60)",形勢與走位可能過信 | 騎練訊號可能過信 | 頭馬仍在前六 | 市場前列馬失手
2025-10-04 Flemington Race 1-10,9,1-hit,Good 4,Good/Firm,Group 2/3,15,Field 13+,War Machine,5,1,2.9,Favourite,True,jockey_trainer,5.68,sectional,3.1099999999999994,race_shape,-13.699999999999996,track,-11.313333333333333,True,1,"[17] La Fracas (名次 4, SP $8.50) | [15] Bridal Waltz (名次 2, SP $14.00) | [10] Steparty (名次 8, SP $41.00)","[1] War Machine (名次 1, SP $2.90) | [15] Bridal Waltz (名次 2, SP $14.00) | [13] Star Patrol (名次 3, SP $5.00)",段速與引擎低估 | 騎練訊號低估 | 形勢與走位可能過信 | 頭馬仍在前六 | 市場頭號熱門失手
2025-10-04 Randwick Race 1-10,1,0-hit,Good 4,Good/Firm,BM58-70,12,Field 9-12,Agita,4,2,6.0,Market Top3,True,class_weight,2.4766666666666666,sectional,1.8066666666666578,track,-6.960000000000001,stability,-6.9266666666666765,True,0,"[6] Sunset Park (名次 5, SP $6.00) | [5] Dr Evil (名次 7, SP $26.00) | [12] Magic Pharoah (名次 4, SP $26.00)","[9] Agita (名次 1, SP $6.00) | [1] Harlow Mist (名次 2, SP $8.00) | [8] Highborn Harry (名次 3, SP $7.00)",級數與負重低估 | 形勢與走位可能過信 | 騎練訊號可能過信 | 頭馬仍在前六 | 市場前列馬失手
2025-10-04 Randwick Race 1-10,2,1-hit,Good 4,Good/Firm,Group 2/3,8,Field <=8,Incognito,1,3,5.0,Market Top3,True,jockey_trainer,1.9066666666666663,,0.0,race_shape,-0.46666666666666146,sectional,-0.09999999999999432,True,1,"[6] Incognito (名次 1, SP $5.00) | [7] Paradoxium (名次 4, SP $9.50) | [2] Eviction Notice (名次 7, SP $3.30)","[6] Incognito (名次 1, SP $5.00) | [4] I'm Ya Huckleberry (名次 2, SP $2.70) | [8] Revengeance (名次 3, SP $8.50)",頭馬仍在前六 | 市場前列馬失手
2025-10-04 Randwick Race 1-10,3,1-hit,Good 4,Good/Firm,Group 2/3,11,Field 9-12,Shiki,3,1,3.8,Favourite,True,jockey_trainer,1.6000000000000085,sectional,0.09999999999999432,race_shape,-4.666666666666664,track,-7.105427357601002e-15,True,0,"[5] Home Invasion (名次 5, SP $5.50) | [11] The Wildling (名次 6, SP $14.00) | [10] Shiki (名次 1, SP $3.80)","[10] Shiki (名次 1, SP $3.80) | [9] Screen Icon (名次 2, SP $51.00) | [7] Masvingo (名次 3, SP $5.00)",形勢與走位可能過信 | 頭馬仍在前六 | 市場頭號熱門失手
2025-10-04 Randwick Race 1-10,4,1-hit,Good 4,Good/Firm,Other,10,Field 9-12,Attica,1,2,4.2,Market Top3,True,class_weight,8.373333333333335,jockey_trainer,6.400000000000006,race_shape,-3.63333333333334,track,-2.240000000000002,True,1,"[7] Attica (名次 1, SP $4.20) | [9] Cobra Club (名次 10, SP $15.00) | [8] Azarax (名次 9, SP $16.00)","[7] Attica (名次 1, SP $4.20) | [6] Ruination (名次 2, SP $6.50) | [3] Flying Orchid (名次 3, SP $12.00)",騎練訊號低估 | 級數與負重低估 | 形勢與走位可能過信 | 頭馬仍在前六 | 市場前列馬失手
2025-10-04 Randwick Race 1-10,5,1-hit,Good 4,Good/Firm,BM58-70,18,Field 13+,Perfumist,3,2,7.0,Market Top3,True,race_shape,6.733333333333334,track,6.7066666666666634,stability,-10.166666666666671,class_weight,-6.413333333333327,True,0,"[20] Polymnia (名次 5, SP $7.00) | [15] Glad You Think So (名次 13, SP $8.50) | [13] Perfumist (名次 1, SP $7.00)","[13] Perfumist (名次 1, SP $7.00) | [19] Idle Flyer (名次 2, SP $2.70) | [10] Time Quest (名次 3, SP $18.00)",形勢與走位低估 | 場地適性低估 | 頭馬仍在前六 | 市場前列馬失手
2025-10-04 Randwick Race 1-10,9,1-hit,Good 4,Good/Firm,Group 1,18,Field 13+,Royal Supremacy,9,3,7.5,Market Top3,True,sectional,2.9533333333333402,,0.0,stability,-10.373333333333349,race_shape,-6.9666666666666615,False,0,"[17] Travolta (名次 6, SP $9.00) | [12] Glory Daze (名次 13, SP $31.00) | [9] Soul Of Spain (名次 2, SP $4.80)","[13] Royal Supremacy (名次 1, SP $7.50) | [9] Soul Of Spain (名次 2, SP $4.80) | [18] Juja Kibo (名次 3, SP $19.00)",段速與引擎低估 | 形勢與走位可能過信 | 頭馬跌出前六 | 市場前列馬失手
2025-10-04 Randwick Race 1-10,10,0-hit,Good 4,Good/Firm,BM58-70,15,Field 13+,Disneck,9,1,4.4,Favourite,True,class_weight,4.106666666666662,sectional,1.3400000000000034,stability,-10.62666666666668,race_shape,-7.666666666666671,False,0,"[1] Les Vampires (名次 14, SP $31.00) | [10] Kerguelen (名次 5, SP $5.00) | [7] Shangri La Spring (名次 7, SP $16.00)","[5] Disneck (名次 1, SP $4.40) | [6] Beauty Charge (名次 2, SP $41.00) | [12] Boston Rocks (名次 3, SP $21.00)",級數與負重低估 | 形勢與走位可能過信 | 頭馬跌出前六 | 市場頭號熱門失手
2025-11-01 Flemington Race 1-9,2,1-hit,Good 4,Good/Firm,Group 2/3,12,Field 9-12,Sheza Alibi,1,1,2.2,Favourite,True,race_shape,5.666666666666664,stability,5.026666666666657,jockey_trainer,-6.773333333333333,,0.0,True,1,"[4] Sheza Alibi (名次 1, SP $2.20) | [6] Chatterley (名次 6, SP $10.00) | [12] Miss Revealing (名次 5, SP $16.00)","[4] Sheza Alibi (名次 1, SP $2.20) | [9] Teine Aulelei (名次 2, SP $7.00) | [1] Icarian Dream (名次 3, SP $17.00)",狀態與穩定性低估 | 形勢與走位低估 | 騎練訊號可能過信 | 頭馬仍在前六 | 市場頭號熱門失手
2025-11-01 Flemington Race 1-9,3,0-hit,Good 4,Good/Firm,Group 2/3,13,Field 13+,Caballus,6,1,4.2,Favourite,True,track,4.786666666666676,sectional,2.25,class_weight,-16.93,stability,-3.4666666666666544,True,0,"[10] Hedged (名次 6, SP $5.00) | [4] Star Patrol (名次 11, SP $5.00) | [6] Ameena (名次 10, SP $21.00)","[5] Caballus (名次 1, SP $4.20) | [9] Geegees Mistruth (名次 2, SP $8.00) | [2] Bosustow (名次 3, SP $15.00)",段速與引擎低估 | 場地適性低估 | 騎練訊號可能過信 | 頭馬仍在前六 | 市場頭號熱門失手
2025-11-01 Flemington Race 1-9,7,1-hit,Good 4,Good/Firm,Group 1,16,Field 13+,Observer,2,1,2.45,Favourite,True,class_weight,9.68,jockey_trainer,1.2399999999999949,track,-2.219999999999999,race_shape,-0.43333333333333,True,1,"[14] Savisanta (名次 6, SP $21.00) | [1] Observer (名次 1, SP $2.45) | [4] Miewa (名次 7, SP $17.00)","[1] Observer (名次 1, SP $2.45) | [8] Arcora (名次 2, SP $61.00) | [16] Deal Done Fast (名次 3, SP $31.00)",級數與負重低估 | 頭馬仍在前六 | 市場頭號熱門失手
2025-11-01 Flemington Race 1-9,8,1-hit,Good 4,Good/Firm,Group 1,11,Field 9-12,Pride Of Jenni,8,3,4.8,Market Top3,True,track,5.04666666666666,jockey_trainer,4.986666666666665,class_weight,-12.54,stability,-7.6200000000000045,False,1,"[9] Splash Back (名次 8, SP $41.00) | [11] On Display (名次 3, SP $26.00) | [10] Idle Flyer (名次 11, SP $3.60)","[1] Pride Of Jenni (名次 1, SP $4.80) | [6] Leica Lucy (名次 2, SP $4.20) | [11] On Display (名次 3, SP $26.00)",形勢與走位低估 | 騎練訊號低估 | 場地適性低估 | 段速與引擎可能過信 | 頭馬跌出前六 | 市場前列馬失手
2025-11-01 Flemington Race 1-9,9,0-hit,Good 4,Good/Firm,Group 2/3,12,Field 9-12,New York Lustre,6,5,9.5,Longer Odds,False,class_weight,6.840000000000003,jockey_trainer,0.9599999999999937,race_shape,-10.76666666666668,track,-8.246666666666663,True,0,"[13] Soft Love (名次 7, SP $5.50) | [3] She's Bulletproof (名次 11, SP $5.00) | [5] Stretan Angel (名次 9, SP $7.00)","[10] New York Lustre (名次 1, SP $9.50) | [14] Flying For Fun (名次 2, SP $11.00) | [2] Arabian Summer (名次 3, SP $4.40)",級數與負重低估 | 形勢與走位可能過信 | 頭馬仍在前六
2025-11-01 Randwick Race 1-10,1,1-hit,Soft 7,Soft,BM72-84,7,Field <=8,Rotagilla,2,1,3.7,Favourite,True,track,5.259999999999998,class_weight,5.146666666666675,sectional,-3.0799999999999983,race_shape,-1.6333333333333329,True,1,"[5] Chicama (名次 6, SP $4.00) | [3] Rotagilla (名次 1, SP $3.70) | [8] Placid Pearl (名次 4, SP $15.00)","[3] Rotagilla (名次 1, SP $3.70) | [4] Strawberry Impact (名次 2, SP $3.70) | [1] Belle Detelle (名次 3, SP $8.50)",騎練訊號低估 | 級數與負重低估 | 場地適性低估 | 段速與引擎可能過信 | 頭馬仍在前六 | 市場頭號熱門失手
2025-11-01 Randwick Race 1-10,2,1-hit,Soft 7,Soft,Other,15,Field 13+,Lovewillcomelater,9,12,21.0,Longer Odds,False,race_shape,6.666666666666664,,0.0,class_weight,-16.42000000000001,stability,-9.753333333333345,False,0,"[8] Concoction (名次 10, SP $10.00) | [10] Lightning Speed (名次 15, SP $10.00) | [2] Pony Soprano (名次 3, SP $7.50)","[5] Lovewillcomelater (名次 1, SP $21.00) | [7] Kreon (名次 2, SP $9.50) | [2] Pony Soprano (名次 3, SP $7.50)",形勢與走位低估 | 段速與引擎可能過信 | 騎練訊號可能過信 | 頭馬跌出前六
2025-11-01 Randwick Race 1-10,3,1-hit,Soft 7,Soft,BM58-70,9,Field 9-12,Bravissima,6,8,41.0,Longer Odds,False,stability,1.5400000000000063,form_line,1.213333333333324,jockey_trainer,-9.839999999999996,track,-5.106666666666676,True,1,"[2] Yankee One (名次 5, SP $17.00) | [8] Transcend (名次 2, SP $3.00) | [3] Editing (名次 7, SP $8.50)","[9] Bravissima (名次 1, SP $41.00) | [8] Transcend (名次 2, SP $3.00) | [10] Miss Emma (名次 3, SP $101.00)",段速與引擎可能過信 | 騎練訊號可能過信 | 頭馬仍在前六
2025-11-01 Randwick Race 1-10,4,1-hit,Soft 7,Soft,BM58-70,18,Field 13+,Sonofdec,2,8,20.0,Longer Odds,False,sectional,1.6366666666666703,race_shape,1.1000000000000014,jockey_trainer,-4.719999999999999,stability,-2.453333333333319,True,1,"[10] Vetwelve (名次 18, SP $7.00) | [9] Sonofdec (名次 1, SP $20.00) | [16] Monkhana (名次 7, SP $26.00)","[9] Sonofdec (名次 1, SP $20.00) | [1] Meridiana (名次 2, SP $3.60) | [20] Philipsburg (名次 3, SP $71.00)",騎練訊號可能過信 | 頭馬仍在前六
2025-11-01 Randwick Race 1-10,7,1-hit,Soft 7,Soft,Other,15,Field 13+,Jimmysstar,3,1,2.5,Favourite,True,sectional,2.4599999999999937,,0.0,class_weight,-5.846666666666664,track,-4.666666666666671,True,0,"[4] Private Eye (名次 5, SP $8.00) | [14] With Your Blessing (名次 7, SP $41.00) | [2] Jimmysstar (名次 1, SP $2.50)","[2] Jimmysstar (名次 1, SP $2.50) | [12] Lady Shenandoah (名次 2, SP $6.50) | [13] Mazu (名次 3, SP $26.00)",段速與引擎低估 | 形勢與走位可能過信 | 騎練訊號可能過信 | 頭馬仍在前六 | 市場頭號熱門失手
2025-11-01 Randwick Race 1-10,8,1-hit,Soft 7,Soft,Other,16,Field 13+,Autumn Glow,2,1,1.75,Favourite,True,stability,4.513333333333335,jockey_trainer,2.306666666666672,class_weight,-6.2733333333333405,,0.0,True,1,"[6] Fully Lit (名次 11, SP $91.00) | [14] Autumn Glow (名次 1, SP $1.75) | [12] Panja Tower (名次 5, SP $8.00)","[14] Autumn Glow (名次 1, SP $1.75) | [4] Sepals (名次 2, SP $21.00) | [1] Evaporate (名次 3, SP $11.00)",狀態與穩定性低估 | 騎練訊號低估 | 頭馬仍在前六 | 市場頭號熱門失手
2025-11-01 Randwick Race 1-10,9,1-hit,Soft 7,Soft,Group 2/3,15,Field 13+,Wootton Verni,3,1,2.9,Favourite,True,jockey_trainer,3.799999999999997,sectional,0.10333333333332462,track,-8.93333333333333,race_shape,-4.800000000000004,True,0,"[4] Maison Louis (名次 12, SP $3.70) | [15] State Of America (名次 8, SP $31.00) | [6] Wootton Verni (名次 1, SP $2.90)","[6] Wootton Verni (名次 1, SP $2.90) | [10] Imperialist (名次 2, SP $5.50) | [8] Redstone Well (名次 3, SP $19.00)",騎練訊號低估 | 形勢與走位可能過信 | 頭馬仍在前六 | 市場頭號熱門失手
2025-11-01 Randwick Race 1-10,10,1-hit,Soft 7,Soft,BM58-70,11,Field 9-12,Midnight Dynamite,5,3,8.5,Market Top3,True,track,11.380000000000003,,0.0,stability,-8.180000000000007,form_line,-6.25333333333333,True,1,"[8] Polyglot (名次 4, SP $2.90) | [12] Verbil (名次 3, SP $16.00) | [7] Golden Straand (名次 5, SP $2.20)","[11] Midnight Dynamite (名次 1, SP $8.50) | [5] Bojangles (名次 2, SP $20.00) | [12] Verbil (名次 3, SP $16.00)",場地適性低估 | 段速與引擎可能過信 | 形勢與走位可能過信 | 頭馬仍在前六 | 市場前列馬失手
2025-11-04 Flemington Race 1-10,1,1-hit,Soft 6,Soft,Group 2/3,12,Field 9-12,Tornado Valley,2,2,5.0,Market Top3,True,form_line,4.86666666666666,stability,2.6466666666666754,class_weight,-0.8733333333333348,,0.0,True,1,"[1] Knurl (名次 10, SP $13.00) | [2] Tornado Valley (名次 1, SP $5.00) | [12] Saluki (名次 12, SP $16.00)","[2] Tornado Valley (名次 1, SP $5.00) | [7] Tales Of Time (名次 2, SP $18.00) | [11] Luna Vega (名次 3, SP $10.00)",狀態與穩定性低估 | 賽績線低估 | 頭馬仍在前六 | 市場前列馬失手
2025-11-04 Flemington Race 1-10,2,0-hit,Soft 6,Soft,BM72-84,13,Field 13+,Party Crasher,8,2,4.8,Market Top3,True,track,0.6133333333333297,,0.0,stability,-10.439999999999998,jockey_trainer,-10.000000000000007,False,0,"[14] Giggenbach (名次 8, SP $6.50) | [3] Makdane (名次 7, SP $3.20) | [7] Brave Miss (名次 4, SP $8.00)","[10] Party Crasher (名次 1, SP $4.80) | [5] Pittsburgh Pirate (名次 2, SP $26.00) | [20] Ghetto Supastar (名次 3, SP $11.00)",形勢與走位可能過信 | 騎練訊號可能過信 | 頭馬跌出前六 | 市場前列馬失手
2025-11-04 Flemington Race 1-10,3,1-hit,Soft 6,Soft,Other,15,Field 13+,Different Gravy,10,1,4.4,Favourite,True,track,1.5533333333333275,sectional,0.786666666666676,jockey_trainer,-13.879999999999988,class_weight,-10.560000000000002,False,0,"[10] Zentorno (名次 8, SP $41.00) | [8] Snitz Sonic (名次 7, SP $12.00) | [2] Obvious (名次 3, SP $10.00)","[4] Different Gravy (名次 1, SP $4.40) | [5] Brave Danza (名次 2, SP $31.00) | [2] Obvious (名次 3, SP $10.00)",形勢與走位可能過信 | 騎練訊號可能過信 | 頭馬跌出前六 | 市場頭號熱門失手
2025-11-04 Flemington Race 1-10,4,1-hit,Soft 6,Soft,Other,11,Field 9-12,Pallaton,1,1,3.1,Favourite,True,class_weight,8.24666666666667,race_shape,2.3333333333333286,stability,-2.653333333333336,track,-2.633333333333333,True,1,"[2] Pallaton (名次 1, SP $3.10) | [8] That'smoneybrother (名次 9, SP $14.00) | [12] Wintery (名次 6, SP $31.00)","[2] Pallaton (名次 1, SP $3.10) | [4] Street Artist (名次 2, SP $3.60) | [10] Vangogh Bankcheque (名次 3, SP $13.00)",形勢與走位低估 | 級數與負重低估 | 頭馬仍在前六 | 市場頭號熱門失手
2025-11-04 Flemington Race 1-10,5,1-hit,Soft 6,Soft,BM88+,17,Field 13+,Litzdeel,3,2,5.0,Market Top3,True,track,3.5400000000000063,class_weight,2.4266666666666623,jockey_trainer,-5.199999999999996,stability,-2.9066666666666663,True,0,"[17] Karburan (名次 7, SP $14.00) | [11] Raging Bull (名次 5, SP $10.00) | [9] Litzdeel (名次 1, SP $5.00)","[9] Litzdeel (名次 1, SP $5.00) | [3] Don Diego De Vega (名次 2, SP $6.00) | [13] Farag (名次 3, SP $101.00)",級數與負重低估 | 場地適性低估 | 騎練訊號可能過信 | 頭馬仍在前六 | 市場前列馬失手
2025-11-04 Flemington Race 1-10,6,0-hit,Soft 6,Soft,Maiden,9,Field 9-12,Kingswood,5,3,4.4,Market Top3,True,jockey_trainer,6.959999999999994,race_shape,4.300000000000004,stability,-10.053333333333327,class_weight,-7.719999999999999,True,0,"[13] Flying Valley (名次 9, SP $21.00) | [9] Garachico (名次 7, SP $41.00) | [6] Athanatos (名次 6, SP $4.20)","[3] Kingswood (名次 1, SP $4.40) | [5] Saint George (名次 2, SP $2.90) | [11] Shaiyhar (名次 3, SP $31.00)",形勢與走位低估 | 騎練訊號低估 | 頭馬仍在前六 | 市場前列馬失手
2025-11-04 Flemington Race 1-10,7,0-hit,Soft 6,Soft,Group 1,24,Field 13+,Half Yours,6,3,9.0,Market Top3,True,sectional,3.1600000000000037,jockey_trainer,3.146666666666661,track,-13.139999999999986,stability,-7.146666666666675,True,0,"[18] Parchment Party (名次 20, SP $61.00) | [24] Valiant King (名次 16, SP $9.00) | [2] Buckaroo (名次 24, SP $14.00)","[14] Half Yours (名次 1, SP $9.00) | [20] Goodie Two Shoes (名次 2, SP $41.00) | [7] Middle Earth (名次 3, SP $26.00)",段速與引擎低估 | 騎練訊號低估 | 形勢與走位可能過信 | 頭馬仍在前六 | 市場前列馬失手
2025-11-04 Flemington Race 1-10,8,1-hit,Soft 6,Soft,Other,15,Field 13+,Burma Star,4,6,10.0,Longer Odds,False,race_shape,5.166666666666671,class_weight,3.8166666666666558,jockey_trainer,-9.159999999999997,sectional,-3.030000000000001,True,0,"[4] Bacash (名次 10, SP $7.00) | [3] Grand Prairie (名次 9, SP $8.50) | [12] Tagline (名次 2, SP $41.00)","[8] Burma Star (名次 1, SP $10.00) | [12] Tagline (名次 2, SP $41.00) | [7] Ripley (名次 3, SP $5.00)",形勢與走位低估 | 級數與負重低估 | 段速與引擎可能過信 | 騎練訊號可能過信 | 頭馬仍在前六
2025-11-04 Flemington Race 1-10,9,0-hit,Soft 6,Soft,Group 2/3,13,Field 13+,Dance To The Boom,7,6,21.0,Longer Odds,False,jockey_trainer,1.9200000000000017,sectional,1.076666666666668,race_shape,-7.0333333333333385,track,-5.853333333333332,False,0,"[7] Electric Impulse (名次 11, SP $41.00) | [19] Perfect Picture (名次 9, SP $51.00) | [18] Kirribilli (名次 12, SP $61.00)","[3] Dance To The Boom (名次 1, SP $21.00) | [6] Roll On High (名次 2, SP $41.00) | [16] Jenni The Fox (名次 3, SP $31.00)",形勢與走位可能過信 | 頭馬跌出前六
2025-11-04 Randwick Race 1-10,3,1-hit,Heavy 8,Heavy,BM58-70,6,Field <=8,Carbonados,4,1,2.7,Favourite,True,jockey_trainer,4.946666666666658,sectional,1.5300000000000011,class_weight,-10.903333333333343,stability,-7.746666666666677,True,1,"[8] The Great Houdini (名次 5, SP $13.00) | [4] Midnight Opal (名次 3, SP $3.10) | [5] Money Team (名次 4, SP $3.80)","[6] Carbonados (名次 1, SP $2.70) | [9] Heuristic (名次 2, SP $9.00) | [4] Midnight Opal (名次 3, SP $3.10)",騎練訊號低估 | 形勢與走位可能過信 | 頭馬仍在前六 | 市場頭號熱門失手
2025-11-04 Randwick Race 1-10,6,0-hit,Heavy 8,Heavy,Other,12,Field 9-12,So You Pence,10,3,5.5,Market Top3,True,jockey_trainer,3.1200000000000045,,0.0,track,-12.920000000000002,race_shape,-8.866666666666653,False,0,"[2] Mogo Magic (名次 10, SP $8.50) | [1] Gallant Star (名次 4, SP $4.40) | [10] Chidiac (名次 5, SP $3.90)","[8] So You Pence (名次 1, SP $5.50) | [5] Lisztomania (名次 2, SP $6.50) | [11] Ticklebelly (名次 3, SP $9.50)",騎練訊號低估 | 形勢與走位可能過信 | 頭馬跌出前六 | 市場前列馬失手
2025-11-04 Randwick Race 1-10,7,1-hit,Heavy 8,Heavy,Other,15,Field 13+,Osipenko,7,1,5.0,Favourite,True,track,2.6000000000000014,,0.0,class_weight,-21.126666666666658,stability,-5.453333333333319,False,0,"[16] Tavros (名次 5, SP $5.50) | [2] Belvedere Boys (名次 9, SP $9.50) | [5] Hollywood Hero (名次 2, SP $5.50)","[1] Osipenko (名次 1, SP $5.00) | [5] Hollywood Hero (名次 2, SP $5.50) | [17] Anythink Goes (名次 3, SP $17.00)",場地適性低估 | 形勢與走位可能過信 | 頭馬跌出前六 | 市場頭號熱門失手
2025-11-04 Randwick Race 1-10,9,1-hit,Heavy 8,Heavy,BM58-70,7,Field <=8,Magnatear,2,5,10.0,Longer Odds,False,jockey_trainer,4.039999999999992,class_weight,3.403333333333329,track,-2.5600000000000023,race_shape,-2.133333333333333,True,1,"[6] Well Timed (名次 5, SP $2.25) | [3] Magnatear (名次 1, SP $10.00) | [14] Belleistic Kids (名次 6, SP $21.00)","[3] Magnatear (名次 1, SP $10.00) | [7] Rock Empire (名次 2, SP $3.30) | [2] Kintyre (名次 3, SP $9.50)",騎練訊號低估 | 級數與負重低估 | 形勢與走位可能過信 | 頭馬仍在前六
2025-11-04 Randwick Race 1-10,10,1-hit,Heavy 8,Heavy,BM58-70,9,Field 9-12,Sunrise,3,1,3.6,Favourite,True,,0.0,,0.0,stability,-5.200000000000003,race_shape,-3.1666666666666714,True,0,"[4] Bundeena (名次 4, SP $6.00) | [8] Durova (名次 6, SP $4.20) | [7] Sunrise (名次 1, SP $3.60)","[7] Sunrise (名次 1, SP $3.60) | [6] Power Of The Brave (名次 2, SP $19.00) | [10] Zaragoza (名次 3, SP $16.00)",形勢與走位可能過信 | 頭馬仍在前六 | 市場頭號熱門失手
2025-11-06 Flemington Race 1-9,1,1-hit,Good 4,Good/Firm,BM58-70,15,Field 13+,First Chorus,1,2,4.8,Market Top3,True,jockey_trainer,4.506666666666661,stability,4.053333333333342,race_shape,-6.166666666666671,track,-3.0266666666666637,True,1,"[11] First Chorus (名次 1, SP $4.80) | [18] Meet The Wife (名次 11, SP $101.00) | [5] Nursery Chime (名次 12, SP $21.00)","[11] First Chorus (名次 1, SP $4.80) | [12] Full Hao (名次 2, SP $3.70) | [8] I Only Wish (名次 3, SP $7.00)",狀態與穩定性低估 | 騎練訊號低估 | 賽績線低估 | 形勢與走位可能過信 | 頭馬仍在前六 | 市場前列馬失手
2025-11-06 Flemington Race 1-9,2,1-hit,Good 4,Good/Firm,BM88+,12,Field 9-12,Getafix,2,1,2.8,Favourite,True,jockey_trainer,4.106666666666669,sectional,0.8966666666666612,stability,-4.686666666666653,track,-3.786666666666669,True,1,"[12] Feeling Dusty (名次 6, SP $15.00) | [5] Getafix (名次 1, SP $2.80) | [2] Cloudland (名次 5, SP $5.50)","[5] Getafix (名次 1, SP $2.80) | [1] Statuario (名次 2, SP $11.00) | [10] Chakado (名次 3, SP $10.00)",騎練訊號低估 | 頭馬仍在前六 | 市場頭號熱門失手
2025-11-06 Flemington Race 1-9,3,1-hit,Good 4,Good/Firm,Other,9,Field 9-12,Verona Rose,6,2,3.9,Short SP<=4,True,class_weight,8.43333333333333,sectional,2.6466666666666683,stability,-17.04666666666666,form_line,-7.653333333333336,True,1,"[8] Enna's Dream (名次 7, SP $17.00) | [4] Keep Your Cool (名次 3, SP $3.40) | [9] Moonlight Circus (名次 6, SP $7.00)","[2] Verona Rose (名次 1, SP $3.90) | [7] Sweltering (名次 2, SP $9.00) | [4] Keep Your Cool (名次 3, SP $3.40)",段速與引擎低估 | 級數與負重低估 | 頭馬仍在前六 | 市場前列馬失手
2025-11-06 Flemington Race 1-9,5,1-hit,Good 4,Good/Firm,Maiden,11,Field 9-12,Apulia,1,4,8.5,Longer Odds,False,track,4.846666666666678,jockey_trainer,3.506666666666675,stability,-0.46000000000000796,,0.0,True,1,"[3] Apulia (名次 1, SP $8.50) | [6] Oh Too Good (名次 10, SP $6.00) | [4] El Rocko (名次 11, SP $26.00)","[3] Apulia (名次 1, SP $8.50) | [2] Detonator Jack (名次 2, SP $11.00) | [8] Poison Chalice (名次 3, SP $4.40)",段速與引擎低估 | 騎練訊號低估 | 場地適性低估 | 頭馬仍在前六
2025-11-06 Flemington Race 1-9,6,1-hit,Good 4,Good/Firm,BM72-84,16,Field 13+,Guerite,4,3,5.5,Market Top3,True,jockey_trainer,8.240000000000002,stability,2.36666666666666,track,-10.11333333333333,class_weight,-6.313333333333333,True,0,"[12] Fearless Writer (名次 9, SP $19.00) | [16] Meh Keffi (名次 14, SP $15.00) | [15] Lake Vostok (名次 3, SP $5.00)","[6] Guerite (名次 1, SP $5.50) | [10] Barbie'sdreamworld (名次 2, SP $21.00) | [15] Lake Vostok (名次 3, SP $5.00)",狀態與穩定性低估 | 騎練訊號低估 | 段速與引擎可能過信 | 形勢與走位可能過信 | 頭馬仍在前六 | 市場前列馬失手
2025-11-06 Flemington Race 1-9,7,1-hit,Good 4,Good/Firm,Group 2/3,16,Field 13+,Point Barrow,2,1,3.0,Favourite,True,jockey_trainer,3.0400000000000063,class_weight,2.306666666666665,race_shape,-3.8333333333333286,track,-2.7266666666666666,True,1,"[10] Surf's Up (名次 8, SP $6.00) | [7] Point Barrow (名次 1, SP $3.00) | [9] Akaysha (名次 4, SP $7.00)","[7] Point Barrow (名次 1, SP $3.00) | [1] Inkaruna (名次 2, SP $10.00) | [11] Miss Freelove (名次 3, SP $31.00)",騎練訊號低估 | 級數與負重低估 | 形勢與走位可能過信 | 頭馬仍在前六 | 市場頭號熱門失手
2025-11-06 Flemington Race 1-9,8,1-hit,Good 4,Good/Firm,Group 1,13,Field 13+,Strictly Business,5,2,7.5,Market Top3,True,jockey_trainer,8.453333333333333,sectional,2.51666666666668,stability,-8.346666666666664,race_shape,-8.033333333333331,True,0,"[1] Getta Good Feeling (名次 6, SP $1.80) | [4] Just A Journey (名次 11, SP $16.00) | [8] After Summer (名次 3, SP $31.00)","[7] Strictly Business (名次 1, SP $7.50) | [2] The Pearls (名次 2, SP $8.00) | [8] After Summer (名次 3, SP $31.00)",段速與引擎低估 | 騎練訊號低估 | 形勢與走位可能過信 | 頭馬仍在前六 | 市場前列馬失手
2025-11-08 Flemington Race 1-9,1,1-hit,Soft 6,Soft,Other,11,Field 9-12,Calamari Ring,5,2,5.5,Market Top3,True,jockey_trainer,0.826666666666668,,0.0,form_line,-14.959999999999994,stability,-10.833333333333329,True,1,"[6] Streisand (名次 2, SP $6.50) | [1] Blandford Baron (名次 7, SP $19.00) | [5] Free Flying (名次 10, SP $5.50)","[9] Calamari Ring (名次 1, SP $5.50) | [6] Streisand (名次 2, SP $6.50) | [2] Bohemian Rhapsody (名次 3, SP $7.00)",段速與引擎可能過信 | 形勢與走位可能過信 | 頭馬仍在前六 | 市場前列馬失手
2025-11-08 Flemington Race 1-9,2,1-hit,Soft 6,Soft,BM58-70,14,Field 13+,Sabaj,11,1,2.8,Favourite,True,jockey_trainer,2.0533333333333275,sectional,1.7433333333333252,class_weight,-15.536666666666669,race_shape,-5.833333333333336,False,1,"[13] He'll Rip (名次 2, SP $11.00) | [16] Morning Darling (名次 12, SP $101.00) | [3] Vega Magnifico (名次 14, SP $71.00)","[2] Sabaj (名次 1, SP $2.80) | [13] He'll Rip (名次 2, SP $11.00) | [15] Mary Eliza (名次 3, SP $17.00)",騎練訊號低估 | 形勢與走位可能過信 | 頭馬跌出前六 | 市場頭號熱門失手
2025-11-08 Flemington Race 1-9,3,1-hit,Soft 6,Soft,Other,9,Field 9-12,Need Some Luck,4,3,7.0,Market Top3,True,form_line,1.2133333333333383,sectional,1.0666666666666629,track,-5.899999999999999,class_weight,-5.249999999999993,True,0,"[3] King Of Roseau (名次 4, SP $9.00) | [4] Disneck (名次 8, SP $10.00) | [13] De Bergerac (名次 2, SP $7.50)","[6] Need Some Luck (名次 1, SP $7.00) | [13] De Bergerac (名次 2, SP $7.50) | [15] Big Swinger (名次 3, SP $2.90)",形勢與走位可能過信 | 騎練訊號可能過信 | 頭馬仍在前六 | 市場前列馬失手
2025-11-08 Flemington Race 1-9,5,1-hit,Soft 6,Soft,Group 2/3,11,Field 9-12,Whisky On The Hill,4,3,6.5,Market Top3,True,form_line,0.9333333333333229,jockey_trainer,0.3999999999999915,race_shape,-9.666666666666671,track,-9.486666666666672,True,1,"[3] Sayedaty Sadaty (名次 10, SP $8.00) | [4] Etna Rosso (名次 2, SP $7.00) | [2] Berkeley Square (名次 5, SP $6.00)","[12] Whisky On The Hill (名次 1, SP $6.50) | [4] Etna Rosso (名次 2, SP $7.00) | [5] Golden Snap (名次 3, SP $17.00)",段速與引擎可能過信 | 形勢與走位可能過信 | 頭馬仍在前六 | 市場前列馬失手
2025-11-08 Flemington Race 1-9,7,1-hit,Soft 6,Soft,Group 1,9,Field 9-12,Ceolwulf,6,3,5.0,Market Top3,True,,0.0,,0.0,track,-12.586666666666659,race_shape,-10.633333333333333,True,1,"[8] Stefi Magnetica (名次 3, SP $11.00) | [9] Treasurethe Moment (名次 4, SP $5.00) | [7] Pride Of Jenni (名次 8, SP $4.80)","[2] Ceolwulf (名次 1, SP $5.00) | [3] Pericles (名次 2, SP $19.00) | [8] Stefi Magnetica (名次 3, SP $11.00)",形勢與走位可能過信 | 騎練訊號可能過信 | 頭馬仍在前六 | 市場前列馬失手
2025-12-13 Randwick Race 1-10,2,1-hit,Soft 5,Soft,Other,18,Field 13+,Massira,13,5,11.0,Longer Odds,False,track,0.026666666666656624,,0.0,class_weight,-10.783333333333331,stability,-10.333333333333343,False,1,"[11] Joiselle (名次 3, SP $16.00) | [17] Lady Olenna (名次 5, SP $4.20) | [5] King Larry (名次 11, SP $41.00)","[1] Massira (名次 1, SP $11.00) | [9] Chemtrail (名次 2, SP $41.00) | [11] Joiselle (名次 3, SP $16.00)",段速與引擎可能過信 | 形勢與走位可能過信 | 頭馬跌出前六
2025-12-13 Randwick Race 1-10,5,1-hit,Soft 5,Soft,Other,9,Field 9-12,Where's The Circus,7,7,51.0,Longer Odds,False,,0.0,,0.0,form_line,-8.706666666666663,jockey_trainer,-5.813333333333333,False,1,"[1] Bohemian Rhapsody (名次 8, SP $2.70) | [3] Internal Affairs (名次 2, SP $2.70) | [2] Elio (名次 4, SP $7.00)","[11] Where's The Circus (名次 1, SP $51.00) | [3] Internal Affairs (名次 2, SP $2.70) | [7] Regal Hustle (名次 3, SP $20.00)",段速與引擎可能過信 | 騎練訊號可能過信 | 頭馬跌出前六
2025-12-13 Randwick Race 1-10,6,0-hit,Soft 5,Soft,BM58-70,11,Field 9-12,Pocketing,8,4,10.0,Longer Odds,False,,0.0,,0.0,stability,-12.820000000000007,jockey_trainer,-8.97333333333333,False,0,"[9] Rotagilla (名次 4, SP $3.40) | [8] Mr Buster (名次 7, SP $7.50) | [14] Sosino (名次 10, SP $21.00)","[2] Pocketing (名次 1, SP $10.00) | [4] Sun God (名次 2, SP $2.60) | [10] Inquiring Minds (名次 3, SP $41.00)",段速與引擎可能過信 | 形勢與走位可能過信 | 騎練訊號可能過信 | 頭馬跌出前六
2025-12-13 Randwick Race 1-10,7,1-hit,Soft 5,Soft,Other,10,Field 9-12,Future History,1,2,5.0,Market Top3,True,race_shape,5.733333333333327,track,3.9733333333333363,sectional,-0.7199999999999918,,0.0,True,1,"[3] Future History (名次 1, SP $5.00) | [10] Hollywood Hero (名次 4, SP $3.20) | [12] Speycaster (名次 5, SP $9.00)","[3] Future History (名次 1, SP $5.00) | [1] Asterix (名次 2, SP $7.00) | [4] Palmetto (名次 3, SP $13.00)",形勢與走位低估 | 騎練訊號低估 | 場地適性低估 | 頭馬仍在前六 | 市場前列馬失手
2025-12-13 Randwick Race 1-10,10,1-hit,Soft 5,Soft,BM58-70,11,Field 9-12,Theblade,2,1,2.7,Favourite,True,jockey_trainer,5.040000000000006,class_weight,0.703333333333326,sectional,-2.9166666666666785,race_shape,-2.133333333333333,True,1,"[17] Charleroi (名次 5, SP $6.50) | [12] Theblade (名次 1, SP $2.70) | [3] Yes Lulu (名次 11, SP $3.60)","[12] Theblade (名次 1, SP $2.70) | [4] Bojangles (名次 2, SP $14.00) | [5] Sly Boots (名次 3, SP $12.00)",騎練訊號低估 | 段速與引擎可能過信 | 形勢與走位可能過信 | 頭馬仍在前六 | 市場頭號熱門失手
2025-12-20 Randwick Race 1-10,2,1-hit,Good 4,Good/Firm,BM58-70,13,Field 13+,The Mona Lisa,4,2,5.5,Market Top3,True,race_shape,0.36666666666667425,jockey_trainer,0.07999999999998408,class_weight,-9.0,stability,-4.126666666666665,True,0,"[7] Highborn Harry (名次 9, SP $41.00) | [5] Oakfield Saturn (名次 4, SP $3.50) | [6] Perfect Justice (名次 2, SP $9.00)","[10] The Mona Lisa (名次 1, SP $5.50) | [6] Perfect Justice (名次 2, SP $9.00) | [11] Callistemon (名次 3, SP $16.00)",段速與引擎可能過信 | 頭馬仍在前六 | 市場前列馬失手
2025-12-20 Randwick Race 1-10,3,1-hit,Good 4,Good/Firm,Other,15,Field 13+,Navy Buoy,2,1,4.2,Favourite,True,class_weight,2.569999999999993,sectional,1.0833333333333286,track,-1.2399999999999949,race_shape,-1.2333333333333343,True,1,"[18] Gold Capital (名次 10, SP $11.00) | [9] Navy Buoy (名次 1, SP $4.20) | [10] Roses Imminente (名次 4, SP $8.50)","[9] Navy Buoy (名次 1, SP $4.20) | [4] Sacred Mistress (名次 2, SP $21.00) | [5] Off The Scale (名次 3, SP $12.00)",級數與負重低估 | 頭馬仍在前六 | 市場頭號熱門失手
2025-12-20 Randwick Race 1-10,4,0-hit,Good 4,Good/Firm,BM58-70,8,Field <=8,Plaintiff,8,1,2.8,Favourite,True,,0.0,,0.0,class_weight,-7.230000000000004,jockey_trainer,-5.039999999999992,False,0,"[2] Good Hotspur (名次 6, SP $18.00) | [6] Lancelot Du Lac (名次 4, SP $2.90) | [12] Philatelic (名次 7, SP $41.00)","[3] Plaintiff (名次 1, SP $2.80) | [13] Shady Road (名次 2, SP $9.00) | [11] Big Papa (名次 3, SP $6.00)",段速與引擎可能過信 | 形勢與走位可能過信 | 騎練訊號可能過信 | 頭馬跌出前六 | 市場頭號熱門失手
2025-12-20 Randwick Race 1-10,5,1-hit,Good 4,Good/Firm,BM58-70,10,Field 9-12,Willie Oppa,10,4,6.5,Longer Odds,False,,0.0,,0.0,stability,-14.466666666666683,form_line,-9.61333333333333,False,1,"[13] Tequisoda (名次 9, SP $5.50) | [1] Full Hao (名次 3, SP $5.50) | [6] Mortal Halo (名次 7, SP $3.30)","[10] Willie Oppa (名次 1, SP $6.50) | [9] Climb The Ladder (名次 2, SP $7.00) | [1] Full Hao (名次 3, SP $5.50)",段速與引擎可能過信 | 形勢與走位可能過信 | 頭馬跌出前六
2025-12-20 Randwick Race 1-10,6,0-hit,Good 4,Good/Firm,BM58-70,10,Field 9-12,Brave Call,5,2,4.2,Market Top3,True,jockey_trainer,3.3333333333333286,sectional,0.9533333333333402,track,-6.906666666666666,class_weight,-4.790000000000006,True,0,"[4] Bestower (名次 5, SP $3.40) | [1] Belle Detelle (名次 7, SP $7.00) | [11] Shadashi (名次 10, SP $41.00)","[2] Brave Call (名次 1, SP $4.20) | [3] King Pedro (名次 2, SP $4.20) | [9] War Ribbon (名次 3, SP $12.00)",騎練訊號低估 | 形勢與走位可能過信 | 頭馬仍在前六 | 市場前列馬失手
2025-12-20 Randwick Race 1-10,9,1-hit,Good 4,Good/Firm,BM58-70,10,Field 9-12,Amplify,6,8,21.0,Longer Odds,False,sectional,3.9966666666666697,jockey_trainer,1.0800000000000125,class_weight,-16.183333333333337,stability,-6.799999999999997,True,0,"[12] Virgil's Gift (名次 10, SP $3.60) | [10] Bella Corazon (名次 8, SP $11.00) | [11] Alabama Fox (名次 2, SP $2.30)","[6] Amplify (名次 1, SP $21.00) | [11] Alabama Fox (名次 2, SP $2.30) | [7] Maid Of Moolah (名次 3, SP $9.00)",段速與引擎低估 | 形勢與走位可能過信 | 頭馬仍在前六
2025-12-20 Randwick Race 1-10,10,1-hit,Good 4,Good/Firm,BM58-70,9,Field 9-12,Step Aside,3,6,12.0,Longer Odds,False,track,6.920000000000016,class_weight,0.8866666666666703,jockey_trainer,-4.026666666666657,stability,-2.453333333333333,True,0,"[9] Mafia (名次 4, SP $6.50) | [1] Elson Boy (名次 6, SP $31.00) | [3] Step Aside (名次 1, SP $12.00)","[3] Step Aside (名次 1, SP $12.00) | [2] Plundering (名次 2, SP $5.50) | [12] Alabama State (名次 3, SP $5.50)",場地適性低估 | 騎練訊號可能過信 | 頭馬仍在前六
2025-12-26 Randwick Race 1-8,1,1-hit,Good 4,Good/Firm,Maiden,10,Field 9-12,Man Of Worth,1,1,2.3,Favourite,True,stability,4.11999999999999,race_shape,3.3000000000000043,jockey_trainer,-1.039999999999992,,0.0,True,1,"[2] Man Of Worth (名次 1, SP $2.30) | [1] Cathedral Cove (名次 4, SP $21.00) | [13] Toussaint (名次 5, SP $6.50)","[2] Man Of Worth (名次 1, SP $2.30) | [12] Saveur (名次 2, SP $31.00) | [5] Konsa (名次 3, SP $2.70)",狀態與穩定性低估 | 形勢與走位低估 | 級數與負重低估 | 賽績線低估 | 頭馬仍在前六 | 市場頭號熱門失手
2025-12-26 Randwick Race 1-8,2,0-hit,Good 4,Good/Firm,Maiden,12,Field 9-12,Performance,4,2,5.5,Market Top3,True,class_weight,3.0500000000000114,,0.0,jockey_trainer,-7.733333333333327,race_shape,-5.333333333333329,True,0,"[13] Snitzel Miss (名次 6, SP $3.00) | [5] Makhachev (名次 7, SP $7.00) | [8] Conical Net (名次 11, SP $17.00)","[12] Performance (名次 1, SP $5.50) | [11] Miss Supernova (名次 2, SP $8.50) | [15] Bottles Of Shells (名次 3, SP $11.00)",級數與負重低估 | 形勢與走位可能過信 | 騎練訊號可能過信 | 頭馬仍在前六 | 市場前列馬失手
2025-12-26 Randwick Race 1-8,3,1-hit,Good 4,Good/Firm,Maiden,14,Field 13+,Cellarmaster,9,1,4.0,Favourite,True,jockey_trainer,6.679999999999993,track,1.2333333333333343,stability,-9.980000000000004,class_weight,-8.403333333333336,False,0,"[8] Pink Persuasion (名次 9, SP $14.00) | [19] Aquilino (名次 13, SP $151.00) | [14] You Sexy Thing (名次 3, SP $5.50)","[6] Cellarmaster (名次 1, SP $4.00) | [3] Green Spring (名次 2, SP $7.00) | [14] You Sexy Thing (名次 3, SP $5.50)",騎練訊號低估 | 段速與引擎可能過信 | 頭馬跌出前六 | 市場頭號熱門失手
2025-12-26 Randwick Race 1-8,7,1-hit,Good 4,Good/Firm,Group 2/3,9,Field 9-12,Tavi Time,6,3,4.8,Market Top3,True,race_shape,2.9666666666666686,track,2.4733333333333434,class_weight,-12.583333333333329,stability,-9.620000000000005,True,1,"[1] Estadio Mestalla (名次 2, SP $4.80) | [3] Major Beel (名次 6, SP $6.50) | [7] Shangri La Spring (名次 5, SP $3.20)","[5] Tavi Time (名次 1, SP $4.80) | [1] Estadio Mestalla (名次 2, SP $4.80) | [4] Unspoken (名次 3, SP $7.00)",段速與引擎低估 | 形勢與走位低估 | 場地適性低估 | 頭馬仍在前六 | 市場前列馬失手
2025-12-27 Randwick Race 1-10,2,1-hit,Good 4,Good/Firm,Other,14,Field 13+,Cougars,8,5,8.0,Longer Odds,False,,0.0,,0.0,stability,-10.26666666666668,race_shape,-9.5,False,1,"[8] Joiselle (名次 2, SP $4.60) | [7] Pensativa (名次 10, SP $26.00) | [6] Tapa Kick (名次 14, SP $81.00)","[10] Cougars (名次 1, SP $8.00) | [8] Joiselle (名次 2, SP $4.60) | [9] Satin Stiletto (名次 3, SP $5.00)",段速與引擎可能過信 | 形勢與走位可能過信 | 騎練訊號可能過信 | 頭馬跌出前六
2025-12-27 Randwick Race 1-10,5,1-hit,Good 4,Good/Firm,BM58-70,9,Field 9-12,Ice Kool,7,1,2.4,Favourite,True,track,0.3266666666666609,,0.0,jockey_trainer,-11.866666666666674,stability,-8.14,False,0,"[2] Columbia Blue (名次 6, SP $6.00) | [3] Petticoat (名次 5, SP $6.00) | [9] Big Red Tequila (名次 3, SP $5.50)","[12] Ice Kool (名次 1, SP $2.40) | [11] Southern Heiress (名次 2, SP $21.00) | [9] Big Red Tequila (名次 3, SP $5.50)",形勢與走位可能過信 | 騎練訊號可能過信 | 頭馬跌出前六 | 市場頭號熱門失手
2025-12-27 Randwick Race 1-10,6,1-hit,Good 4,Good/Firm,BM58-70,12,Field 9-12,Sly Boots,3,2,4.4,Market Top3,True,jockey_trainer,3.586666666666673,form_line,0.653333333333336,class_weight,-5.356666666666669,race_shape,-3.9666666666666686,True,0,"[9] Dances With Hooves (名次 7, SP $15.00) | [5] High Blue Sea (名次 11, SP $16.00) | [4] Sly Boots (名次 1, SP $4.40)","[4] Sly Boots (名次 1, SP $4.40) | [6] Sounds Unusual (名次 2, SP $11.00) | [11] Charleroi (名次 3, SP $3.90)",騎練訊號低估 | 形勢與走位可能過信 | 頭馬仍在前六 | 市場前列馬失手
2025-12-27 Randwick Race 1-10,8,1-hit,Good 4,Good/Firm,BM58-70,9,Field 9-12,Livin' Thing,3,2,3.5,Short SP<=4,True,class_weight,2.5133333333333354,jockey_trainer,2.240000000000009,track,-4.313333333333333,stability,-3.3133333333333326,True,0,"[2] Snack Bar (名次 7, SP $3.20) | [11] Inoue (名次 5, SP $51.00) | [6] Livin' Thing (名次 1, SP $3.50)","[6] Livin' Thing (名次 1, SP $3.50) | [1] Bundeena (名次 2, SP $41.00) | [13] Shelstein (名次 3, SP $8.00)",騎練訊號低估 | 級數與負重低估 | 頭馬仍在前六 | 市場前列馬失手
2025-12-27 Randwick Race 1-10,9,1-hit,Good 4,Good/Firm,BM58-70,11,Field 9-12,Unlimited,4,2,4.4,Market Top3,True,track,0.806666666666672,,0.0,stability,-7.686666666666653,form_line,-5.8799999999999955,True,0,"[14] Rotagilla (名次 6, SP $2.15) | [2] Newfoundland (名次 5, SP $20.00) | [15] Inquiring Minds (名次 2, SP $5.50)","[11] Unlimited (名次 1, SP $4.40) | [15] Inquiring Minds (名次 2, SP $5.50) | [3] Elliptical (名次 3, SP $9.50)",段速與引擎可能過信 | 形勢與走位可能過信 | 頭馬仍在前六 | 市場前列馬失手
2025-12-27 Randwick Race 1-10,10,1-hit,Good 4,Good/Firm,BM58-70,11,Field 9-12,Interjection,7,5,6.5,Longer Odds,False,track,6.426666666666669,race_shape,1.9666666666666615,stability,-14.39333333333333,form_line,-6.719999999999999,False,1,"[8] Frontex (名次 7, SP $8.00) | [2] Bartolf (名次 3, SP $3.90) | [11] Duvana (名次 6, SP $4.80)","[9] Interjection (名次 1, SP $6.50) | [4] Little Beginnings (名次 2, SP $101.00) | [2] Bartolf (名次 3, SP $3.90)",場地適性低估 | 騎練訊號可能過信 | 頭馬跌出前六
2025-12-31 Flemington Race 1-8,1,0-hit,Good 4,Good/Firm,Other,11,Field 9-12,Somewhere,9,2,4.4,Market Top3,True,class_weight,6.560000000000002,,0.0,stability,-11.900000000000006,form_line,-6.813333333333347,False,0,"[12] Vivacissimo (名次 4, SP $7.50) | [13] Thunder Hawk (名次 9, SP $9.00) | [5] Leg Drive (名次 10, SP $3.50)","[3] Somewhere (名次 1, SP $4.40) | [9] His Finest Hour (名次 2, SP $8.50) | [6] Make It Sweet (名次 3, SP $7.00)",級數與負重低估 | 形勢與走位可能過信 | 騎練訊號可能過信 | 頭馬跌出前六 | 市場前列馬失手
2025-12-31 Flemington Race 1-8,4,1-hit,Good 4,Good/Firm,Maiden,9,Field 9-12,Future History,2,1,3.2,Favourite,True,race_shape,2.9666666666666686,track,1.6933333333333351,class_weight,-5.913333333333334,jockey_trainer,-2.1466666666666683,True,1,"[3] Star Vega (名次 7, SP $4.00) | [1] Future History (名次 1, SP $3.20) | [8] Commander Harry (名次 8, SP $31.00)","[1] Future History (名次 1, SP $3.20) | [9] Wealdstone (名次 2, SP $31.00) | [2] Interpretation (名次 3, SP $6.00)",形勢與走位低估 | 騎練訊號可能過信 | 頭馬仍在前六 | 市場頭號熱門失手
2025-12-31 Flemington Race 1-8,5,1-hit,Good 4,Good/Firm,BM58-70,10,Field 9-12,Cavalry Girl,1,2,4.2,Market Top3,True,race_shape,6.033333333333331,track,2.460000000000001,form_line,-1.4933333333333252,jockey_trainer,-0.10666666666666913,True,1,"[10] Cavalry Girl (名次 1, SP $4.20) | [12] Wiltshire Square (名次 5, SP $14.00) | [2] One Hard Lady (名次 7, SP $7.00)","[10] Cavalry Girl (名次 1, SP $4.20) | [9] Mauna Kea Miss (名次 2, SP $17.00) | [6] Vain Champagne (名次 3, SP $8.50)",形勢與走位低估 | 場地適性低估 | 頭馬仍在前六 | 市場前列馬失手
2025-12-31 Flemington Race 1-8,7,0-hit,Good 4,Good/Firm,BM58-70,15,Field 13+,Egerton,6,1,5.0,Favourite,True,sectional,1.6000000000000085,,0.0,race_shape,-6.833333333333329,jockey_trainer,-4.106666666666669,True,0,"[6] Alero (名次 6, SP $7.00) | [12] Rose De Vellor (名次 8, SP $9.50) | [19] Tan Tat Delight (名次 11, SP $7.50)","[14] Egerton (名次 1, SP $5.00) | [17] Majesticity (名次 2, SP $41.00) | [13] Smart Little Miss (名次 3, SP $26.00)",形勢與走位可能過信 | 騎練訊號可能過信 | 頭馬仍在前六 | 市場頭號熱門失手
2025-12-31 Flemington Race 1-8,8,1-hit,Good 4,Good/Firm,BM58-70,15,Field 13+,Rue De Royale,11,2,5.0,Market Top3,True,track,3.393333333333331,race_shape,1.2000000000000028,class_weight,-17.820000000000007,jockey_trainer,-7.146666666666668,False,0,"[11] Hedonist (名次 4, SP $17.00) | [8] Podargoni (名次 9, SP $21.00) | [14] Immortal Star (名次 2, SP $10.00)","[1] Rue De Royale (名次 1, SP $5.00) | [14] Immortal Star (名次 2, SP $10.00) | [12] Shaime (名次 3, SP $4.80)",場地適性低估 | 騎練訊號可能過信 | 頭馬跌出前六 | 市場前列馬失手
2026-01-03 Randwick Race 1-10,2,1-hit,Soft 5,Soft,Other,14,Field 13+,Mount Bona,2,2,2.8,Short SP<=4,True,jockey_trainer,2.4799999999999898,race_shape,1.6000000000000085,class_weight,-2.4266666666666623,stability,-1.306666666666672,True,1,"[1] Navy Buoy (名次 6, SP $2.60) | [4] Mount Bona (名次 1, SP $2.80) | [7] Pride Of Jezza (名次 10, SP $26.00)","[4] Mount Bona (名次 1, SP $2.80) | [8] Snowy (名次 2, SP $15.00) | [19] Demi God (名次 3, SP $91.00)",騎練訊號低估 | 頭馬仍在前六 | 市場前列馬失手
2026-01-03 Randwick Race 1-10,3,1-hit,Soft 5,Soft,BM58-70,13,Field 13+,Everyone's A Star,6,11,31.0,Longer Odds,False,jockey_trainer,7.466666666666669,,0.0,race_shape,-5.9666666666666615,sectional,-3.9066666666666663,True,0,"[6] Clancy (名次 4, SP $4.60) | [5] Oakfield Badger (名次 13, SP $12.00) | [4] Zaragoza (名次 3, SP $3.90)","[11] Everyone's A Star (名次 1, SP $31.00) | [16] Spice Baby (名次 2, SP $3.60) | [4] Zaragoza (名次 3, SP $3.90)",騎練訊號低估 | 段速與引擎可能過信 | 形勢與走位可能過信 | 頭馬仍在前六
2026-01-03 Randwick Race 1-10,6,1-hit,Soft 5,Soft,BM58-70,12,Field 9-12,Miss Spacegirl,7,9,31.0,Longer Odds,False,,0.0,,0.0,class_weight,-4.780000000000008,stability,-4.333333333333329,False,1,"[11] Cinsault (名次 4, SP $2.80) | [14] Unleeshing (名次 3, SP $3.80) | [15] Mathrin (名次 10, SP $151.00)","[10] Miss Spacegirl (名次 1, SP $31.00) | [1] Yes Lulu (名次 2, SP $14.00) | [14] Unleeshing (名次 3, SP $3.80)",頭馬跌出前六
2026-01-03 Randwick Race 1-10,7,1-hit,Soft 5,Soft,BM58-70,8,Field <=8,Countyourblessings,7,5,8.5,Longer Odds,False,jockey_trainer,7.199999999999989,class_weight,5.803333333333335,stability,-16.69333333333332,track,-12.913333333333334,False,1,"[1] Magnatear (名次 4, SP $6.00) | [9] Dollar Magic (名次 2, SP $3.50) | [4] Goodlucktome (名次 8, SP $4.20)","[8] Countyourblessings (名次 1, SP $8.50) | [9] Dollar Magic (名次 2, SP $3.50) | [6] Junqueira (名次 3, SP $21.00)",騎練訊號低估 | 級數與負重低估 | 形勢與走位可能過信 | 頭馬跌出前六
2026-01-03 Randwick Race 1-10,8,1-hit,Soft 5,Soft,BM58-70,9,Field 9-12,Cool Jakey,3,1,2.45,Favourite,True,track,2.999999999999993,race_shape,0.19999999999999574,jockey_trainer,-2.933333333333337,class_weight,-2.6666666666666714,True,0,"[9] Sunshineinmypocket (名次 5, SP $3.40) | [2] Gold Bullion (名次 8, SP $51.00) | [1] Cool Jakey (名次 1, SP $2.45)","[1] Cool Jakey (名次 1, SP $2.45) | [10] Midnight Opal (名次 2, SP $9.50) | [3] Beauty Charge (名次 3, SP $11.00)",場地適性低估 | 騎練訊號可能過信 | 頭馬仍在前六 | 市場頭號熱門失手
2026-01-03 Randwick Race 1-10,10,1-hit,Soft 5,Soft,BM58-70,15,Field 13+,Placid Pearl,4,7,15.0,Longer Odds,False,race_shape,8.699999999999989,sectional,2.229999999999997,track,-6.2933333333333366,jockey_trainer,-6.239999999999995,True,0,"[9] Full Hao (名次 7, SP $5.00) | [6] Eclair Encore (名次 12, SP $8.50) | [14] Existential Bob (名次 2, SP $8.50)","[19] Placid Pearl (名次 1, SP $15.00) | [14] Existential Bob (名次 2, SP $8.50) | [15] Fay's Angels (名次 3, SP $41.00)",段速與引擎低估 | 形勢與走位低估 | 騎練訊號可能過信 | 頭馬仍在前六
2026-01-10 Flemington Race 1-10,2,1-hit,Good 4,Good/Firm,BM58-70,9,Field 9-12,Sun Gift,5,2,4.4,Market Top3,True,sectional,0.5433333333333366,,0.0,class_weight,-7.096666666666664,stability,-2.673333333333346,True,1,"[10] Wolfess (名次 7, SP $9.50) | [8] Trapalanda (名次 2, SP $2.35) | [1] Prince Eric (名次 6, SP $17.00)","[9] Sun Gift (名次 1, SP $4.40) | [8] Trapalanda (名次 2, SP $2.35) | [6] American Wolf (名次 3, SP $13.00)",頭馬仍在前六 | 市場前列馬失手
2026-01-10 Flemington Race 1-10,3,0-hit,Good 4,Good/Firm,Other,12,Field 9-12,Jenni The Ninja,9,3,5.5,Market Top3,True,jockey_trainer,3.3599999999999994,track,0.03333333333333144,stability,-8.75333333333333,class_weight,-7.593333333333334,False,0,"[7] Breakfast (名次 11, SP $101.00) | [4] She's My Ex (名次 4, SP $8.50) | [11] Seven Oceans (名次 8, SP $41.00)","[8] Jenni The Ninja (名次 1, SP $5.50) | [2] Military Tycoon (名次 2, SP $3.90) | [6] Conscience (名次 3, SP $6.00)",騎練訊號低估 | 形勢與走位可能過信 | 頭馬跌出前六 | 市場前列馬失手
2026-01-10 Flemington Race 1-10,4,1-hit,Good 4,Good/Firm,BM58-70,9,Field 9-12,Tarvue,9,6,13.0,Longer Odds,False,class_weight,2.9466666666666583,sectional,2.009999999999998,stability,-14.506666666666668,form_line,-6.906666666666666,False,1,"[2] Suntora (名次 3, SP $4.40) | [6] Real Alliance (名次 5, SP $26.00) | [4] Miss Playlounge (名次 7, SP $6.50)","[8] Tarvue (名次 1, SP $13.00) | [7] I Only Wish (名次 2, SP $5.50) | [2] Suntora (名次 3, SP $4.40)",段速與引擎低估 | 級數與負重低估 | 形勢與走位可能過信 | 騎練訊號可能過信 | 頭馬跌出前六
2026-01-10 Flemington Race 1-10,8,0-hit,Good 4,Good/Firm,Group 2/3,11,Field 9-12,Disneck,7,6,11.0,Longer Odds,False,,0.0,,0.0,track,-11.02666666666667,stability,-9.480000000000004,False,0,"[3] Aviatress (名次 4, SP $4.20) | [5] Hedged (名次 10, SP $2.90) | [9] Major Share (名次 7, SP $7.50)","[6] Disneck (名次 1, SP $11.00) | [10] Extratwo (名次 2, SP $41.00) | [11] Contemporary (名次 3, SP $101.00)",段速與引擎可能過信 | 形勢與走位可能過信 | 騎練訊號可能過信 | 頭馬跌出前六
2026-01-10 Flemington Race 1-10,9,1-hit,Good 4,Good/Firm,BM58-70,12,Field 9-12,Fission,11,10,31.0,Longer Odds,False,,0.0,,0.0,stability,-14.699999999999989,class_weight,-10.866666666666667,False,1,"[4] Inexorable (名次 9, SP $26.00) | [1] Rue De Royale (名次 3, SP $4.40) | [3] Mytemptation (名次 6, SP $9.00)","[5] Fission (名次 1, SP $31.00) | [6] Flying Mikki (名次 2, SP $41.00) | [1] Rue De Royale (名次 3, SP $4.40)",形勢與走位可能過信 | 頭馬跌出前六
2026-01-10 Flemington Race 1-10,10,0-hit,Good 4,Good/Firm,BM58-70,12,Field 9-12,Porter,7,3,7.0,Market Top3,True,jockey_trainer,0.47999999999998977,,0.0,track,-10.94666666666668,class_weight,-9.089999999999996,False,0,"[14] Legacy Bay (名次 5, SP $3.40) | [13] Hot Digity Boom (名次 4, SP $4.80) | [2] Narbold (名次 11, SP $11.00)","[4] Porter (名次 1, SP $7.00) | [11] Paradise City (名次 2, SP $9.50) | [3] Fear No Evil (名次 3, SP $11.00)",段速與引擎可能過信 | 形勢與走位可能過信 | 頭馬跌出前六 | 市場前列馬失手
2026-01-17 Flemington Race 1-10,2,0-hit,Good 4,Good/Firm,BM58-70,10,Field 9-12,Dictionary,9,8,15.0,Longer Odds,False,race_shape,1.3333333333333428,,0.0,stability,-10.086666666666659,class_weight,-6.533333333333331,False,0,"[7] Leonchroi (名次 5, SP $5.00) | [5] Scintillante (名次 7, SP $11.00) | [8] Hot Too Go (名次 6, SP $5.00)","[4] Dictionary (名次 1, SP $15.00) | [6] Tarvue (名次 2, SP $4.20) | [9] Navy Heart (名次 3, SP $10.00)",段速與引擎可能過信 | 騎練訊號可能過信 | 頭馬跌出前六
2026-01-17 Flemington Race 1-10,3,1-hit,Good 4,Good/Firm,Other,10,Field 9-12,Our Chief,3,1,2.25,Favourite,True,race_shape,3.8999999999999986,,0.0,jockey_trainer,-3.4666666666666615,class_weight,-3.079999999999991,True,0,"[2] Black Frost (名次 10, SP $31.00) | [1] Wrigley Field (名次 4, SP $5.50) | [3] Our Chief (名次 1, SP $2.25)","[3] Our Chief (名次 1, SP $2.25) | [5] Johnich (名次 2, SP $19.00) | [4] The Mean Fiddler (名次 3, SP $4.00)",形勢與走位低估 | 騎練訊號可能過信 | 頭馬仍在前六 | 市場頭號熱門失手
2026-01-17 Flemington Race 1-10,5,1-hit,Good 4,Good/Firm,BM58-70,9,Field 9-12,Thanks Gorgeous,4,6,16.0,Longer Odds,False,race_shape,5.333333333333336,,0.0,track,-6.213333333333324,stability,-4.579999999999998,True,1,"[5] Vain Champagne (名次 7, SP $8.50) | [6] Celerity (名次 2, SP $2.15) | [4] Egerton (名次 9, SP $4.60)","[9] Thanks Gorgeous (名次 1, SP $16.00) | [6] Celerity (名次 2, SP $2.15) | [1] Luna Cat (名次 3, SP $26.00)",形勢與走位低估 | 頭馬仍在前六
2026-01-17 Flemington Race 1-10,7,1-hit,Good 4,Good/Firm,BM58-70,12,Field 9-12,Immortal Star,3,1,4.4,Favourite,True,sectional,1.2566666666666606,,0.0,race_shape,-4.233333333333334,class_weight,-3.7933333333333437,True,0,"[3] Steel Move (名次 5, SP $11.00) | [7] Perilous Fighter (名次 7, SP $12.00) | [12] Immortal Star (名次 1, SP $4.40)","[12] Immortal Star (名次 1, SP $4.40) | [2] Celsius Star (名次 2, SP $18.00) | [8] Fission (名次 3, SP $8.00)",形勢與走位可能過信 | 頭馬仍在前六 | 市場頭號熱門失手
2026-01-17 Flemington Race 1-10,8,1-hit,Good 4,Good/Firm,BM58-70,12,Field 9-12,Saint George,3,1,2.4,Favourite,True,class_weight,7.083333333333329,form_line,0.7466666666666697,track,-5.4666666666666615,race_shape,-2.700000000000003,True,0,"[1] Berkeley Square (名次 10, SP $10.00) | [5] Precious Charm (名次 7, SP $14.00) | [2] Saint George (名次 1, SP $2.40)","[2] Saint George (名次 1, SP $2.40) | [10] Jenni's Meadow (名次 2, SP $12.00) | [12] Darkbonee (名次 3, SP $3.30)",級數與負重低估 | 段速與引擎可能過信 | 形勢與走位可能過信 | 頭馬仍在前六 | 市場頭號熱門失手
2026-01-17 Flemington Race 1-10,10,0-hit,Good 4,Good/Firm,BM58-70,10,Field 9-12,Sass Appeal,4,1,2.05,Favourite,True,track,3.1133333333333226,class_weight,2.153333333333343,stability,-6.986666666666665,form_line,-3.3599999999999994,True,0,"[1] Buccleuch (名次 6, SP $6.50) | [6] Itazura (名次 8, SP $16.00) | [7] Yes Maxi (名次 9, SP $41.00)","[8] Sass Appeal (名次 1, SP $2.05) | [4] The Volta (名次 2, SP $5.50) | [9] Eden Rose (名次 3, SP $101.00)",級數與負重低估 | 場地適性低估 | 騎練訊號可能過信 | 頭馬仍在前六 | 市場頭號熱門失手
2026-01-24 Randwick Race 1-10,1,1-hit,Good 4,Good/Firm,Other,9,Field 9-12,Satin Summer,3,4,6.0,Longer Odds,False,jockey_trainer,7.466666666666669,race_shape,2.933333333333337,form_line,-8.053333333333327,stability,-2.6399999999999935,True,0,"[4] Oh Yes She Did (名次 8, SP $12.00) | [3] Gold Globe (名次 5, SP $81.00) | [10] Satin Summer (名次 1, SP $6.00)","[10] Satin Summer (名次 1, SP $6.00) | [2] Zambales (名次 2, SP $3.60) | [6] Ciaron's Star (名次 3, SP $7.50)",形勢與走位低估 | 騎練訊號低估 | 頭馬仍在前六
2026-01-24 Randwick Race 1-10,2,1-hit,Good 4,Good/Firm,BM58-70,10,Field 9-12,Promitto,6,6,8.0,Longer Odds,False,track,4.3600000000000065,race_shape,1.4333333333333371,class_weight,-11.61666666666666,stability,-10.486666666666672,True,0,"[15] Channelling (名次 9, SP $12.00) | [7] Artful Persuasion (名次 7, SP $4.80) | [9] Kingston Charm (名次 2, SP $6.00)","[2] Promitto (名次 1, SP $8.00) | [9] Kingston Charm (名次 2, SP $6.00) | [1] Walking Painting (名次 3, SP $7.00)",場地適性低估 | 頭馬仍在前六
2026-01-24 Randwick Race 1-10,3,0-hit,Good 4,Good/Firm,Other,14,Field 13+,Kingdom Undersiege,8,2,4.2,Market Top3,True,race_shape,3.866666666666653,,0.0,track,-7.506666666666675,stability,-6.260000000000005,False,0,"[13] Nova Centauri (名次 12, SP $20.00) | [5] Joiselle (名次 11, SP $9.00) | [12] Navy Steel (名次 7, SP $31.00)","[10] Kingdom Undersiege (名次 1, SP $4.20) | [7] Satin Stiletto (名次 2, SP $3.40) | [6] Martini Mumma (名次 3, SP $18.00)",形勢與走位低估 | 騎練訊號可能過信 | 頭馬跌出前六 | 市場前列馬失手
2026-01-24 Randwick Race 1-10,4,1-hit,Good 4,Good/Firm,BM58-70,9,Field 9-12,Cinsault,2,1,2.6,Favourite,True,jockey_trainer,5.306666666666672,stability,2.760000000000005,class_weight,-8.366666666666667,,0.0,True,1,"[8] Bella Corazon (名次 4, SP $4.80) | [5] Cinsault (名次 1, SP $2.60) | [6] Sister Daae (名次 7, SP $6.50)","[5] Cinsault (名次 1, SP $2.60) | [10] Pillow Fight (名次 2, SP $31.00) | [1] Pretty Powerful (名次 3, SP $5.50)",狀態與穩定性低估 | 段速與引擎低估 | 騎練訊號低估 | 頭馬仍在前六 | 市場頭號熱門失手
2026-01-24 Randwick Race 1-10,5,1-hit,Good 4,Good/Firm,BM58-70,7,Field <=8,Furious,7,4,9.0,Longer Odds,False,jockey_trainer,6.093333333333341,,0.0,stability,-12.966666666666669,class_weight,-9.513333333333335,False,0,"[11] Trapalanda (名次 6, SP $2.90) | [9] Fay's Angels (名次 5, SP $19.00) | [6] Sounds Unusual (名次 3, SP $2.60)","[8] Furious (名次 1, SP $9.00) | [1] Townsend (名次 2, SP $4.80) | [6] Sounds Unusual (名次 3, SP $2.60)",騎練訊號低估 | 段速與引擎可能過信 | 形勢與走位可能過信 | 頭馬跌出前六
2026-01-24 Randwick Race 1-10,7,1-hit,Good 4,Good/Firm,BM58-70,7,Field <=8,Welcometotheshow,3,2,3.5,Short SP<=4,True,stability,4.313333333333333,form_line,3.546666666666667,jockey_trainer,-7.920000000000009,track,-5.2066666666666706,True,0,"[7] Rolling Magic (名次 4, SP $4.40) | [8] Jamberoo (名次 7, SP $7.50) | [6] Welcometotheshow (名次 1, SP $3.50)","[6] Welcometotheshow (名次 1, SP $3.50) | [2] Hellsing (名次 2, SP $16.00) | [3] Sun God (名次 3, SP $2.50)",狀態與穩定性低估 | 賽績線低估 | 形勢與走位可能過信 | 騎練訊號可能過信 | 頭馬仍在前六 | 市場前列馬失手
2026-01-24 Randwick Race 1-10,8,1-hit,Good 4,Good/Firm,Other,9,Field 9-12,Sandpaper,7,1,2.7,Favourite,True,jockey_trainer,5.7466666666666555,,0.0,class_weight,-11.846666666666678,stability,-9.699999999999996,False,1,"[3] Matcha Latte (名次 3, SP $6.50) | [4] War Eternal (名次 9, SP $16.00) | [2] Nellie Leylax (名次 7, SP $10.00)","[1] Sandpaper (名次 1, SP $2.70) | [10] Thunderlips (名次 2, SP $14.00) | [3] Matcha Latte (名次 3, SP $6.50)",騎練訊號低估 | 形勢與走位可能過信 | 頭馬跌出前六 | 市場頭號熱門失手
2026-02-07 Randwick Race 1-10,1,1-hit,Good 4,Good/Firm,BM58-70,14,Field 13+,Zenmaster,14,7,15.0,Longer Odds,False,,0.0,,0.0,stability,-18.546666666666674,class_weight,-16.236666666666657,False,1,"[4] Charleroi (名次 10, SP $5.50) | [6] Starphistocated (名次 2, SP $6.00) | [11] Highborn Harry (名次 12, SP $13.00)","[7] Zenmaster (名次 1, SP $15.00) | [6] Starphistocated (名次 2, SP $6.00) | [1] Cape Byron (名次 3, SP $8.50)",段速與引擎可能過信 | 形勢與走位可能過信 | 頭馬跌出前六
2026-02-07 Randwick Race 1-10,2,0-hit,Good 4,Good/Firm,Other,16,Field 13+,Fingers Hunter,15,4,9.0,Longer Odds,False,jockey_trainer,0.0800000000000125,,0.0,stability,-19.34666666666667,form_line,-10.173333333333318,False,0,"[10] Blend Of Three (名次 6, SP $15.00) | [6] Nimble Star (名次 10, SP $26.00) | [5] Satin Stiletto (名次 7, SP $6.50)","[2] Fingers Hunter (名次 1, SP $9.00) | [17] She Within (名次 2, SP $31.00) | [12] Autumn Break (名次 3, SP $2.60)",形勢與走位可能過信 | 頭馬跌出前六
2026-02-07 Randwick Race 1-10,3,1-hit,Good 4,Good/Firm,Other,10,Field 9-12,Agrarian Girl,7,7,31.0,Longer Odds,False,race_shape,0.5666666666666629,,0.0,form_line,-14.11999999999999,stability,-6.799999999999997,False,1,"[7] Satin Summer (名次 5, SP $6.50) | [5] Spicy Miss (名次 2, SP $3.70) | [6] Lady Moscato (名次 4, SP $3.60)","[10] Agrarian Girl (名次 1, SP $31.00) | [5] Spicy Miss (名次 2, SP $3.70) | [1] Savage Look (名次 3, SP $61.00)",段速與引擎可能過信 | 騎練訊號可能過信 | 頭馬跌出前六
2026-02-07 Randwick Race 1-10,5,1-hit,Good 4,Good/Firm,BM72-84,10,Field 9-12,Kreon,6,6,26.0,Longer Odds,False,race_shape,4.93333333333333,,0.0,stability,-5.746666666666684,sectional,-5.720000000000006,True,1,"[7] Monte Veebee (名次 3, SP $1.60) | [3] Polyglot (名次 8, SP $4.00) | [4] Oakfield Jupiter (名次 6, SP $31.00)","[11] Kreon (名次 1, SP $26.00) | [2] Uzziah (名次 2, SP $20.00) | [7] Monte Veebee (名次 3, SP $1.60)",形勢與走位低估 | 段速與引擎可能過信 | 騎練訊號可能過信 | 頭馬仍在前六
2026-02-07 Randwick Race 1-10,6,1-hit,Good 4,Good/Firm,BM58-70,9,Field 9-12,Cinsault,1,1,2.25,Favourite,True,stability,10.153333333333336,form_line,4.38666666666667,class_weight,-3.306666666666665,race_shape,-2.06666666666667,True,1,"[6] Cinsault (名次 1, SP $2.25) | [3] Candlewick (名次 5, SP $4.40) | [10] Bella Khadijah (名次 6, SP $21.00)","[6] Cinsault (名次 1, SP $2.25) | [7] La Roja (名次 2, SP $4.60) | [15] Bella Corazon (名次 3, SP $10.00)",狀態與穩定性低估 | 騎練訊號低估 | 賽績線低估 | 形勢與走位可能過信 | 頭馬仍在前六 | 市場頭號熱門失手
2026-02-07 Randwick Race 1-10,7,0-hit,Good 4,Good/Firm,Other,16,Field 13+,Fireball,5,1,4.6,Favourite,True,jockey_trainer,7.01333333333335,race_shape,2.066666666666663,stability,-7.279999999999987,class_weight,-5.306666666666658,True,0,"[10] Lassified (名次 14, SP $51.00) | [18] Profitabelle (名次 12, SP $8.00) | [5] Star Of Jamaica (名次 4, SP $9.50)","[4] Fireball (名次 1, SP $4.60) | [12] Ghana's Akan (名次 2, SP $17.00) | [1] Alibaba (名次 3, SP $26.00)",形勢與走位低估 | 騎練訊號低估 | 頭馬仍在前六 | 市場頭號熱門失手
2026-02-14 Flemington Race 1-10,6,0-hit,Good 4,Good/Firm,Other,10,Field 9-12,Berkeley Square,8,5,11.0,Longer Odds,False,jockey_trainer,1.3466666666666711,,0.0,track,-7.726666666666674,class_weight,-3.79999999999999,False,0,"[3] Newfoundland (名次 9, SP $9.50) | [4] Scary (名次 10, SP $6.50) | [2] Saint George (名次 4, SP $2.25)","[1] Berkeley Square (名次 1, SP $11.00) | [6] Garachico (名次 2, SP $26.00) | [11] Steel Run (名次 3, SP $19.00)",段速與引擎可能過信 | 形勢與走位可能過信 | 頭馬跌出前六
2026-02-14 Flemington Race 1-10,7,1-hit,Good 4,Good/Firm,Other,8,Field <=8,Cafe Millenium,1,3,4.6,Market Top3,True,jockey_trainer,8.533333333333331,track,2.440000000000005,class_weight,-2.7366666666666646,race_shape,-0.4333333333333371,True,1,"[2] Cafe Millenium (名次 1, SP $4.60) | [6] Matcha Latte (名次 6, SP $4.20) | [4] Aztec Ruler (名次 8, SP $12.00)","[2] Cafe Millenium (名次 1, SP $4.60) | [5] Sabaj (名次 2, SP $3.10) | [7] Enxuto (名次 3, SP $8.50)",騎練訊號低估 | 場地適性低估 | 頭馬仍在前六 | 市場前列馬失手
2026-02-14 Flemington Race 1-10,9,1-hit,Good 4,Good/Firm,Group 2/3,11,Field 9-12,Sixties,5,1,1.6,Favourite,True,class_weight,7.573333333333338,stability,1.3066666666666578,jockey_trainer,-16.26666666666666,race_shape,-3.0333333333333314,True,1,"[9] Asakura (名次 2, SP $5.50) | [11] Wetumpka (名次 8, SP $31.00) | [6] Romantic Encounter (名次 4, SP $15.00)","[2] Sixties (名次 1, SP $1.60) | [9] Asakura (名次 2, SP $5.50) | [12] Beyond Question (名次 3, SP $31.00)",級數與負重低估 | 形勢與走位可能過信 | 騎練訊號可能過信 | 頭馬仍在前六 | 市場頭號熱門失手
2026-02-14 Flemington Race 1-10,10,1-hit,Good 4,Good/Firm,Group 2/3,10,Field 9-12,Paradise City,4,5,9.5,Longer Odds,False,class_weight,9.146666666666661,sectional,2.296666666666667,stability,-6.846666666666664,jockey_trainer,-6.253333333333337,True,1,"[4] Too Darn Discreet (名次 7, SP $4.60) | [3] Wrote To Arataki (名次 3, SP $3.50) | [9] Grid Girl (名次 8, SP $7.00)","[10] Paradise City (名次 1, SP $9.50) | [7] Sea What I See (名次 2, SP $11.00) | [3] Wrote To Arataki (名次 3, SP $3.50)",段速與引擎低估 | 級數與負重低估 | 形勢與走位可能過信 | 騎練訊號可能過信 | 頭馬仍在前六
2026-02-14 Randwick Race 1-10,1,1-hit,Good 4,Good/Firm,Other,13,Field 13+,Warrior For Peace,9,1,2.9,Favourite,True,jockey_trainer,0.5066666666666606,,0.0,stability,-19.78666666666667,form_line,-9.519999999999996,False,1,"[6] Mr Chips (名次 12, SP $17.00) | [7] Spenzalot (名次 2, SP $8.00) | [19] Rocco Lini (名次 5, SP $71.00)","[8] Warrior For Peace (名次 1, SP $2.90) | [7] Spenzalot (名次 2, SP $8.00) | [2] Silent Call (名次 3, SP $6.50)",頭馬跌出前六 | 市場頭號熱門失手
2026-02-14 Randwick Race 1-10,2,1-hit,Good 4,Good/Firm,BM58-70,12,Field 9-12,Mal Coupe,3,1,3.4,Favourite,True,stability,6.386666666666656,form_line,3.546666666666667,class_weight,-11.343333333333334,track,-4.61333333333333,True,0,"[11] Sea Admiral (名次 12, SP $14.00) | [14] Apache Breeze (名次 7, SP $18.00) | [1] Mal Coupe (名次 1, SP $3.40)","[1] Mal Coupe (名次 1, SP $3.40) | [13] Let's Go Again (名次 2, SP $10.00) | [7] Zoutastic (名次 3, SP $14.00)",狀態與穩定性低估 | 段速與引擎低估 | 形勢與走位低估 | 賽績線低估 | 頭馬仍在前六 | 市場頭號熱門失手
2026-02-14 Randwick Race 1-10,4,1-hit,Good 4,Good/Firm,BM72-84,11,Field 9-12,Amreekiyah,11,5,10.0,Longer Odds,False,,0.0,,0.0,class_weight,-20.166666666666664,stability,-13.206666666666663,False,1,"[5] Duvana (名次 3, SP $10.00) | [11] Miss Kim Kar (名次 6, SP $7.00) | [18] Happy Bellie (名次 8, SP $31.00)","[17] Amreekiyah (名次 1, SP $10.00) | [4] Sovereign Hill (名次 2, SP $1.95) | [5] Duvana (名次 3, SP $10.00)",形勢與走位可能過信 | 頭馬跌出前六
2026-02-14 Randwick Race 1-10,5,1-hit,Good 4,Good/Firm,BM58-70,9,Field 9-12,Jamberoo,8,7,26.0,Longer Odds,False,,0.0,,0.0,stability,-17.29333333333333,class_weight,-9.339999999999996,False,1,"[10] Cross Tasman (名次 2, SP $2.10) | [6] Just Party (名次 5, SP $7.50) | [12] Casual Connection (名次 8, SP $101.00)","[15] Jamberoo (名次 1, SP $26.00) | [10] Cross Tasman (名次 2, SP $2.10) | [2] Hellsing (名次 3, SP $4.00)",形勢與走位可能過信 | 頭馬跌出前六
2026-02-14 Randwick Race 1-10,9,1-hit,Good 4,Good/Firm,Group 2/3,10,Field 9-12,Weeping Woman,1,1,3.4,Favourite,True,track,5.459999999999994,stability,1.9533333333333331,jockey_trainer,-0.7733333333333263,,0.0,True,1,"[4] Weeping Woman (名次 1, SP $3.40) | [11] Super Norwest (名次 8, SP $26.00) | [6] Tuileries (名次 5, SP $9.50)","[4] Weeping Woman (名次 1, SP $3.40) | [2] Manaal (名次 2, SP $4.20) | [7] Verona Rose (名次 3, SP $12.00)",場地適性低估 | 頭馬仍在前六 | 市場頭號熱門失手
2026-02-14 Randwick Race 1-10,10,1-hit,Good 4,Good/Firm,BM58-70,10,Field 9-12,Movin Out,9,8,41.0,Longer Odds,False,,0.0,,0.0,stability,-23.81333333333334,form_line,-11.38666666666667,False,1,"[2] Bunker Hut (名次 3, SP $9.00) | [7] Althoff (名次 8, SP $5.00) | [14] Aerodrome (名次 7, SP $3.30)","[8] Movin Out (名次 1, SP $41.00) | [13] Gatsby's (名次 2, SP $8.50) | [2] Bunker Hut (名次 3, SP $9.00)",段速與引擎可能過信 | 形勢與走位可能過信 | 騎練訊號可能過信 | 頭馬跌出前六
2026-02-28 Flemington Race 1-10,2,1-hit,Good 4,Good/Firm,BM72-84,11,Field 9-12,Dirty Grin,9,4,11.0,Longer Odds,False,jockey_trainer,7.279999999999987,,0.0,stability,-14.933333333333323,class_weight,-9.383333333333326,False,0,"[11] Legacy Bay (名次 4, SP $4.80) | [6] Flying Mikki (名次 10, SP $16.00) | [1] Rue De Royale (名次 2, SP $2.60)","[2] Dirty Grin (名次 1, SP $11.00) | [1] Rue De Royale (名次 2, SP $2.60) | [5] Regal Tycoon (名次 3, SP $11.00)",騎練訊號低估 | 段速與引擎可能過信 | 頭馬跌出前六
2026-02-28 Flemington Race 1-10,6,0-hit,Good 4,Good/Firm,Other,11,Field 9-12,Educated,4,2,3.6,Short SP<=4,True,jockey_trainer,6.999999999999986,race_shape,2.63333333333334,class_weight,-8.286666666666662,stability,-8.260000000000005,True,0,"[7] Befuddle (名次 11, SP $31.00) | [10] Headbanger (名次 5, SP $9.00) | [8] Gwen's Girl (名次 10, SP $9.00)","[6] Educated (名次 1, SP $3.60) | [2] Thanks Gorgeous (名次 2, SP $10.00) | [11] Star Of Omaha (名次 3, SP $101.00)",形勢與走位低估 | 騎練訊號低估 | 頭馬仍在前六 | 市場前列馬失手
2026-02-28 Flemington Race 1-10,7,1-hit,Good 4,Good/Firm,Group 2/3,10,Field 9-12,Birdman,7,1,3.5,Favourite,True,class_weight,3.0600000000000023,,0.0,stability,-18.859999999999992,form_line,-10.453333333333333,False,1,"[6] Holymanz (名次 7, SP $9.00) | [8] Enxuto (名次 2, SP $7.00) | [2] Apulia (名次 5, SP $4.80)","[5] Birdman (名次 1, SP $3.50) | [8] Enxuto (名次 2, SP $7.00) | [9] Mark Twain (名次 3, SP $101.00)",級數與負重低估 | 段速與引擎可能過信 | 形勢與走位可能過信 | 頭馬跌出前六 | 市場頭號熱門失手
2026-02-28 Flemington Race 1-10,9,0-hit,Good 4,Good/Firm,Other,15,Field 13+,Getta Good Feeling,6,7,21.0,Longer Odds,False,jockey_trainer,4.679999999999993,race_shape,4.666666666666657,class_weight,-14.036666666666676,stability,-6.859999999999999,True,0,"[12] Toronado Queen (名次 12, SP $15.00) | [3] Alpha Sofie (名次 13, SP $1.85) | [4] La Astro Chat (名次 7, SP $41.00)","[2] Getta Good Feeling (名次 1, SP $21.00) | [1] Nashville Jack (名次 2, SP $9.00) | [13] Fundamental Nature (名次 3, SP $12.00)",形勢與走位低估 | 騎練訊號低估 | 場地適性低估 | 頭馬仍在前六
2026-02-28 Flemington Race 1-10,10,1-hit,Good 4,Good/Firm,BM72-84,11,Field 9-12,Ambassadorial,3,1,3.4,Favourite,True,stability,1.5600000000000023,,0.0,track,-4.006666666666675,class_weight,-3.703333333333333,True,0,"[7] Fiorenot (名次 5, SP $3.70) | [15] Georgie Get Mad (名次 9, SP $14.00) | [11] Ambassadorial (名次 1, SP $3.40)","[11] Ambassadorial (名次 1, SP $3.40) | [2] Foujita San (名次 2, SP $31.00) | [10] Xtra Rush (名次 3, SP $5.50)",形勢與走位可能過信 | 頭馬仍在前六 | 市場頭號熱門失手
2026-02-28 Randwick Race 1-10,1,0-hit,Soft 6,Soft,BM58-70,13,Field 13+,Bryant,7,1,3.9,Favourite,True,sectional,4.520000000000003,stability,2.6666666666666856,race_shape,-5.700000000000003,jockey_trainer,-4.159999999999997,False,0,"[5] Flightcrew (名次 6, SP $7.50) | [3] Zoutastic (名次 10, SP $13.00) | [11] The New Sinatra (名次 12, SP $26.00)","[10] Bryant (名次 1, SP $3.90) | [2] Shaggy (名次 2, SP $8.00) | [1] Los Padres (名次 3, SP $41.00)",狀態與穩定性低估 | 段速與引擎低估 | 形勢與走位可能過信 | 騎練訊號可能過信 | 頭馬跌出前六 | 市場頭號熱門失手
2026-02-28 Randwick Race 1-10,2,0-hit,Soft 6,Soft,Other,15,Field 13+,Brave Xena,12,2,4.2,Market Top3,True,,0.0,,0.0,stability,-8.306666666666658,race_shape,-7.866666666666674,False,0,"[1] Sir Franklin (名次 4, SP $12.00) | [10] Mrs Goldberg (名次 5, SP $5.50) | [16] Ishikari (名次 12, SP $20.00)","[17] Brave Xena (名次 1, SP $4.20) | [3] Neil (名次 2, SP $3.90) | [2] Satin Stiletto (名次 3, SP $7.00)",段速與引擎可能過信 | 形勢與走位可能過信 | 騎練訊號可能過信 | 頭馬跌出前六 | 市場前列馬失手
2026-02-28 Randwick Race 1-10,4,1-hit,Soft 6,Soft,Group 2/3,8,Field <=8,Spicy Miss,2,2,4.4,Market Top3,True,jockey_trainer,4.506666666666675,class_weight,3.306666666666672,track,-4.079999999999991,race_shape,-1.3666666666666671,True,1,"[3] Lumbini (名次 7, SP $10.00) | [2] Spicy Miss (名次 1, SP $4.40) | [4] Ciaron's Star (名次 6, SP $7.50)","[2] Spicy Miss (名次 1, SP $4.40) | [5] Screen Icon (名次 2, SP $15.00) | [1] By Choice (名次 3, SP $6.50)",騎練訊號低估 | 級數與負重低估 | 頭馬仍在前六 | 市場前列馬失手
2026-02-28 Randwick Race 1-10,5,0-hit,Soft 6,Soft,Group 2/3,10,Field 9-12,Campione D'italia,5,8,41.0,Longer Odds,False,,0.0,,0.0,stability,-13.586666666666659,track,-8.420000000000002,True,0,"[4] Warwoven (名次 4, SP $1.80) | [1] Fireball (名次 6, SP $5.50) | [2] Knightsbridge (名次 8, SP $11.00)","[9] Campione D'italia (名次 1, SP $41.00) | [11] Central Europe (名次 2, SP $11.00) | [3] Star Of Jamaica (名次 3, SP $21.00)",形勢與走位可能過信 | 頭馬仍在前六
2026-02-28 Randwick Race 1-10,6,1-hit,Soft 6,Soft,Group 2/3,10,Field 9-12,Verona Rose,4,3,5.0,Market Top3,True,sectional,1.2666666666666657,form_line,0.8400000000000034,jockey_trainer,-11.47999999999999,track,-9.213333333333331,True,1,"[1] Manaal (名次 2, SP $3.40) | [5] Gerringong (名次 5, SP $4.80) | [11] It's A Knockout (名次 9, SP $19.00)","[4] Verona Rose (名次 1, SP $5.00) | [1] Manaal (名次 2, SP $3.40) | [2] Arctic Glamour (名次 3, SP $12.00)",形勢與走位可能過信 | 騎練訊號可能過信 | 頭馬仍在前六 | 市場前列馬失手
2026-03-07 Flemington Race 1-10,1,1-hit,Good 4,Good/Firm,Other,7,Field <=8,Legacy Bound,4,1,2.35,Favourite,True,stability,7.193333333333328,track,4.140000000000008,class_weight,-9.730000000000004,jockey_trainer,-3.1999999999999957,True,0,"[8] Petit Artiste (名次 6, SP $81.00) | [5] Go Left (名次 7, SP $41.00) | [7] Vangogh Bankcheque (名次 3, SP $3.60)","[1] Legacy Bound (名次 1, SP $2.35) | [3] Burma Star (名次 2, SP $8.00) | [7] Vangogh Bankcheque (名次 3, SP $3.60)",狀態與穩定性低估 | 場地適性低估 | 騎練訊號可能過信 | 頭馬仍在前六 | 市場頭號熱門失手
2026-03-07 Flemington Race 1-10,3,1-hit,Good 4,Good/Firm,Group 2/3,8,Field <=8,Medicinal,3,1,1.8,Favourite,True,class_weight,4.626666666666665,track,2.1666666666666643,stability,-4.286666666666662,form_line,-2.799999999999997,True,0,"[1] Rebel Tuesday (名次 4, SP $7.50) | [3] Simply Steffi (名次 5, SP $10.00) | [2] Medicinal (名次 1, SP $1.80)","[2] Medicinal (名次 1, SP $1.80) | [8] Jadzia (名次 2, SP $9.50) | [4] Scintillation (名次 3, SP $14.00)",級數與負重低估 | 場地適性低估 | 頭馬仍在前六 | 市場頭號熱門失手
2026-03-07 Flemington Race 1-10,4,1-hit,Good 4,Good/Firm,Group 2/3,9,Field 9-12,Scheelite,7,7,15.0,Longer Odds,False,class_weight,10.06000000000001,track,3.6199999999999974,stability,-7.3799999999999955,jockey_trainer,-7.053333333333335,False,1,"[4] On Display (名次 3, SP $4.60) | [2] Cafe Millenium (名次 5, SP $3.80) | [7] Welcometotheshow (名次 9, SP $9.00)","[9] Scheelite (名次 1, SP $15.00) | [1] Here To Shock (名次 2, SP $8.50) | [4] On Display (名次 3, SP $4.60)",級數與負重低估 | 場地適性低估 | 段速與引擎可能過信 | 騎練訊號可能過信 | 頭馬跌出前六
2026-03-07 Flemington Race 1-10,6,1-hit,Good 4,Good/Firm,Group 2/3,10,Field 9-12,Grinzinger Heart,5,10,41.0,Longer Odds,False,race_shape,1.93333333333333,,0.0,stability,-8.446666666666658,class_weight,-6.493333333333332,True,1,"[9] Expensive Taste (名次 3, SP $31.00) | [7] Leopard Shark (名次 8, SP $12.00) | [3] Diameter (名次 4, SP $17.00)","[10] Grinzinger Heart (名次 1, SP $41.00) | [1] Zambales (名次 2, SP $1.65) | [9] Expensive Taste (名次 3, SP $31.00)",騎練訊號可能過信 | 頭馬仍在前六
2026-03-07 Flemington Race 1-10,7,1-hit,Good 4,Good/Firm,Group 1,9,Field 9-12,Tom Kitten,2,2,3.9,Short SP<=4,True,class_weight,2.3200000000000074,,0.0,jockey_trainer,-2.0533333333333275,track,-1.3866666666666632,True,1,"[7] Sabaj (名次 4, SP $21.00) | [1] Tom Kitten (名次 1, SP $3.90) | [6] Watch Me Rock (名次 9, SP $26.00)","[1] Tom Kitten (名次 1, SP $3.90) | [4] Evaporate (名次 2, SP $12.00) | [8] Pride Of Jenni (名次 3, SP $2.35)",級數與負重低估 | 騎練訊號可能過信 | 頭馬仍在前六 | 市場前列馬失手
2026-03-07 Flemington Race 1-10,9,1-hit,Good 4,Good/Firm,Group 1,14,Field 13+,Caballus,8,7,19.0,Longer Odds,False,race_shape,4.633333333333326,,0.0,stability,-9.40666666666668,track,-9.379999999999995,False,0,"[2] Tentyris (名次 5, SP $2.15) | [13] My Gladiola (名次 10, SP $4.80) | [10] Gallant Son (名次 2, SP $61.00)","[6] Caballus (名次 1, SP $19.00) | [10] Gallant Son (名次 2, SP $61.00) | [4] Angel Capital (名次 3, SP $12.00)",形勢與走位低估 | 騎練訊號可能過信 | 頭馬跌出前六
2026-03-07 Flemington Race 1-10,10,1-hit,Good 4,Good/Firm,Other,9,Field 9-12,Arcora,5,8,14.0,Longer Odds,False,class_weight,1.556666666666672,,0.0,track,-6.439999999999998,race_shape,-4.499999999999986,True,0,"[3] Magnaspin (名次 5, SP $9.00) | [2] Whisky On The Hill (名次 6, SP $6.00) | [9] Jenni's Meadow (名次 3, SP $14.00)","[11] Arcora (名次 1, SP $14.00) | [8] Litzdeel (名次 2, SP $13.00) | [9] Jenni's Meadow (名次 3, SP $14.00)",形勢與走位可能過信 | 騎練訊號可能過信 | 頭馬仍在前六
2026-03-07 Randwick Race 1-10,1,1-hit,Good 4,Good/Firm,BM58-70,13,Field 13+,Zenmaster,11,2,4.2,Market Top3,True,,0.0,,0.0,stability,-8.573333333333338,class_weight,-7.066666666666677,False,1,"[4] Iceman (名次 2, SP $3.20) | [9] Dollars (名次 8, SP $10.00) | [5] Tenderize (名次 4, SP $16.00)","[3] Zenmaster (名次 1, SP $4.20) | [4] Iceman (名次 2, SP $3.20) | [7] Kingston Charm (名次 3, SP $12.00)",段速與引擎可能過信 | 形勢與走位可能過信 | 騎練訊號可能過信 | 頭馬跌出前六 | 市場前列馬失手
2026-03-07 Randwick Race 1-10,2,1-hit,Good 4,Good/Firm,Other,9,Field 9-12,Campaldino,1,3,4.4,Market Top3,True,jockey_trainer,6.320000000000007,class_weight,4.3300000000000125,track,-6.960000000000008,sectional,-2.1666666666666643,True,1,"[5] Campaldino (名次 1, SP $4.40) | [14] Unlimited (名次 8, SP $11.00) | [7] Piggyback (名次 4, SP $4.00)","[5] Campaldino (名次 1, SP $4.40) | [8] Athabascan (名次 2, SP $41.00) | [12] Juja Kibo (名次 3, SP $4.20)",狀態與穩定性低估 | 形勢與走位低估 | 騎練訊號低估 | 級數與負重低估 | 段速與引擎可能過信 | 頭馬仍在前六 | 市場前列馬失手
2026-03-07 Randwick Race 1-10,4,1-hit,Good 4,Good/Firm,Group 2/3,8,Field <=8,Paradoxium,4,1,2.6,Favourite,True,class_weight,3.29999999999999,jockey_trainer,3.13333333333334,stability,-4.766666666666666,race_shape,-3.93333333333333,True,0,"[11] Tornado Valley (名次 6, SP $9.00) | [3] Incognito (名次 4, SP $17.00) | [1] Stretan Ruler (名次 2, SP $3.00)","[4] Paradoxium (名次 1, SP $2.60) | [1] Stretan Ruler (名次 2, SP $3.00) | [8] Wolf Gap (名次 3, SP $5.50)",騎練訊號低估 | 級數與負重低估 | 形勢與走位可能過信 | 頭馬仍在前六 | 市場頭號熱門失手
2026-03-07 Randwick Race 1-10,5,1-hit,Good 4,Good/Firm,Other,7,Field <=8,Beadman,4,1,2.3,Favourite,True,jockey_trainer,5.826666666666668,track,5.746666666666663,class_weight,-8.226666666666674,race_shape,-5.133333333333326,True,0,"[6] Caffe Florian (名次 4, SP $5.00) | [9] Horseshoe Hill (名次 6, SP $17.00) | [4] Inkaruna (名次 2, SP $3.50)","[3] Beadman (名次 1, SP $2.30) | [4] Inkaruna (名次 2, SP $3.50) | [1] Hidden Motive (名次 3, SP $9.00)",騎練訊號低估 | 場地適性低估 | 形勢與走位可能過信 | 頭馬仍在前六 | 市場頭號熱門失手
2026-03-07 Randwick Race 1-10,6,1-hit,Good 4,Good/Firm,Group 2/3,12,Field 9-12,Pinito,2,1,3.4,Favourite,True,class_weight,7.110000000000014,stability,0.9799999999999898,track,-2.86666666666666,race_shape,-2.56666666666667,True,1,"[5] Unleeshing (名次 5, SP $3.60) | [2] Pinito (名次 1, SP $3.40) | [1] Quietness (名次 6, SP $7.00)","[2] Pinito (名次 1, SP $3.40) | [10] Starphistocated (名次 2, SP $41.00) | [7] Polymnia (名次 3, SP $10.00)",級數與負重低估 | 形勢與走位可能過信 | 頭馬仍在前六 | 市場頭號熱門失手
2026-03-07 Randwick Race 1-10,7,1-hit,Good 4,Good/Firm,Group 2/3,9,Field 9-12,Generosity,8,5,10.0,Longer Odds,False,track,0.846666666666664,,0.0,class_weight,-15.783333333333324,stability,-9.466666666666654,False,1,"[5] In Flight (名次 7, SP $31.00) | [2] Mazu (名次 3, SP $8.50) | [6] The Black Cloud (名次 8, SP $14.00)","[4] Generosity (名次 1, SP $10.00) | [9] Marhoona (名次 2, SP $9.50) | [2] Mazu (名次 3, SP $8.50)",頭馬跌出前六
2026-03-07 Randwick Race 1-10,10,1-hit,Good 4,Good/Firm,Group 2/3,12,Field 9-12,Gangsta Granny,2,2,2.8,Short SP<=4,True,stability,8.086666666666673,form_line,4.573333333333352,class_weight,-11.626666666666665,track,-6.339999999999989,True,1,"[7] Snow In May (名次 8, SP $14.00) | [2] Gangsta Granny (名次 1, SP $2.80) | [10] Lady Extreme (名次 11, SP $31.00)","[2] Gangsta Granny (名次 1, SP $2.80) | [12] Cosmonova (名次 2, SP $41.00) | [11] Asgarda (名次 3, SP $81.00)",狀態與穩定性低估 | 賽績線低估 | 形勢與走位可能過信 | 頭馬仍在前六 | 市場前列馬失手
2026-03-28 Flemington,1,0-hit,Heavy 8,Heavy,Other,8,Field <=8,Pop Award,7,4,9.0,Longer Odds,False,class_weight,1.8766666666666723,,0.0,stability,-19.953333333333333,form_line,-9.61333333333333,False,0,"[5] She's An Artist (名次 6, SP $2.10) | [7] Fluent (名次 5, SP $31.00) | [3] Gentle Steel (名次 4, SP $4.40)","[1] Pop Award (名次 1, SP $9.00) | [2] Bossy Nic (名次 2, SP $13.00) | [4] She's Got Pizzazz (名次 3, SP $10.00)",段速與引擎可能過信 | 形勢與走位可能過信 | 騎練訊號可能過信 | 頭馬跌出前六
2026-03-28 Flemington,4,1-hit,Heavy 8,Heavy,BM72-84,12,Field 9-12,Stoli Bolli,2,1,3.5,Favourite,True,stability,4.166666666666671,form_line,2.613333333333344,class_weight,-5.0433333333333294,race_shape,-3.8666666666666742,True,1,"[7] Castellar (名次 10, SP $8.50) | [6] Stoli Bolli (名次 1, SP $3.50) | [8] Shining Smile (名次 9, SP $9.50)","[6] Stoli Bolli (名次 1, SP $3.50) | [4] Nimbustwothousand (名次 2, SP $8.00) | [1] Celsius Star (名次 3, SP $18.00)",狀態與穩定性低估 | 賽績線低估 | 形勢與走位可能過信 | 騎練訊號可能過信 | 頭馬仍在前六 | 市場頭號熱門失手
2026-03-28 Flemington,6,0-hit,Heavy 8,Heavy,Other,9,Field 9-12,Thanks Gorgeous,4,6,19.0,Longer Odds,False,form_line,2.066666666666663,stability,1.0999999999999943,jockey_trainer,-11.479999999999997,race_shape,-4.533333333333331,True,0,"[2] Legacy Bound (名次 7, SP $4.00) | [10] Educated (名次 6, SP $4.40) | [6] Military Tycoon (名次 5, SP $51.00)","[9] Thanks Gorgeous (名次 1, SP $19.00) | [1] Tycoon Star (名次 2, SP $9.50) | [4] Bacash (名次 3, SP $31.00)",賽績線低估 | 段速與引擎可能過信 | 形勢與走位可能過信 | 騎練訊號可能過信 | 頭馬仍在前六
2026-03-28 Flemington,7,0-hit,Heavy 8,Heavy,Other,12,Field 9-12,Whisky On The Hill,8,3,6.0,Market Top3,True,track,10.100000000000009,race_shape,6.533333333333324,stability,-15.920000000000016,class_weight,-11.183333333333337,False,0,"[5] Point Nepean (名次 12, SP $81.00) | [12] Bright Legend (名次 8, SP $26.00) | [7] Highland Blaze (名次 6, SP $61.00)","[3] Whisky On The Hill (名次 1, SP $6.00) | [13] Litzdeel (名次 2, SP $2.00) | [2] Paradise Storm (名次 3, SP $7.00)",形勢與走位低估 | 騎練訊號低估 | 場地適性低估 | 段速與引擎可能過信 | 頭馬跌出前六 | 市場前列馬失手
2026-03-28 Flemington,9,1-hit,Heavy 8,Heavy,Maiden,10,Field 9-12,Corniche,6,7,12.0,Longer Odds,False,,0.0,,0.0,track,-14.400000000000006,stability,-12.600000000000001,True,1,"[8] Celerity (名次 10, SP $7.50) | [3] Midwest (名次 3, SP $3.40) | [4] Pisanello (名次 4, SP $5.50)","[6] Corniche (名次 1, SP $12.00) | [10] Unflinching (名次 2, SP $51.00) | [3] Midwest (名次 3, SP $3.40)",形勢與走位可能過信 | 頭馬仍在前六
2026-03-28 Flemington,10,1-hit,Heavy 8,Heavy,Other,13,Field 13+,Al Duca,4,1,3.9,Favourite,True,stability,2.480000000000004,track,1.306666666666672,class_weight,-8.573333333333323,sectional,-3.3599999999999994,True,0,"[11] Justadeel (名次 10, SP $5.50) | [10] Statuario (名次 8, SP $19.00) | [16] Verdad (名次 3, SP $12.00)","[19] Al Duca (名次 1, SP $3.90) | [12] Taken (名次 2, SP $4.60) | [16] Verdad (名次 3, SP $12.00)",狀態與穩定性低估 | 段速與引擎可能過信 | 形勢與走位可能過信 | 頭馬仍在前六 | 市場頭號熱門失手
2026-04-11 Randwick Race 1-10,2,1-hit,Good 4,Good/Firm,Other,9,Field 9-12,Beskar,2,2,5.5,Market Top3,True,track,6.066666666666663,race_shape,3.3999999999999915,class_weight,-5.446666666666658,stability,-4.613333333333344,True,1,"[11] Autumn King (名次 5, SP $15.00) | [1] Beskar (名次 1, SP $5.50) | [9] Azarax (名次 7, SP $31.00)","[1] Beskar (名次 1, SP $5.50) | [8] Mareth (名次 2, SP $13.00) | [4] Regal Award (名次 3, SP $1.90)",形勢與走位低估 | 場地適性低估 | 頭馬仍在前六 | 市場前列馬失手
2026-04-11 Randwick Race 1-10,3,1-hit,Good 4,Good/Firm,Group 2/3,9,Field 9-12,Cherry Bomshell,4,8,17.0,Longer Odds,False,stability,1.8933333333333309,,0.0,track,-8.959999999999994,class_weight,-8.806666666666658,True,1,"[3] Lumbini (名次 5, SP $17.00) | [5] Ciaron's Star (名次 3, SP $21.00) | [4] Screen Icon (名次 6, SP $7.00)","[6] Cherry Bomshell (名次 1, SP $17.00) | [1] Medicinal (名次 2, SP $3.90) | [5] Ciaron's Star (名次 3, SP $21.00)",段速與引擎可能過信 | 形勢與走位可能過信 | 騎練訊號可能過信 | 頭馬仍在前六
2026-04-11 Randwick Race 1-10,4,1-hit,Good 4,Good/Firm,Other,15,Field 13+,Lord Of Biscay,7,1,3.5,Favourite,True,jockey_trainer,9.013333333333321,sectional,1.7233333333333292,stability,-11.166666666666671,class_weight,-11.053333333333327,False,1,"[12] Miss Busslinger (名次 10, SP $26.00) | [9] Imposant (名次 2, SP $21.00) | [6] Buffalo (名次 4, SP $9.00)","[1] Lord Of Biscay (名次 1, SP $3.50) | [9] Imposant (名次 2, SP $21.00) | [5] Matcha Latte (名次 3, SP $4.00)",騎練訊號低估 | 形勢與走位可能過信 | 頭馬跌出前六 | 市場頭號熱門失手
2026-04-11 Randwick Race 1-10,5,1-hit,Good 4,Good/Firm,Group 1,12,Field 9-12,Ohope Wins,5,1,2.6,Favourite,True,track,1.113333333333344,race_shape,1.000000000000007,sectional,-4.140000000000001,class_weight,-3.29999999999999,True,1,"[3] Profoundly (名次 2, SP $3.20) | [4] Soverato (名次 5, SP $7.50) | [9] Satono Invader (名次 10, SP $31.00)","[1] Ohope Wins (名次 1, SP $2.60) | [3] Profoundly (名次 2, SP $3.20) | [2] After Summer (名次 3, SP $9.50)",段速與引擎可能過信 | 騎練訊號可能過信 | 頭馬仍在前六 | 市場頭號熱門失手
2026-04-11 Randwick Race 1-10,6,1-hit,Good 4,Good/Firm,Group 2/3,9,Field 9-12,Tempted,1,1,1.6,Favourite,True,stability,3.1866666666666674,form_line,2.0533333333333417,class_weight,-5.826666666666675,race_shape,-0.10000000000000853,True,1,"[9] Tempted (名次 1, SP $1.60) | [4] Skyhook (名次 6, SP $14.00) | [10] Caffe Florian (名次 5, SP $13.00)","[9] Tempted (名次 1, SP $1.60) | [2] Devil Night (名次 2, SP $14.00) | [3] Grafterburners (名次 3, SP $8.00)",狀態與穩定性低估 | 賽績線低估 | 頭馬仍在前六 | 市場頭號熱門失手
2026-04-11 Randwick Race 1-10,7,1-hit,Good 4,Good/Firm,Group 1,14,Field 13+,Changingoftheguard,12,13,51.0,Longer Odds,False,race_shape,2.299999999999997,jockey_trainer,1.0933333333333337,stability,-23.266666666666666,form_line,-10.919999999999987,False,0,"[10] Juja Kibo (名次 9, SP $10.00) | [13] Newlook (名次 8, SP $13.00) | [15] Highland Bling (名次 3, SP $17.00)","[3] Changingoftheguard (名次 1, SP $51.00) | [4] Soul Of Spain (名次 2, SP $8.00) | [15] Highland Bling (名次 3, SP $17.00)",形勢與走位低估 | 段速與引擎可能過信 | 頭馬跌出前六
2026-04-11 Randwick Race 1-10,10,1-hit,Good 4,Good/Firm,Group 2/3,12,Field 9-12,In Flight,9,5,15.0,Longer Odds,False,race_shape,6.099999999999994,track,5.313333333333347,stability,-25.22,form_line,-13.720000000000013,False,1,"[3] Gangsta Granny (名次 3, SP $2.05) | [4] Catch The Glory (名次 12, SP $12.00) | [6] Flying For Fun (名次 9, SP $3.60)","[5] In Flight (名次 1, SP $15.00) | [2] Infancy (名次 2, SP $51.00) | [3] Gangsta Granny (名次 3, SP $2.05)",形勢與走位低估 | 場地適性低估 | 段速與引擎可能過信 | 騎練訊號可能過信 | 頭馬跌出前六
2026-04-18 Randwick,2,0-hit,Good 4,Good/Firm,Other,13,Field 13+,Ishikari,7,5,11.0,Longer Odds,False,jockey_trainer,2.240000000000002,class_weight,1.3900000000000006,stability,-5.666666666666657,track,-4.920000000000009,False,0,"[14] Bonnie Murringo (名次 5, SP $11.00) | [13] Andale Andale (名次 9, SP $16.00) | [7] Christa (名次 10, SP $21.00)","[10] Ishikari (名次 1, SP $11.00) | [3] Occult (名次 2, SP $5.50) | [17] Tanglewood Jimmy (名次 3, SP $18.00)",騎練訊號低估 | 形勢與走位可能過信 | 頭馬跌出前六
2026-04-18 Randwick,3,1-hit,Good 4,Good/Firm,BM58-70,11,Field 9-12,Signor Tortoni,1,1,5.5,Favourite,True,stability,4.393333333333331,race_shape,3.5999999999999943,sectional,-0.3133333333333326,,0.0,True,1,"[2] Signor Tortoni (名次 1, SP $5.50) | [12] Shirvington (名次 10, SP $21.00) | [10] Asgarda (名次 7, SP $21.00)","[2] Signor Tortoni (名次 1, SP $5.50) | [3] De Bergerac (名次 2, SP $10.00) | [8] Bandi's Boy (名次 3, SP $19.00)",狀態與穩定性低估 | 形勢與走位低估 | 場地適性低估 | 頭馬仍在前六 | 市場頭號熱門失手
2026-04-18 Randwick,4,1-hit,Good 4,Good/Firm,Group 2/3,10,Field 9-12,Snitzel Dancer,4,7,21.0,Longer Odds,False,class_weight,6.506666666666668,race_shape,3.86666666666666,jockey_trainer,-15.053333333333327,stability,-11.326666666666668,True,1,"[4] Tomato Toastie (名次 8, SP $5.50) | [1] Plaintiff (名次 2, SP $2.15) | [11] Little Iris (名次 10, SP $21.00)","[10] Snitzel Dancer (名次 1, SP $21.00) | [1] Plaintiff (名次 2, SP $2.15) | [3] Karinska (名次 3, SP $7.50)",形勢與走位低估 | 級數與負重低估 | 騎練訊號可能過信 | 頭馬仍在前六
2026-04-18 Randwick,6,1-hit,Good 4,Good/Firm,Group 2/3,13,Field 13+,Asterix,1,9,16.0,Longer Odds,False,jockey_trainer,6.466666666666669,class_weight,5.3033333333333275,sectional,-1.4366666666666674,stability,-0.6599999999999966,True,1,"[1] Asterix (名次 1, SP $16.00) | [15] Bear On The Loose (名次 4, SP $5.50) | [6] Encoder (名次 6, SP $12.00)","[1] Asterix (名次 1, SP $16.00) | [13] You Wahng (名次 2, SP $9.00) | [5] Travolta (名次 3, SP $3.80)",騎練訊號低估 | 級數與負重低估 | 場地適性低估 | 賽績線低估 | 頭馬仍在前六
2026-04-18 Randwick,8,1-hit,Good 4,Good/Firm,Group 2/3,9,Field 9-12,Mazu,5,2,3.7,Short SP<=4,True,race_shape,5.700000000000003,jockey_trainer,0.9200000000000017,class_weight,-17.560000000000002,form_line,-11.106666666666655,True,1,"[1] Private Eye (名次 3, SP $3.30) | [10] Brave One (名次 9, SP $19.00) | [9] Mal Coupe (名次 6, SP $12.00)","[4] Mazu (名次 1, SP $3.70) | [7] King's Secret (名次 2, SP $7.50) | [1] Private Eye (名次 3, SP $3.30)",形勢與走位低估 | 段速與引擎可能過信 | 頭馬仍在前六 | 市場前列馬失手
2026-04-18 Randwick,9,0-hit,Good 4,Good/Firm,Group 1,13,Field 13+,Beiwacht,9,3,6.5,Market Top3,True,race_shape,8.266666666666659,jockey_trainer,6.786666666666676,form_line,-24.57333333333333,class_weight,-7.233333333333327,False,0,"[5] Half Yours (名次 9, SP $26.00) | [6] Pericles (名次 7, SP $9.50) | [11] Fangirl (名次 8, SP $12.00)","[14] Beiwacht (名次 1, SP $6.50) | [12] Lazzura (名次 2, SP $15.00) | [2] Jimmysstar (名次 3, SP $5.50)",形勢與走位低估 | 騎練訊號低估 | 場地適性低估 | 頭馬跌出前六 | 市場前列馬失手
2026-04-18 Randwick,10,1-hit,Good 4,Good/Firm,BM58-70,12,Field 9-12,Captain Furai,1,1,3.3,Favourite,True,track,7.806666666666658,stability,6.060000000000002,jockey_trainer,-5.799999999999997,form_line,-1.2399999999999949,True,1,"[18] Captain Furai (名次 1, SP $3.30) | [16] God's Window (名次 4, SP $15.00) | [6] Lord Penman (名次 8, SP $6.50)","[18] Captain Furai (名次 1, SP $3.30) | [13] Snow In May (名次 2, SP $11.00) | [9] Cool Jakey (名次 3, SP $4.20)",狀態與穩定性低估 | 形勢與走位低估 | 場地適性低估 | 騎練訊號可能過信 | 頭馬仍在前六 | 市場頭號熱門失手
2026-04-25 Flemington Race 1-8,2,0-hit,Good 4,Good/Firm,BM58-70,12,Field 9-12,Concord Connie,6,2,3.6,Short SP<=4,True,class_weight,13.423333333333325,,0.0,race_shape,-10.933333333333337,stability,-9.50666666666666,True,0,"[6] Carriedo (名次 12, SP $2.80) | [4] Cafe Au Lait (名次 10, SP $4.60) | [5] Cardamom (名次 4, SP $10.00)","[8] Concord Connie (名次 1, SP $3.60) | [14] Two To Tango (名次 2, SP $31.00) | [7] Cooly (名次 3, SP $26.00)",級數與負重低估 | 段速與引擎可能過信 | 形勢與走位可能過信 | 騎練訊號可能過信 | 頭馬仍在前六 | 市場前列馬失手
2026-04-25 Flemington Race 1-8,3,1-hit,Good 4,Good/Firm,Other,10,Field 9-12,Blind Raise,1,1,2.15,Favourite,True,jockey_trainer,4.639999999999986,track,2.186666666666653,form_line,-1.6133333333333297,race_shape,-1.06666666666667,True,1,"[1] Blind Raise (名次 1, SP $2.15) | [3] Drumfire (名次 8, SP $6.50) | [11] Nialah (名次 6, SP $21.00)","[1] Blind Raise (名次 1, SP $2.15) | [9] Profligate (名次 2, SP $7.50) | [2] Seraphox (名次 3, SP $4.40)",騎練訊號低估 | 場地適性低估 | 頭馬仍在前六 | 市場頭號熱門失手
2026-04-25 Flemington Race 1-8,4,1-hit,Good 4,Good/Firm,BM58-70,14,Field 13+,Mr Blunt,5,5,16.0,Longer Odds,False,,0.0,,0.0,stability,-6.620000000000019,form_line,-4.2933333333333366,True,1,"[2] Mukhtalif (名次 14, SP $2.70) | [15] Cavalry (名次 2, SP $4.40) | [6] First Chorus (名次 9, SP $3.80)","[16] Mr Blunt (名次 1, SP $16.00) | [15] Cavalry (名次 2, SP $4.40) | [3] Skippers Canyon (名次 3, SP $11.00)",段速與引擎可能過信 | 騎練訊號可能過信 | 頭馬仍在前六
2026-04-25 Flemington Race 1-8,6,1-hit,Good 4,Good/Firm,Other,17,Field 13+,Silvasista,2,2,3.7,Short SP<=4,True,class_weight,6.159999999999997,sectional,2.903333333333336,stability,-5.8999999999999915,jockey_trainer,-2.2533333333333303,True,1,"[4] Haiiro (名次 11, SP $26.00) | [16] Silvasista (名次 1, SP $3.70) | [11] He's On Song (名次 8, SP $91.00)","[16] Silvasista (名次 1, SP $3.70) | [8] Finance Merchant (名次 2, SP $16.00) | [7] Chillies (名次 3, SP $18.00)",段速與引擎低估 | 級數與負重低估 | 騎練訊號可能過信 | 頭馬仍在前六 | 市場前列馬失手
2026-04-25 Flemington Race 1-8,7,0-hit,Good 4,Good/Firm,BM58-70,14,Field 13+,Too Darn Discreet,5,5,14.0,Longer Odds,False,class_weight,7.553333333333335,jockey_trainer,7.066666666666663,stability,-14.606666666666662,form_line,-7.186666666666682,True,0,"[15] Zakouma (名次 7, SP $2.05) | [13] Bring Forth (名次 11, SP $5.00) | [3] Etna Rosso (名次 4, SP $61.00)","[6] Too Darn Discreet (名次 1, SP $14.00) | [1] Land Legend (名次 2, SP $26.00) | [4] Plymouth (名次 3, SP $10.00)",段速與引擎低估 | 騎練訊號低估 | 級數與負重低估 | 頭馬仍在前六
2026-04-25 Flemington Race 1-8,8,1-hit,Good 4,Good/Firm,BM58-70,15,Field 13+,Capper Thirtynine,14,12,31.0,Longer Odds,False,track,6.066666666666663,,0.0,stability,-19.000000000000007,form_line,-11.200000000000003,False,1,"[11] Cripps (名次 3, SP $3.60) | [3] Everain (名次 5, SP $8.00) | [6] Theblade (名次 7, SP $5.50)","[18] Capper Thirtynine (名次 1, SP $31.00) | [9] Lovelycut (名次 2, SP $8.50) | [11] Cripps (名次 3, SP $3.60)",場地適性低估 | 段速與引擎可能過信 | 形勢與走位可能過信 | 頭馬跌出前六
2026-04-25 Randwick Race 1-8,1,1-hit,Good 4,Good/Firm,Other,10,Field 9-12,Bangkok Hottie,7,1,3.9,Favourite,True,class_weight,11.899999999999999,stability,2.0800000000000054,jockey_trainer,-14.253333333333323,race_shape,-5.100000000000001,False,1,"[15] Jaipur Maison (名次 8, SP $16.00) | [1] Extremely Tempted (名次 3, SP $4.00) | [7] Lady Catalina (名次 5, SP $19.00)","[2] Bangkok Hottie (名次 1, SP $3.90) | [14] Keen To Exceed (名次 2, SP $17.00) | [1] Extremely Tempted (名次 3, SP $4.00)",狀態與穩定性低估 | 級數與負重低估 | 形勢與走位可能過信 | 騎練訊號可能過信 | 頭馬跌出前六 | 市場頭號熱門失手
2026-04-25 Randwick Race 1-8,2,1-hit,Good 4,Good/Firm,BM58-70,10,Field 9-12,Enamorada,2,1,3.9,Favourite,True,form_line,9.559999999999988,sectional,3.2366666666666646,class_weight,-5.173333333333325,race_shape,-4.200000000000003,True,1,"[5] Deep Pleasure (名次 7, SP $6.50) | [3] Enamorada (名次 1, SP $3.90) | [2] Valorous Power (名次 9, SP $61.00)","[3] Enamorada (名次 1, SP $3.90) | [11] Mr Miller (名次 2, SP $5.50) | [7] Night Agent (名次 3, SP $5.00)",狀態與穩定性低估 | 段速與引擎低估 | 賽績線低估 | 形勢與走位可能過信 | 頭馬仍在前六 | 市場頭號熱門失手
2026-04-25 Randwick Race 1-8,3,1-hit,Good 4,Good/Firm,BM58-70,11,Field 9-12,Cantiamo,9,1,2.7,Favourite,True,sectional,3.3100000000000023,jockey_trainer,0.826666666666668,class_weight,-15.590000000000003,stability,-10.786666666666662,False,0,"[9] Everyone's A Star (名次 5, SP $17.00) | [2] Jellicious (名次 8, SP $6.00) | [13] Spice Baby (名次 3, SP $6.00)","[6] Cantiamo (名次 1, SP $2.70) | [12] Ernaux (名次 2, SP $10.00) | [13] Spice Baby (名次 3, SP $6.00)",段速與引擎低估 | 形勢與走位可能過信 | 頭馬跌出前六 | 市場頭號熱門失手
2026-04-25 Randwick Race 1-8,7,0-hit,Good 4,Good/Firm,BM58-70,10,Field 9-12,Hellsing,4,1,3.6,Favourite,True,race_shape,8.033333333333331,track,2.1866666666666816,class_weight,-13.556666666666672,jockey_trainer,-8.599999999999987,True,0,"[11] Kintyre (名次 10, SP $21.00) | [4] El Castello (名次 9, SP $7.00) | [8] Caboche (名次 8, SP $31.00)","[10] Hellsing (名次 1, SP $3.60) | [6] Encap (名次 2, SP $7.00) | [1] Cristal Clear (名次 3, SP $3.90)",形勢與走位低估 | 場地適性低估 | 騎練訊號可能過信 | 頭馬仍在前六 | 市場頭號熱門失手
2026-04-25 Randwick Race 1-8,8,1-hit,Good 4,Good/Firm,BM58-70,13,Field 13+,Nobler,7,1,3.0,Favourite,True,jockey_trainer,2.8799999999999955,form_line,1.8933333333333309,class_weight,-8.57333333333333,sectional,-2.279999999999994,False,0,"[15] Black Babylon (名次 9, SP $61.00) | [9] King Pedro (名次 7, SP $21.00) | [4] Bella Montagna (名次 2, SP $21.00)","[19] Nobler (名次 1, SP $3.00) | [4] Bella Montagna (名次 2, SP $21.00) | [1] Uzziah (名次 3, SP $7.50)",騎練訊號低估 | 段速與引擎可能過信 | 頭馬跌出前六 | 市場頭號熱門失手
